word1,word2,combined,frequency
ಡಾರ್ಕ್,ವೆಬ್,ಡಾರ್ಕ್ವೆಬ್,high
ಬಿಟ್,ಕಾಯಿನ್,ಬಿಟ್ಕಾಯಿನ್,high
ವೆಬ್,ಸೈಟ್,ವೆಬ್ಸೈಟ್,high
ಸೈಟ್,ಗಳು,ಸೈಟ್ಗಳು,high
ಡಾರ್ಕ್,ನೆಟ್,ಡಾರ್ಕ್ನೆಟ್,high
ವೆಬ್,ನಲ್ಲಿ,ವೆಬ್ನಲ್ಲಿ,high
ನೆಟ್,ವರ್ಕ್,ನೆಟ್ವರ್ಕ್,medium
ವೆಬ್,ಅನ್ನು,ವೆಬ್ಅನ್ನು,medium
ಎಂದು,ಕರೆಯಲಾಗುತ್ತದೆ,ಎಂದುಕರೆಯಲಾಗುತ್ತದೆ,medium
ಡೀಪ್,ವೆಬ್,ಡೀಪ್ವೆಬ್,medium
ಸೈಟ್,ಗಳ,ಸೈಟ್ಗಳ,medium
ಮತ್ತು,ಡಾರ್ಕ್,ಮತ್ತುಡಾರ್ಕ್,medium
ಗಳು,ಮತ್ತು,ಗಳುಮತ್ತು,medium
ಚಂದ್ರಶೇಖರ್,ರಾವ್,ಚಂದ್ರಶೇಖರ್ರಾವ್,medium
ವರ್ಲ್ಡ್,ವೈಡ್,ವರ್ಲ್ಡ್ವೈಡ್,medium
ವೈಡ್,ವೆಬ್,ವೈಡ್ವೆಬ್,medium
ಸಿಲ್ಕ್,ರೋಡ್,ಸಿಲ್ಕ್ರೋಡ್,medium
ಮತ್ತು,ಇದನ್ನು,ಮತ್ತುಇದನ್ನು,low
ಎಂದು,ಕರೆಯುತ್ತಾರೆ,ಎಂದುಕರೆಯುತ್ತಾರೆ,low
ಮತ್ತು,ಅವರ,ಮತ್ತುಅವರ,low
ವೆಬ್,ಮೂಲಕ,ವೆಬ್ಮೂಲಕ,low
ಎನ್,ಕ್ರಿಪ್ಟ್,ಎನ್ಕ್ರಿಪ್ಟ್,low
ಗಳ,ಮೂಲಕ,ಗಳಮೂಲಕ,low
ಟಾರ್,ಬ್ರೌಸರ್,ಟಾರ್ಬ್ರೌಸರ್,low
ಫೇಸ್,ಬುಕ್,ಫೇಸ್ಬುಕ್,low
ಕ್ಕೂ,ಹೆಚ್ಚು,ಕ್ಕೂಹೆಚ್ಚು,low
ಮಕ್ಕಳ,ಅಶ್ಲೀಲ,ಮಕ್ಕಳಅಶ್ಲೀಲ,low
ಸೈಟ್,ಅನ್ನು,ಸೈಟ್ಅನ್ನು,low
ಡಿ,ಡಬ್ಲ್ಯೂ,ಡಿಡಬ್ಲ್ಯೂ,low
ಡಬ್ಲ್ಯೂ,ಎಸ್,ಡಬ್ಲ್ಯೂಎಸ್,low
ಎಸ್,ಎನ್,ಎಸ್ಎನ್,low
ಮೀ,ದೂರದಲ್ಲಿಯೂ,ಮೀದೂರದಲ್ಲಿಯೂ,low
೧೮,ಕಿ,೧೮ಕಿ,low
ಕಿ,ಮೀ,ಕಿಮೀ,low
ಇತಿಹಾಸಕಾರ,ಕಾಮತ್,ಇತಿಹಾಸಕಾರಕಾಮತ್,low
ಮೂರು,ದೇವಾಲಯಗಳ,ಮೂರುದೇವಾಲಯಗಳ,low
ಎಲ್ಲಾ,ಮೂರು,ಎಲ್ಲಾಮೂರು,low
ರಾವ್,ಅವರ,ರಾವ್ಅವರ,low
ಕರೆಯಲಾಗುತ್ತದೆ,ಕೋಶದ್ರವದ,ಕರೆಯಲಾಗುತ್ತದೆಕೋಶದ್ರವದ,low
ಮತ್ತು,ಸಾಮಾನ್ಯವಾಗಿ,ಮತ್ತುಸಾಮಾನ್ಯವಾಗಿ,low
ವೆಬ್,ಗೆ,ವೆಬ್ಗೆ,low
ಗೆ,ಸಂಬಂಧಿಸಿದ,ಗೆಸಂಬಂಧಿಸಿದ,low
ಸಾಫ್ಟ್,ವೇರ್,ಸಾಫ್ಟ್ವೇರ್,low
ಗಳು,ಅಥವಾ,ಗಳುಅಥವಾ,low
ವರ್ಕ್,ಗಳು,ವರ್ಕ್ಗಳು,low
ಮಾಡಬಹುದು,ಮತ್ತು,ಮಾಡಬಹುದುಮತ್ತು,low
ಸಣ್ಣ,ಭಾಗವನ್ನು,ಸಣ್ಣಭಾಗವನ್ನು,low
ಭಾಗವನ್ನು,ರೂಪಿಸುತ್ತದೆ,ಭಾಗವನ್ನುರೂಪಿಸುತ್ತದೆ,low
ಎಂಬ,ಪದವನ್ನು,ಎಂಬಪದವನ್ನು,low
ಸಂಸ್ಥೆಗಳು,ಮತ್ತು,ಸಂಸ್ಥೆಗಳುಮತ್ತು,low
ಸಾಮಾನ್ಯ,ವೆಬ್,ಸಾಮಾನ್ಯವೆಬ್,low
ಉನ್ನತ,ಮಟ್ಟದ,ಉನ್ನತಮಟ್ಟದ,low
ಆನಿಯನ್,ರೂಟಿಂಗ್,ಆನಿಯನ್ರೂಟಿಂಗ್,low
ಕರೆಯಲ್ಪಡುವ,ಡಾರ್ಕ್,ಕರೆಯಲ್ಪಡುವಡಾರ್ಕ್,low
ಸೈಟ್,ಗಳನ್ನು,ಸೈಟ್ಗಳನ್ನು,low
ಬ್ರೌಸರ್,ಗಳು,ಬ್ರೌಸರ್ಗಳು,low
ಅನುವು,ಮಾಡಿಕೊಡುತ್ತದೆ,ಅನುವುಮಾಡಿಕೊಡುತ್ತದೆ,low
ನೆಟ್,ಬಳಕೆದಾರರ,ನೆಟ್ಬಳಕೆದಾರರ,low
ಎನ್,ಕ್ರಿಪ್ಶನ್,ಎನ್ಕ್ರಿಪ್ಶನ್,low
ಟ್ರ್ಯಾಕ್,ಮಾಡಲು,ಟ್ರ್ಯಾಕ್ಮಾಡಲು,low
ಮತ್ತು,ಅನಾಮಧೇಯತೆಯನ್ನು,ಮತ್ತುಅನಾಮಧೇಯತೆಯನ್ನು,low
ಗಳು,ತಮ್ಮ,ಗಳುತಮ್ಮ,low
ಟಾರ್,ನಲ್ಲಿ,ಟಾರ್ನಲ್ಲಿ,low
ಮಕ್ಕಳ,ಅಶ್ಲೀಲತೆ,ಮಕ್ಕಳಅಶ್ಲೀಲತೆ,low
ರಾನ್,ಸಮ್,ರಾನ್ಸಮ್,low
ಸಮ್,ವೇರ್,ಸಮ್ವೇರ್,low
ಹಲವಾರು,ಡಾರ್ಕ್,ಹಲವಾರುಡಾರ್ಕ್,low
ಬೋಟ್,ನೆಟ್ಸ್,ಬೋಟ್ನೆಟ್ಸ್,low
ಆಧಾರದ,ಮೇಲೆ,ಆಧಾರದಮೇಲೆ,low
ನೆಟ್,ಮಾರುಕಟ್ಟೆಗಳು,ನೆಟ್ಮಾರುಕಟ್ಟೆಗಳು,low
ಕಾಯಿನ್,ಅನ್ನು,ಕಾಯಿನ್ಅನ್ನು,low
ವೆಬ್,ಮಾರುಕಟ್ಟೆ,ವೆಬ್ಮಾರುಕಟ್ಟೆ,low
ಅವಕಾಶ,ಮಾಡಿಕೊಟ್ಟಿದೆ,ಅವಕಾಶಮಾಡಿಕೊಟ್ಟಿದೆ,low
ಎವಲ್ಯೂಷನ್,ನಲ್ಲಿ,ಎವಲ್ಯೂಷನ್ನಲ್ಲಿ,low
ಅಕ್ರಮ,ಔಷಧಿಗಳ,ಅಕ್ರಮಔಷಧಿಗಳ,low
ಕಾಯಿನ್,ಸೇವೆಗಳು,ಕಾಯಿನ್ಸೇವೆಗಳು,low
ಆನ್,ಲೈನ್,ಆನ್ಲೈನ್,low
ನೆಟ್,ಮಾರುಕಟ್ಟೆ,ನೆಟ್ಮಾರುಕಟ್ಟೆ,low
ಸೈಬರ್,ಕ್ರಿಮಿನಲ್,ಸೈಬರ್ಕ್ರಿಮಿನಲ್,low
ಮೇಲ್ವಿಚಾರಣೆ,ಮಾಡುವ,ಮೇಲ್ವಿಚಾರಣೆಮಾಡುವ,low
ಚಾಟ್,ಜಿಪಿಟಿ,ಚಾಟ್ಜಿಪಿಟಿ,low
ಮತ್ತು,ವಂಚನೆ,ಮತ್ತುವಂಚನೆ,low
೨೦೧೫,ರಲ್ಲಿ,೨೦೧೫ರಲ್ಲಿ,low
ಸಹಾಯ,ಮಾಡಲು,ಸಹಾಯಮಾಡಲು,low
ಮತ್ತು,ಇತರ,ಮತ್ತುಇತರ,low
ಅಶ್ಲೀಲತೆ,ಡಾರ್ಕ್,ಅಶ್ಲೀಲತೆಡಾರ್ಕ್,low
ಮಕ್ಕಳ,ಅಶ್ಲೀಲತೆಯನ್ನು,ಮಕ್ಕಳಅಶ್ಲೀಲತೆಯನ್ನು,low
ಸದಸ್ಯರನ್ನು,ಹೊಂದಿರುವ,ಸದಸ್ಯರನ್ನುಹೊಂದಿರುವ,low
ಎಂಬ,ವೆಬ್,ಎಂಬವೆಬ್,low
ಮಾಡುವ,ಮೂಲಕ,ಮಾಡುವಮೂಲಕ,low
೦೦,೦೦೦,೦೦೦೦೦,low
೦೦೦,ಕ್ಕೂ,೦೦೦ಕ್ಕೂ,low
ಅತಿದೊಡ್ಡ,ಮಕ್ಕಳ,ಅತಿದೊಡ್ಡಮಕ್ಕಳ,low
ಪ್ಲಾಟ್,ಫಾರ್ಮ್,ಪ್ಲಾಟ್ಫಾರ್ಮ್,low
ಸೈಟ್,ಗಳಿವೆ,ಸೈಟ್ಗಳಿವೆ,low
ಸಾಮಾಜಿಕ,ಮಾಧ್ಯಮ,ಸಾಮಾಜಿಕಮಾಧ್ಯಮ,low
ಸಾಮಾಜಿಕ,ನೆಟ್,ಸಾಮಾಜಿಕನೆಟ್,low
ಕುವೆಂಪು,ವಿಶ್ವವಿದ್ಯಾನಿಲಯ,ಕುವೆಂಪುವಿಶ್ವವಿದ್ಯಾನಿಲಯ,low
ವಿಶ್ವವಿದ್ಯಾನಿಲಯ,ಕರ್ನಾಟಕ,ವಿಶ್ವವಿದ್ಯಾನಿಲಯಕರ್ನಾಟಕ,low
ಕರ್ನಾಟಕ,ರಾಜ್ಯದಲ್ಲಿರುವ,ಕರ್ನಾಟಕರಾಜ್ಯದಲ್ಲಿರುವ,low
ರಾಜ್ಯದಲ್ಲಿರುವ,ವಿಶ್ವವಿದ್ಯಾನಿಲಯಗಳಲ್ಲಿ,ರಾಜ್ಯದಲ್ಲಿರುವವಿಶ್ವವಿದ್ಯಾನಿಲಯಗಳಲ್ಲಿ,low
ವಿಶ್ವವಿದ್ಯಾನಿಲಯಗಳಲ್ಲಿ,ಒಂದು,ವಿಶ್ವವಿದ್ಯಾನಿಲಯಗಳಲ್ಲಿಒಂದು,low
ಒಂದು,ಇದರ,ಒಂದುಇದರ,low
ಇದರ,ಧ್ಯೇಯವಾಕ್ಯ,ಇದರಧ್ಯೇಯವಾಕ್ಯ,low
ಧ್ಯೇಯವಾಕ್ಯ,ವಿಶ್ವಮಾನವ,ಧ್ಯೇಯವಾಕ್ಯವಿಶ್ವಮಾನವ,low
ವಿಶ್ವಮಾನವ,ಪರಿಕಲ್ಪನೆಯನ್ನು,ವಿಶ್ವಮಾನವಪರಿಕಲ್ಪನೆಯನ್ನು,low
ಪರಿಕಲ್ಪನೆಯನ್ನು,ಒಳಗೊಂಡಿದೆ,ಪರಿಕಲ್ಪನೆಯನ್ನುಒಳಗೊಂಡಿದೆ,low
ಒಳಗೊಂಡಿದೆ,ಮನುಜಮತ,ಒಳಗೊಂಡಿದೆಮನುಜಮತ,low
ಮನುಜಮತ,ವಿಶ್ವಪಥ,ಮನುಜಮತವಿಶ್ವಪಥ,low
ವಿಶ್ವಪಥ,ಸರ್ವೋದಯ,ವಿಶ್ವಪಥಸರ್ವೋದಯ,low
ಸರ್ವೋದಯ,ಸಮನ್ವಯ,ಸರ್ವೋದಯಸಮನ್ವಯ,low
ಸಮನ್ವಯ,ಪೂರ್ಣದೃಷ್ಠಿ,ಸಮನ್ವಯಪೂರ್ಣದೃಷ್ಠಿ,low
ಪೂರ್ಣದೃಷ್ಠಿ,ಎಂಬ,ಪೂರ್ಣದೃಷ್ಠಿಎಂಬ,low
ಎಂಬ,ಮಾತುಗಳೊಂದಿಗೆ,ಎಂಬಮಾತುಗಳೊಂದಿಗೆ,low
ಮಾತುಗಳೊಂದಿಗೆ,ಲಾಂಛನವನ್ನು,ಮಾತುಗಳೊಂದಿಗೆಲಾಂಛನವನ್ನು,low
ಲಾಂಛನವನ್ನು,ಮಾಡಲಾಗಿದೆ,ಲಾಂಛನವನ್ನುಮಾಡಲಾಗಿದೆ,low
ಮಾಡಲಾಗಿದೆ,ಪರಿಚಯ,ಮಾಡಲಾಗಿದೆಪರಿಚಯ,low
ವಿಶ್ವವಿದ್ಯಾನಿಲಯವನ್ನು,ಕನ್ನಡ,ವಿಶ್ವವಿದ್ಯಾನಿಲಯವನ್ನುಕನ್ನಡ,low
ಕನ್ನಡ,ಸಾಹಿತ್ಯಲೋಕದ,ಕನ್ನಡಸಾಹಿತ್ಯಲೋಕದ,low
ಸಾಹಿತ್ಯಲೋಕದ,ಅಗ್ರಗಣ್ಯರಲ್ಲೊಬ್ಬರಾದ,ಸಾಹಿತ್ಯಲೋಕದಅಗ್ರಗಣ್ಯರಲ್ಲೊಬ್ಬರಾದ,low
ಅಗ್ರಗಣ್ಯರಲ್ಲೊಬ್ಬರಾದ,ಜ್ಞಾನಪೀಠ,ಅಗ್ರಗಣ್ಯರಲ್ಲೊಬ್ಬರಾದಜ್ಞಾನಪೀಠ,low
ಜ್ಞಾನಪೀಠ,ಪ್ರಶಸ್ತಿ,ಜ್ಞಾನಪೀಠಪ್ರಶಸ್ತಿ,low
ಪ್ರಶಸ್ತಿ,ವಿಜೇತ,ಪ್ರಶಸ್ತಿವಿಜೇತ,low
ವಿಜೇತ,ರಾಷ್ಟ್ರಕವಿ,ವಿಜೇತರಾಷ್ಟ್ರಕವಿ,low
ರಾಷ್ಟ್ರಕವಿ,ಕುವೆಂಪು,ರಾಷ್ಟ್ರಕವಿಕುವೆಂಪು,low
ಕುವೆಂಪು,ಅವರ,ಕುವೆಂಪುಅವರ,low
ಅವರ,ಹೆಸರಿನಲ್ಲಿ,ಅವರಹೆಸರಿನಲ್ಲಿ,low
ಹೆಸರಿನಲ್ಲಿ,೧೯೮೭ನೇ,ಹೆಸರಿನಲ್ಲಿ೧೯೮೭ನೇ,low
೧೯೮೭ನೇ,ಇಸ್ವಿ,೧೯೮೭ನೇಇಸ್ವಿ,low
ಇಸ್ವಿ,ಜೂನ್,ಇಸ್ವಿಜೂನ್,low
ಜೂನ್,೨೯ರಂದು,ಜೂನ್೨೯ರಂದು,low
೨೯ರಂದು,ಪ್ರಾರಂಭಿಸಲಾಯಿತು,೨೯ರಂದುಪ್ರಾರಂಭಿಸಲಾಯಿತು,low
ಪ್ರಾರಂಭಿಸಲಾಯಿತು,ಇದರ,ಪ್ರಾರಂಭಿಸಲಾಯಿತುಇದರ,low
ಇದರ,ಮೊದಲ,ಇದರಮೊದಲ,low
ಮೊದಲ,ಕುಲಪತಿಗಳು,ಮೊದಲಕುಲಪತಿಗಳು,low
ಕುಲಪತಿಗಳು,ಲೇಖಕರಾದ,ಕುಲಪತಿಗಳುಲೇಖಕರಾದ,low
ಲೇಖಕರಾದ,ಶಾಂತಿನಾಥ,ಲೇಖಕರಾದಶಾಂತಿನಾಥ,low
ಶಾಂತಿನಾಥ,ದೇಸಾಯಿ,ಶಾಂತಿನಾಥದೇಸಾಯಿ,low
ದೇಸಾಯಿ,ಅವರು,ದೇಸಾಯಿಅವರು,low
ಅವರು,ಮಲೆನಾಡಿನ,ಅವರುಮಲೆನಾಡಿನ,low
ಮಲೆನಾಡಿನ,ಪ್ರಕೃತಿ,ಮಲೆನಾಡಿನಪ್ರಕೃತಿ,low
ಪ್ರಕೃತಿ,ಮಡಿಲಲ್ಲಿರುವ,ಪ್ರಕೃತಿಮಡಿಲಲ್ಲಿರುವ,low
ಮಡಿಲಲ್ಲಿರುವ,ಜ್ಞಾನ,ಮಡಿಲಲ್ಲಿರುವಜ್ಞಾನ,low
ಜ್ಞಾನ,ಸಹ್ಯಾದ್ರಿ,ಜ್ಞಾನಸಹ್ಯಾದ್ರಿ,low
ಸಹ್ಯಾದ್ರಿ,ಪ್ರಾಂಗಣದಲ್ಲಿ,ಸಹ್ಯಾದ್ರಿಪ್ರಾಂಗಣದಲ್ಲಿ,low
ವಿಶ್ಯವಿದ್ಯಾನಿಲಯ,ಸ್ಥಾಪಿತವಾಗಿದೆ,ವಿಶ್ಯವಿದ್ಯಾನಿಲಯಸ್ಥಾಪಿತವಾಗಿದೆ,low
ಪ್ರಾಂಗಣವು,ಭದ್ರಾ,ಪ್ರಾಂಗಣವುಭದ್ರಾ,low
ಭದ್ರಾ,ನದಿಯ,ಭದ್ರಾನದಿಯ,low
ನದಿಯ,ಹತ್ತಿರವಿದ್ದು,ನದಿಯಹತ್ತಿರವಿದ್ದು,low
ಹತ್ತಿರವಿದ್ದು,ಶಿವಮೊಗ್ಗದಿಂದ,ಹತ್ತಿರವಿದ್ದುಶಿವಮೊಗ್ಗದಿಂದ,low
ಶಿವಮೊಗ್ಗದಿಂದ,೨೮ಕಿ,ಶಿವಮೊಗ್ಗದಿಂದ೨೮ಕಿ,low
೨೮ಕಿ,ಮೀ,೨೮ಕಿಮೀ,low
ದೂರದಲ್ಲಿಯೂ,ಭದ್ರಾವತಿಯ,ದೂರದಲ್ಲಿಯೂಭದ್ರಾವತಿಯ,low
ಭದ್ರಾವತಿಯ,ಕೈಗಾರಿಕಾ,ಭದ್ರಾವತಿಯಕೈಗಾರಿಕಾ,low
ಕೈಗಾರಿಕಾ,ಪಟ್ಟಣದಿಂದ,ಕೈಗಾರಿಕಾಪಟ್ಟಣದಿಂದ,low
ಪಟ್ಟಣದಿಂದ,೧೮,ಪಟ್ಟಣದಿಂದ೧೮,low
ದೂರದಲ್ಲಿಯೂ,ಇರುವ,ದೂರದಲ್ಲಿಯೂಇರುವ,low
ಇರುವ,ಶಂಕರಘಟ್ಟ,ಇರುವಶಂಕರಘಟ್ಟ,low
ಶಂಕರಘಟ್ಟ,ಎಂಬ,ಶಂಕರಘಟ್ಟಎಂಬ,low
ಎಂಬ,ಗ್ರಾಮಕ್ಕೆ,ಎಂಬಗ್ರಾಮಕ್ಕೆ,low
ಗ್ರಾಮಕ್ಕೆ,ಹೊಂದಿಕೊಂಡಿದೆ,ಗ್ರಾಮಕ್ಕೆಹೊಂದಿಕೊಂಡಿದೆ,low
ಹೊಂದಿಕೊಂಡಿದೆ,ತರೀಕೆರೆಯಿಂದ,ಹೊಂದಿಕೊಂಡಿದೆತರೀಕೆರೆಯಿಂದ,low
ತರೀಕೆರೆಯಿಂದ,೧೮,ತರೀಕೆರೆಯಿಂದ೧೮,low
ಮೀ,ದೂರದಲ್ಲಿದೆ,ಮೀದೂರದಲ್ಲಿದೆ,low
ವಿಶ್ವವಿದ್ಯಾಲಯದ,ಕುರಿತಾದ,ವಿಶ್ವವಿದ್ಯಾಲಯದಕುರಿತಾದ,low
ಕುರಿತಾದ,ಗೀತೆಯನ್ನು,ಕುರಿತಾದಗೀತೆಯನ್ನು,low
ಗೀತೆಯನ್ನು,ಕನ್ನಡದ,ಗೀತೆಯನ್ನುಕನ್ನಡದ,low
ಕನ್ನಡದ,ಪ್ರೇಮ,ಕನ್ನಡದಪ್ರೇಮ,low
ಪ್ರೇಮ,ಕವಿ,ಪ್ರೇಮಕವಿ,low
ಕವಿ,ಎಂದೇ,ಕವಿಎಂದೇ,low
ಎಂದೇ,ಖ್ಯಾತರಾದ,ಎಂದೇಖ್ಯಾತರಾದ,low
ಖ್ಯಾತರಾದ,ಕೆ,ಖ್ಯಾತರಾದಕೆ,low
ಕೆ,ಎಸ್,ಕೆಎಸ್,low
ಎಸ್,ನರಸಿಂಹಸ್ವಾಮಿಯವರು,ಎಸ್ನರಸಿಂಹಸ್ವಾಮಿಯವರು,low
ನರಸಿಂಹಸ್ವಾಮಿಯವರು,ರಚಿಸಿದ್ದಾರೆ,ನರಸಿಂಹಸ್ವಾಮಿಯವರುರಚಿಸಿದ್ದಾರೆ,low
ರಚಿಸಿದ್ದಾರೆ,ಉಲ್ಲೇಖಗಳು,ರಚಿಸಿದ್ದಾರೆಉಲ್ಲೇಖಗಳು,low
ಆರೀಶಿ,ಕುಟುಂಬಕ್ಕೆ,ಆರೀಶಿಕುಟುಂಬಕ್ಕೆ,low
ಕುಟುಂಬಕ್ಕೆ,ಸೇರಿದ,ಕುಟುಂಬಕ್ಕೆಸೇರಿದ,low
ಸೇರಿದ,ಅಂತೂರಿಯಮ್,ಸೇರಿದಅಂತೂರಿಯಮ್,low
ಅಂತೂರಿಯಮ್,ಸುಂದರ,ಅಂತೂರಿಯಮ್ಸುಂದರ,low
ಸುಂದರ,ಎಲೆ,ಸುಂದರಎಲೆ,low
ಎಲೆ,ಹೂಗೊಂಚಲಿನ,ಎಲೆಹೂಗೊಂಚಲಿನ,low
ಹೂಗೊಂಚಲಿನ,ಅಲ೦ಕಾರ,ಹೂಗೊಂಚಲಿನಅಲ೦ಕಾರ,low
ಅಲ೦ಕಾರ,ಸಸ್ಯ,ಅಲ೦ಕಾರಸಸ್ಯ,low
ಸಸ್ಯ,ಬಾಲದಂತಿರುವ,ಸಸ್ಯಬಾಲದಂತಿರುವ,low
ಬಾಲದಂತಿರುವ,ಹೂಗೊಂಚಲು,ಬಾಲದಂತಿರುವಹೂಗೊಂಚಲು,low
ಹೂಗೊಂಚಲು,ಎಂಬುದು,ಹೂಗೊಂಚಲುಎಂಬುದು,low
ಪದದ,ಅರ್ಥ,ಪದದಅರ್ಥ,low
ಅರ್ಥ,ಇದರ,ಅರ್ಥಇದರ,low
ಇದರ,ಹೂ,ಇದರಹೂ,low
ಹೂ,ನಿಜವಾದ,ಹೂನಿಜವಾದ,low
ನಿಜವಾದ,ಹೂವಲ್ಲ,ನಿಜವಾದಹೂವಲ್ಲ,low
ಹೂವಲ್ಲ,ಅದೊಂದು,ಹೂವಲ್ಲಅದೊಂದು,low
ಅದೊಂದು,ಮಾರ್ಪಾಡಾದ,ಅದೊಂದುಮಾರ್ಪಾಡಾದ,low
ಮಾರ್ಪಾಡಾದ,ಎಲೆ,ಮಾರ್ಪಾಡಾದಎಲೆ,low
ಎಲೆ,ಹೂನಾಲಿಗೆ,ಎಲೆಹೂನಾಲಿಗೆ,low
ಹೂನಾಲಿಗೆ,ಎಂದು,ಹೂನಾಲಿಗೆಎಂದು,low
ಎಂದು,ಹೆಸರು,ಎಂದುಹೆಸರು,low
ಹೆಸರು,ಪಡೆದಿರುವ,ಹೆಸರುಪಡೆದಿರುವ,low
ಭಾಗ,೩೦,ಭಾಗ೩೦,low
೩೦,ಸೆ,೩೦ಸೆ,low
ಸೆ,ಮೀ,ಸೆಮೀ,low
ಮೀ,ಅಗಲವಿದ್ದು,ಮೀಅಗಲವಿದ್ದು,low
ಅಗಲವಿದ್ದು,ದಂಟಿಗೆ,ಅಗಲವಿದ್ದುದಂಟಿಗೆ,low
ದಂಟಿಗೆ,ಅಂಟಿಕೊಂಡಿರುತ್ತದೆ,ದಂಟಿಗೆಅಂಟಿಕೊಂಡಿರುತ್ತದೆ,low
ನಾಲಗೆಯೊಂದಿಗೆ,ಕ್ಯಾಂಡ್ಲ್,ನಾಲಗೆಯೊಂದಿಗೆಕ್ಯಾಂಡ್ಲ್,low
ಕ್ಯಾಂಡ್ಲ್,ಎಂಬ,ಕ್ಯಾಂಡ್ಲ್ಎಂಬ,low
ಎಂಬ,ಇನ್ನೊಂದು,ಎಂಬಇನ್ನೊಂದು,low
ಇನ್ನೊಂದು,ಆಕರ್ಷಕ,ಇನ್ನೊಂದುಆಕರ್ಷಕ,low
ಆಕರ್ಷಕ,ಬಣ್ಣವಿರುವ,ಆಕರ್ಷಕಬಣ್ಣವಿರುವ,low
ಬಣ್ಣವಿರುವ,ಭಾಗವಿದೆ,ಬಣ್ಣವಿರುವಭಾಗವಿದೆ,low
ಭಾಗವಿದೆ,ಜಾತಿಯನ್ನನುಸರಿಸಿ,ಭಾಗವಿದೆಜಾತಿಯನ್ನನುಸರಿಸಿ,low
ಜಾತಿಯನ್ನನುಸರಿಸಿ,ಇವುಗಳು,ಜಾತಿಯನ್ನನುಸರಿಸಿಇವುಗಳು,low
ಇವುಗಳು,ಬಿಳಿ,ಇವುಗಳುಬಿಳಿ,low
ಬಿಳಿ,ಹಸಿರು,ಬಿಳಿಹಸಿರು,low
ಹಸಿರು,ಕೇಸರಿ,ಹಸಿರುಕೇಸರಿ,low
ಕೇಸರಿ,ಕೆಂಪು,ಕೇಸರಿಕೆಂಪು,low
ಕೆಂಪು,ಮೊದಲಾದ,ಕೆಂಪುಮೊದಲಾದ,low
ಮೊದಲಾದ,ಆಕರ್ಷಕ,ಮೊದಲಾದಆಕರ್ಷಕ,low
ಆಕರ್ಷಕ,ಬಣ್ಣಗಳನ್ನು,ಆಕರ್ಷಕಬಣ್ಣಗಳನ್ನು,low
ಬಣ್ಣಗಳನ್ನು,ಹೊಂದಿರುತ್ತದೆ,ಬಣ್ಣಗಳನ್ನುಹೊಂದಿರುತ್ತದೆ,low
ಹೊಂದಿರುತ್ತದೆ,ಇದನ್ನು,ಹೊಂದಿರುತ್ತದೆಇದನ್ನು,low
ಇದನ್ನು,ಕತ್ತರಿಸಿ,ಇದನ್ನುಕತ್ತರಿಸಿ,low
ಕತ್ತರಿಸಿ,ಹೂದಾನಿಯಲ್ಲಿ,ಕತ್ತರಿಸಿಹೂದಾನಿಯಲ್ಲಿ,low
ಹೂದಾನಿಯಲ್ಲಿ,ಇಟ್ಟರೆ,ಹೂದಾನಿಯಲ್ಲಿಇಟ್ಟರೆ,low
ವಾರಗಳವರೆಗೆ,ಕೆಡುವುದಿಲ್ಲ,ವಾರಗಳವರೆಗೆಕೆಡುವುದಿಲ್ಲ,low
ಕೆಡುವುದಿಲ್ಲ,ಅಂತೋರಿಯಂ,ಕೆಡುವುದಿಲ್ಲಅಂತೋರಿಯಂ,low
ಅಂತೋರಿಯಂ,ಬೀಜೋತ್ಪಾದನೆ,ಅಂತೋರಿಯಂಬೀಜೋತ್ಪಾದನೆ,low
ಬೀಜೋತ್ಪಾದನೆ,ಅಂತೂರಿಯಮ್,ಬೀಜೋತ್ಪಾದನೆಅಂತೂರಿಯಮ್,low
ಅಂತೂರಿಯಮ್,ಸಸಿಗಳನ್ನು,ಅಂತೂರಿಯಮ್ಸಸಿಗಳನ್ನು,low
ಸಸಿಗಳನ್ನು,ಬೀಜದಿಂದ,ಸಸಿಗಳನ್ನುಬೀಜದಿಂದ,low
ಬೀಜದಿಂದ,ಕುಡಿ,ಬೀಜದಿಂದಕುಡಿ,low
ಕುಡಿ,ಸಸಿಗಳಿಂದ,ಕುಡಿಸಸಿಗಳಿಂದ,low
ಸಸಿಗಳಿಂದ,ಮತ್ತು,ಸಸಿಗಳಿಂದಮತ್ತು,low
ಮತ್ತು,ಅಂಗಾಶ,ಮತ್ತುಅಂಗಾಶ,low
ಅಂಗಾಶ,ಕಸಿ,ಅಂಗಾಶಕಸಿ,low
ಕಸಿ,ವಿಧಾನಗಳಿಂದ,ಕಸಿವಿಧಾನಗಳಿಂದ,low
ವಿಧಾನಗಳಿಂದ,ಉತ್ಪಾದಿಸಲಾಗುತ್ತದೆ,ವಿಧಾನಗಳಿಂದಉತ್ಪಾದಿಸಲಾಗುತ್ತದೆ,low
ಉತ್ಪಾದಿಸಲಾಗುತ್ತದೆ,ಕೃತಕ,ಉತ್ಪಾದಿಸಲಾಗುತ್ತದೆಕೃತಕ,low
ಕೃತಕ,ಪರಾಗ,ಕೃತಕಪರಾಗ,low
ಪರಾಗ,ಸ್ಪರ್ಶ,ಪರಾಗಸ್ಪರ್ಶ,low
ಸ್ಪರ್ಶ,ವಿವಿಧ,ಸ್ಪರ್ಶವಿವಿಧ,low
ವಿವಿಧ,ಬಣ್ಣದ,ವಿವಿಧಬಣ್ಣದ,low
ಬಣ್ಣದ,ಹೂನಾಲಗೆಯನ್ನು,ಬಣ್ಣದಹೂನಾಲಗೆಯನ್ನು,low
ಹೂನಾಲಗೆಯನ್ನು,ಬಿಡುವ,ಹೂನಾಲಗೆಯನ್ನುಬಿಡುವ,low
ಬಿಡುವ,ಸಸ್ಯಗಳನ್ನು,ಬಿಡುವಸಸ್ಯಗಳನ್ನು,low
ಸಸ್ಯಗಳನ್ನು,ಉತ್ಪಾದಿಸಬಹುದು,ಸಸ್ಯಗಳನ್ನುಉತ್ಪಾದಿಸಬಹುದು,low
ಉತ್ಪಾದಿಸಬಹುದು,ಗಿಡಗಳಿಗೆ,ಉತ್ಪಾದಿಸಬಹುದುಗಿಡಗಳಿಗೆ,low
ಗಿಡಗಳಿಗೆ,ಶೇಕಡ,ಗಿಡಗಳಿಗೆಶೇಕಡ,low
ಶೇಕಡ,೭೫,ಶೇಕಡ೭೫,low
೭೫,ರಷ್ಟು,೭೫ರಷ್ಟು,low
ರಷ್ಟು,ಅವಶ್ಯಕತೆಯಿದೆ,ರಷ್ಟುಅವಶ್ಯಕತೆಯಿದೆ,low
ಅವಶ್ಯಕತೆಯಿದೆ,ಬೆಳೆಸುವ,ಅವಶ್ಯಕತೆಯಿದೆಬೆಳೆಸುವ,low
ಬೆಳೆಸುವ,ವಿಧಾನ,ಬೆಳೆಸುವವಿಧಾನ,low
ವಿಧಾನ,ಅಂತೂರಿಯಮ್,ವಿಧಾನಅಂತೂರಿಯಮ್,low
ಅಂತೂರಿಯಮ್,ಗಿಡಗಳನ್ನು,ಅಂತೂರಿಯಮ್ಗಿಡಗಳನ್ನು,low
ಗಿಡಗಳನ್ನು,ಕುಂಡಗಳಲ್ಲಿಯೂ,ಗಿಡಗಳನ್ನುಕುಂಡಗಳಲ್ಲಿಯೂ,low
ಕುಂಡಗಳಲ್ಲಿಯೂ,ನೆಲದ,ಕುಂಡಗಳಲ್ಲಿಯೂನೆಲದ,low
ನೆಲದ,ಮೇಲೂ,ನೆಲದಮೇಲೂ,low
ಮೇಲೂ,ಬೆಳೆಸುತ್ತಾರೆ,ಮೇಲೂಬೆಳೆಸುತ್ತಾರೆ,low
ಬೆಳೆಸುತ್ತಾರೆ,ಕುಂಡಗಳಲ್ಲಾಗಲೀ,ಬೆಳೆಸುತ್ತಾರೆಕುಂಡಗಳಲ್ಲಾಗಲೀ,low
ಕುಂಡಗಳಲ್ಲಾಗಲೀ,ನೆಲದ,ಕುಂಡಗಳಲ್ಲಾಗಲೀನೆಲದ,low
ನೆಲದ,ಮೇಲಾಗಲಿ,ನೆಲದಮೇಲಾಗಲಿ,low
ಮೇಲಾಗಲಿ,ಬೆಳೆಸುವಾಗ,ಮೇಲಾಗಲಿಬೆಳೆಸುವಾಗ,low
ಬೆಳೆಸುವಾಗ,ಮಣ್ಣು,ಬೆಳೆಸುವಾಗಮಣ್ಣು,low
ಮಣ್ಣು,ಸಡಿಲವಾಗಿದ್ದರೆ,ಮಣ್ಣುಸಡಿಲವಾಗಿದ್ದರೆ,low
ಸಡಿಲವಾಗಿದ್ದರೆ,ಬೇರುಗಳಿಗೆ,ಸಡಿಲವಾಗಿದ್ದರೆಬೇರುಗಳಿಗೆ,low
ಬೇರುಗಳಿಗೆ,ಗಾಳಿಯಾಡಲು,ಬೇರುಗಳಿಗೆಗಾಳಿಯಾಡಲು,low
ಗಾಳಿಯಾಡಲು,ಅವಕಾಶವಾಗುತ್ತದೆ,ಗಾಳಿಯಾಡಲುಅವಕಾಶವಾಗುತ್ತದೆ,low
ಅವಕಾಶವಾಗುತ್ತದೆ,ಒಂದು,ಅವಕಾಶವಾಗುತ್ತದೆಒಂದು,low
ಒಂದು,ಗಿಡದಿಂದ,ಒಂದುಗಿಡದಿಂದ,low
ಗಿಡದಿಂದ,೧೦,ಗಿಡದಿಂದ೧೦,low
೧೦,೧೨,೧೦೧೨,low
೧೨,ಹೂವುಗಳು,೧೨ಹೂವುಗಳು,low
ಹೂವುಗಳು,ದೊರೆಯುತ್ತದೆ,ಹೂವುಗಳುದೊರೆಯುತ್ತದೆ,low
ದೊರೆಯುತ್ತದೆ,ಹೂವಿನ,ದೊರೆಯುತ್ತದೆಹೂವಿನ,low
ಹೂವಿನ,ಬೆಲೆ,ಹೂವಿನಬೆಲೆ,low
ಬೆಲೆ,ಅದರ,ಬೆಲೆಅದರ,low
ಅದರ,ನಾಲಿಗೆಯ,ಅದರನಾಲಿಗೆಯ,low
ನಾಲಿಗೆಯ,ಆಕಾರ,ನಾಲಿಗೆಯಆಕಾರ,low
ಆಕಾರ,ಮತ್ತು,ಆಕಾರಮತ್ತು,low
ಮತ್ತು,ಗಾತ್ರ,ಮತ್ತುಗಾತ್ರ,low
ಗಾತ್ರ,ಮತ್ತು,ಗಾತ್ರಮತ್ತು,low
ಮತ್ತು,ಬಣ್ಣಗಳನ್ನು,ಮತ್ತುಬಣ್ಣಗಳನ್ನು,low
ಬಣ್ಣಗಳನ್ನು,ಹೊಂದಿಕೊಂಡಿರುತ್ತದೆ,ಬಣ್ಣಗಳನ್ನುಹೊಂದಿಕೊಂಡಿರುತ್ತದೆ,low
ಹೊಂದಿಕೊಂಡಿರುತ್ತದೆ,ಉಲ್ಲೇಖಗಳು,ಹೊಂದಿಕೊಂಡಿರುತ್ತದೆಉಲ್ಲೇಖಗಳು,low
ಕೇದಾರೇಶ್ವರ,ದೇವಾಲಯ,ಕೇದಾರೇಶ್ವರದೇವಾಲಯ,low
ದೇವಾಲಯ,ಕೇದಾರೇಶ್ವರ,ದೇವಾಲಯಕೇದಾರೇಶ್ವರ,low
ಕೇದಾರೇಶ್ವರ,ಅಥವಾ,ಕೇದಾರೇಶ್ವರಅಥವಾ,low
ಅಥವಾ,ಕೇದಾರೇಶ್ವರ,ಅಥವಾಕೇದಾರೇಶ್ವರ,low
ಕೇದಾರೇಶ್ವರ,ಎಂದೂ,ಕೇದಾರೇಶ್ವರಎಂದೂ,low
ಎಂದೂ,ಸಹ,ಎಂದೂಸಹ,low
ಸಹ,ಉಚ್ಚರಿಸಲಾಗುತ್ತದೆ,ಸಹಉಚ್ಚರಿಸಲಾಗುತ್ತದೆ,low
ಉಚ್ಚರಿಸಲಾಗುತ್ತದೆ,ಹೊಯ್ಸಳರ,ಉಚ್ಚರಿಸಲಾಗುತ್ತದೆಹೊಯ್ಸಳರ,low
ಹೊಯ್ಸಳರ,ಕಾಲದ,ಹೊಯ್ಸಳರಕಾಲದ,low
ಕಾಲದ,ನಿರ್ಮಾಣವಾಗಿದ್ದು,ಕಾಲದನಿರ್ಮಾಣವಾಗಿದ್ದು,low
ನಿರ್ಮಾಣವಾಗಿದ್ದು,ಇದು,ನಿರ್ಮಾಣವಾಗಿದ್ದುಇದು,low
ಇದು,ಭಾರತದ,ಇದುಭಾರತದ,low
ಭಾರತದ,ಕರ್ನಾಟಕ,ಭಾರತದಕರ್ನಾಟಕ,low
ಕರ್ನಾಟಕ,ರಾಜ್ಯದ,ಕರ್ನಾಟಕರಾಜ್ಯದ,low
ರಾಜ್ಯದ,ಹಾಸನ,ರಾಜ್ಯದಹಾಸನ,low
ಹಾಸನ,ಜಿಲ್ಲೆಯ,ಹಾಸನಜಿಲ್ಲೆಯ,low
ಜಿಲ್ಲೆಯ,ಐತಿಹಾಸಿಕವಾಗಿ,ಜಿಲ್ಲೆಯಐತಿಹಾಸಿಕವಾಗಿ,low
ಐತಿಹಾಸಿಕವಾಗಿ,ಮಹತ್ವದ,ಐತಿಹಾಸಿಕವಾಗಿಮಹತ್ವದ,low
ಮಹತ್ವದ,ಪಟ್ಟಣವಾದ,ಮಹತ್ವದಪಟ್ಟಣವಾದ,low
ಪಟ್ಟಣವಾದ,ಹಳೇಬೀಡುದಲ್ಲಿದೆ,ಪಟ್ಟಣವಾದಹಳೇಬೀಡುದಲ್ಲಿದೆ,low
ಹಳೇಬೀಡುದಲ್ಲಿದೆ,ಇದು,ಹಳೇಬೀಡುದಲ್ಲಿದೆಇದು,low
ಇದು,ಪ್ರಸಿದ್ಧ,ಇದುಪ್ರಸಿದ್ಧ,low
ಪ್ರಸಿದ್ಧ,ಹೊಯ್ಸಳೇಶ್ವರ,ಪ್ರಸಿದ್ಧಹೊಯ್ಸಳೇಶ್ವರ,low
ಹೊಯ್ಸಳೇಶ್ವರ,ದೇವಸ್ಥಾನದಿಂದ,ಹೊಯ್ಸಳೇಶ್ವರದೇವಸ್ಥಾನದಿಂದ,low
ದೇವಸ್ಥಾನದಿಂದ,ಸ್ವಲ್ಪ,ದೇವಸ್ಥಾನದಿಂದಸ್ವಲ್ಪ,low
ಸ್ವಲ್ಪ,ದೂರದಲ್ಲಿದೆ,ಸ್ವಲ್ಪದೂರದಲ್ಲಿದೆ,low
ದೇವಾಲಯವನ್ನು,ಹೊಯ್ಸಳ,ದೇವಾಲಯವನ್ನುಹೊಯ್ಸಳ,low
ಹೊಯ್ಸಳ,ರಾಜ,ಹೊಯ್ಸಳರಾಜ,low
ರಾಜ,ವೀರ,ರಾಜವೀರ,low
ವೀರ,ಬಲ್ಲಾಳ,ವೀರಬಲ್ಲಾಳ,low
ಬಲ್ಲಾಳ,ಮತ್ತು,ಬಲ್ಲಾಳಮತ್ತು,low
ಮತ್ತು,ಅವನ,ಮತ್ತುಅವನ,low
ಅವನ,ರಾಣಿ,ಅವನರಾಣಿ,low
ರಾಣಿ,ಕೇತಲಾದೇವಿ,ರಾಣಿಕೇತಲಾದೇವಿ,low
ಕೇತಲಾದೇವಿ,ನಿರ್ಮಿಸಿದರು,ಕೇತಲಾದೇವಿನಿರ್ಮಿಸಿದರು,low
ನಿರ್ಮಿಸಿದರು,ಅಲ್ಲಿನ,ನಿರ್ಮಿಸಿದರುಅಲ್ಲಿನ,low
ಅಲ್ಲಿನ,ಮುಖ್ಯ,ಅಲ್ಲಿನಮುಖ್ಯ,low
ಮುಖ್ಯ,ದೇವತೆ,ಮುಖ್ಯದೇವತೆ,low
ದೇವತೆ,ಈಶ್ವರ,ದೇವತೆಈಶ್ವರ,low
ಈಶ್ವರ,ಹಿಂದೂ,ಈಶ್ವರಹಿಂದೂ,low
ಹಿಂದೂ,ದೇವರು,ಹಿಂದೂದೇವರು,low
ದೇವರು,ಶಿವನ,ದೇವರುಶಿವನ,low
ಶಿವನ,ಇನ್ನೊಂದು,ಶಿವನಇನ್ನೊಂದು,low
ಇನ್ನೊಂದು,ಹೆಸರು,ಇನ್ನೊಂದುಹೆಸರು,low
ದೇವಾಲಯವನ್ನು,ಭಾರತೀಯ,ದೇವಾಲಯವನ್ನುಭಾರತೀಯ,low
ಭಾರತೀಯ,ಪುರಾತತ್ವ,ಭಾರತೀಯಪುರಾತತ್ವ,low
ಪುರಾತತ್ವ,ಸರ್ವೇಕ್ಷಣೆಯ,ಪುರಾತತ್ವಸರ್ವೇಕ್ಷಣೆಯ,low
ಸರ್ವೇಕ್ಷಣೆಯ,ರಾಷ್ಟ್ರೀಯ,ಸರ್ವೇಕ್ಷಣೆಯರಾಷ್ಟ್ರೀಯ,low
ರಾಷ್ಟ್ರೀಯ,ಪ್ರಾಮುಖ್ಯತೆಯ,ರಾಷ್ಟ್ರೀಯಪ್ರಾಮುಖ್ಯತೆಯ,low
ಪ್ರಾಮುಖ್ಯತೆಯ,ಸ್ಮಾರಕವಾಗಿ,ಪ್ರಾಮುಖ್ಯತೆಯಸ್ಮಾರಕವಾಗಿ,low
ಸ್ಮಾರಕವಾಗಿ,ರಕ್ಷಿಸಲಾಗಿದೆ,ಸ್ಮಾರಕವಾಗಿರಕ್ಷಿಸಲಾಗಿದೆ,low
ರಕ್ಷಿಸಲಾಗಿದೆ,ದೇವಾಲಯದ,ರಕ್ಷಿಸಲಾಗಿದೆದೇವಾಲಯದ,low
ದೇವಾಲಯದ,ಯೋಜನೆ,ದೇವಾಲಯದಯೋಜನೆ,low
ಯೋಜನೆ,ಕಲಾ,ಯೋಜನೆಕಲಾ,low
ಕಲಾ,ಇತಿಹಾಸಕಾರ,ಕಲಾಇತಿಹಾಸಕಾರ,low
ಇತಿಹಾಸಕಾರ,ಆಡಮ್,ಇತಿಹಾಸಕಾರಆಡಮ್,low
ಆಡಮ್,ಹಾರ್ಡಿ,ಆಡಮ್ಹಾರ್ಡಿ,low
ಹಾರ್ಡಿ,ಪ್ರಕಾರ,ಹಾರ್ಡಿಪ್ರಕಾರ,low
ಪ್ರಕಾರ,ದೇವಾಲಯವನ್ನು,ಪ್ರಕಾರದೇವಾಲಯವನ್ನು,low
ದೇವಾಲಯವನ್ನು,ಕ್ರಿ,ದೇವಾಲಯವನ್ನುಕ್ರಿ,low
೧೨೧೭,ಗಿಂತ,೧೨೧೭ಗಿಂತ,low
ಗಿಂತ,ಮೊದಲು,ಗಿಂತಮೊದಲು,low
ಮೊದಲು,ನಿರ್ಮಿಸಲಾಗಿದೆ,ಮೊದಲುನಿರ್ಮಿಸಲಾಗಿದೆ,low
ನಿರ್ಮಿಸಲಾಗಿದೆ,ಮತ್ತು,ನಿರ್ಮಿಸಲಾಗಿದೆಮತ್ತು,low
ಇದನ್ನು,ಬಳಪದ,ಇದನ್ನುಬಳಪದ,low
ಬಳಪದ,ಕಲ್ಲಿನಿಂದ,ಬಳಪದಕಲ್ಲಿನಿಂದ,low
ಕಲ್ಲಿನಿಂದ,ನಿರ್ಮಿಸಲಾಗಿದೆ,ಕಲ್ಲಿನಿಂದನಿರ್ಮಿಸಲಾಗಿದೆ,low
ನಿರ್ಮಿಸಲಾಗಿದೆ,೧೨,ನಿರ್ಮಿಸಲಾಗಿದೆ೧೨,low
೧೨,ನೇ,೧೨ನೇ,low
ನೇ,ಮತ್ತು,ನೇಮತ್ತು,low
ಮತ್ತು,೧೩,ಮತ್ತು೧೩,low
೧೩,ನೇ,೧೩ನೇ,low
ನೇ,ಶತಮಾನದ,ನೇಶತಮಾನದ,low
ಶತಮಾನದ,ಹೊಯ್ಸಳ,ಶತಮಾನದಹೊಯ್ಸಳ,low
ಹೊಯ್ಸಳ,ವಾಸ್ತುಶಿಲ್ಪಿಗಳೊಂದಿಗೆ,ಹೊಯ್ಸಳವಾಸ್ತುಶಿಲ್ಪಿಗಳೊಂದಿಗೆ,low
ವಾಸ್ತುಶಿಲ್ಪಿಗಳೊಂದಿಗೆ,ಪ್ರಮಾಣಿತವಾಗುವ,ವಾಸ್ತುಶಿಲ್ಪಿಗಳೊಂದಿಗೆಪ್ರಮಾಣಿತವಾಗುವ,low
ಪ್ರಮಾಣಿತವಾಗುವ,ಬಳಪದ,ಪ್ರಮಾಣಿತವಾಗುವಬಳಪದ,low
ಬಳಪದ,ಕಲ್ಲಿನ,ಬಳಪದಕಲ್ಲಿನ,low
ಕಲ್ಲಿನ,ಬಳಕೆಯನ್ನು,ಕಲ್ಲಿನಬಳಕೆಯನ್ನು,low
ಬಳಕೆಯನ್ನು,ಪಶ್ಚಿಮ,ಬಳಕೆಯನ್ನುಪಶ್ಚಿಮ,low
ಪಶ್ಚಿಮ,ಚಾಲುಕ್ಯರು,ಪಶ್ಚಿಮಚಾಲುಕ್ಯರು,low
ಚಾಲುಕ್ಯರು,ಮೊದಲು,ಚಾಲುಕ್ಯರುಮೊದಲು,low
ಮೊದಲು,ಜನಪ್ರಿಯಗೊಳಿಸಿದರು,ಮೊದಲುಜನಪ್ರಿಯಗೊಳಿಸಿದರು,low
ಜನಪ್ರಿಯಗೊಳಿಸಿದರು,ದೇವಾಲಯವು,ಜನಪ್ರಿಯಗೊಳಿಸಿದರುದೇವಾಲಯವು,low
ದೇವಾಲಯವು,ಜಗತಿ,ದೇವಾಲಯವುಜಗತಿ,low
ಜಗತಿ,ಎಂಬ,ಜಗತಿಎಂಬ,low
ಎಂಬ,ವೇದಿಕೆಯ,ಎಂಬವೇದಿಕೆಯ,low
ವೇದಿಕೆಯ,ಮೇಲೆ,ವೇದಿಕೆಯಮೇಲೆ,low
ಮೇಲೆ,ನಿಂತಿದೆ,ಮೇಲೆನಿಂತಿದೆ,low
ನಿಂತಿದೆ,ಇದು,ನಿಂತಿದೆಇದು,low
ಇದು,ಸಾಮಾನ್ಯವಾಗಿ,ಇದುಸಾಮಾನ್ಯವಾಗಿ,low
ಸಾಮಾನ್ಯವಾಗಿ,ಐದರಿಂದ,ಸಾಮಾನ್ಯವಾಗಿಐದರಿಂದ,low
ಐದರಿಂದ,ಆರು,ಐದರಿಂದಆರು,low
ಆರು,ಅಡಿ,ಆರುಅಡಿ,low
ಅಡಿ,ಎತ್ತರವಿದೆ,ಅಡಿಎತ್ತರವಿದೆ,low
ಎತ್ತರವಿದೆ,ಮತ್ತು,ಎತ್ತರವಿದೆಮತ್ತು,low
ಇದನ್ನು,ಮೆಟ್ಟಿಲುಗಳ,ಇದನ್ನುಮೆಟ್ಟಿಲುಗಳ,low
ಮೆಟ್ಟಿಲುಗಳ,ಮೂಲಕ,ಮೆಟ್ಟಿಲುಗಳಮೂಲಕ,low
ಮೂಲಕ,ತಲುಪಬಹುದು,ಮೂಲಕತಲುಪಬಹುದು,low
ತಲುಪಬಹುದು,ಇತಿಹಾಸಕಾರ,ತಲುಪಬಹುದುಇತಿಹಾಸಕಾರ,low
ಕಾಮತ್,ಅವರ,ಕಾಮತ್ಅವರ,low
ಅವರ,ಪ್ರಕಾರ,ಅವರಪ್ರಕಾರ,low
ಪ್ರಕಾರ,ಇದು,ಪ್ರಕಾರಇದು,low
ಇದು,ಹೊಯ್ಸಳರ,ಇದುಹೊಯ್ಸಳರ,low
ಹೊಯ್ಸಳರ,ಹೊಸತನ,ಹೊಯ್ಸಳರಹೊಸತನ,low
ಹೊಸತನ,ಹೊಯ್ಸಳ,ಹೊಸತನಹೊಯ್ಸಳ,low
ಹೊಯ್ಸಳ,ದೇವಾಲಯಗಳು,ಹೊಯ್ಸಳದೇವಾಲಯಗಳು,low
ದೇವಾಲಯಗಳು,ಸಾಮಾನ್ಯವಾಗಿ,ದೇವಾಲಯಗಳುಸಾಮಾನ್ಯವಾಗಿ,low
ಸಾಮಾನ್ಯವಾಗಿ,ಗರ್ಭಗೃಹದ,ಸಾಮಾನ್ಯವಾಗಿಗರ್ಭಗೃಹದ,low
ಗರ್ಭಗೃಹದ,ಗರ್ಭಗೃಹ,ಗರ್ಭಗೃಹದಗರ್ಭಗೃಹ,low
ಗರ್ಭಗೃಹ,ಸುತ್ತ,ಗರ್ಭಗೃಹಸುತ್ತ,low
ಸುತ್ತ,ಪ್ರದಕ್ಷಿಣೆಗೆ,ಸುತ್ತಪ್ರದಕ್ಷಿಣೆಗೆ,low
ಪ್ರದಕ್ಷಿಣೆಗೆ,ಪ್ರದಕ್ಷಿಣಪಥ,ಪ್ರದಕ್ಷಿಣೆಗೆಪ್ರದಕ್ಷಿಣಪಥ,low
ಪ್ರದಕ್ಷಿಣಪಥ,ಮಾರ್ಗವನ್ನು,ಪ್ರದಕ್ಷಿಣಪಥಮಾರ್ಗವನ್ನು,low
ಮಾರ್ಗವನ್ನು,ಒದಗಿಸುವುದಿಲ್ಲ,ಮಾರ್ಗವನ್ನುಒದಗಿಸುವುದಿಲ್ಲ,low
ಒದಗಿಸುವುದಿಲ್ಲ,ಆದಾಗ್ಯೂ,ಒದಗಿಸುವುದಿಲ್ಲಆದಾಗ್ಯೂ,low
ಆದಾಗ್ಯೂ,ವೇದಿಕೆಯು,ಆದಾಗ್ಯೂವೇದಿಕೆಯು,low
ವೇದಿಕೆಯು,ನೋಡುಗರಿಗೆ,ವೇದಿಕೆಯುನೋಡುಗರಿಗೆ,low
ನೋಡುಗರಿಗೆ,ಗೋಡೆಯ,ನೋಡುಗರಿಗೆಗೋಡೆಯ,low
ಗೋಡೆಯ,ಉಬ್ಬು,ಗೋಡೆಯಉಬ್ಬು,low
ಉಬ್ಬು,ಮತ್ತು,ಉಬ್ಬುಮತ್ತು,low
ಮತ್ತು,ಶಿಲ್ಪಗಳ,ಮತ್ತುಶಿಲ್ಪಗಳ,low
ಶಿಲ್ಪಗಳ,ಉತ್ತಮ,ಶಿಲ್ಪಗಳಉತ್ತಮ,low
ಉತ್ತಮ,ನೋಟವನ್ನು,ಉತ್ತಮನೋಟವನ್ನು,low
ನೋಟವನ್ನು,ನೀಡುವುದರ,ನೋಟವನ್ನುನೀಡುವುದರ,low
ನೀಡುವುದರ,ಜೊತೆಗೆ,ನೀಡುವುದರಜೊತೆಗೆ,low
ಅನುಕೂಲವನ್ನು,ಒದಗಿಸುತ್ತದೆ,ಅನುಕೂಲವನ್ನುಒದಗಿಸುತ್ತದೆ,low
ಒದಗಿಸುತ್ತದೆ,ಮುಖ್ಯ,ಒದಗಿಸುತ್ತದೆಮುಖ್ಯ,low
ಮುಖ್ಯ,ದೇಗುಲದ,ಮುಖ್ಯದೇಗುಲದ,low
ದೇಗುಲದ,ವಿಮಾನ,ದೇಗುಲದವಿಮಾನ,low
ವಿಮಾನ,ಹೊರಭಾಗವು,ವಿಮಾನಹೊರಭಾಗವು,low
ಹೊರಭಾಗವು,ನಕ್ಷತ್ರಾಕಾರದ,ಹೊರಭಾಗವುನಕ್ಷತ್ರಾಕಾರದ,low
ನಕ್ಷತ್ರಾಕಾರದ,ನಕ್ಷತ್ರ,ನಕ್ಷತ್ರಾಕಾರದನಕ್ಷತ್ರ,low
ನಕ್ಷತ್ರ,ಎರಡು,ನಕ್ಷತ್ರಎರಡು,low
ಎರಡು,ಸಣ್ಣ,ಎರಡುಸಣ್ಣ,low
ಸಣ್ಣ,ದೇವಾಲಯಗಳೊಂದಿಗೆ,ಸಣ್ಣದೇವಾಲಯಗಳೊಂದಿಗೆ,low
ದೇವಾಲಯಗಳೊಂದಿಗೆ,ರಂದ್ರದ,ದೇವಾಲಯಗಳೊಂದಿಗೆರಂದ್ರದ,low
ರಂದ್ರದ,ಕಿಟಕಿಗಳನ್ನು,ರಂದ್ರದಕಿಟಕಿಗಳನ್ನು,low
ಕಿಟಕಿಗಳನ್ನು,ಜಾಲಿ,ಕಿಟಕಿಗಳನ್ನುಜಾಲಿ,low
ಜಾಲಿ,ಎಂದು,ಜಾಲಿಎಂದು,low
ವಾಸ್ತುಶಿಲ್ಪಿಗಳು,ಪುನರಾವರ್ತಿತ,ವಾಸ್ತುಶಿಲ್ಪಿಗಳುಪುನರಾವರ್ತಿತ,low
ಪುನರಾವರ್ತಿತ,ಅಲಂಕಾರಿಕ,ಪುನರಾವರ್ತಿತಅಲಂಕಾರಿಕ,low
ಅಲಂಕಾರಿಕ,ಶಿಲ್ಪಗಳು,ಅಲಂಕಾರಿಕಶಿಲ್ಪಗಳು,low
ಶಿಲ್ಪಗಳು,ಮತ್ತು,ಶಿಲ್ಪಗಳುಮತ್ತು,low
ಮತ್ತು,ಉಬ್ಬುಶಿಲ್ಪಗಳನ್ನು,ಮತ್ತುಉಬ್ಬುಶಿಲ್ಪಗಳನ್ನು,low
ಉಬ್ಬುಶಿಲ್ಪಗಳನ್ನು,ವಾಸ್ತುಶೈಲಿಯ,ಉಬ್ಬುಶಿಲ್ಪಗಳನ್ನುವಾಸ್ತುಶೈಲಿಯ,low
ವಾಸ್ತುಶೈಲಿಯ,ಅಭಿವ್ಯಕ್ತಿ,ವಾಸ್ತುಶೈಲಿಯಅಭಿವ್ಯಕ್ತಿ,low
ಅಭಿವ್ಯಕ್ತಿ,ಎಂದು,ಅಭಿವ್ಯಕ್ತಿಎಂದು,low
ಕರೆಯುತ್ತಾರೆ,ದೇವಾಲಯವು,ಕರೆಯುತ್ತಾರೆದೇವಾಲಯವು,low
ದೇವಾಲಯವು,ಮೂರು,ದೇವಾಲಯವುಮೂರು,low
ಮೂರು,ದೇವಾಲಯಗಳನ್ನು,ಮೂರುದೇವಾಲಯಗಳನ್ನು,low
ದೇವಾಲಯಗಳನ್ನು,ಹೊಂದಿರುವುದರಿಂದ,ದೇವಾಲಯಗಳನ್ನುಹೊಂದಿರುವುದರಿಂದ,low
ಹೊಂದಿರುವುದರಿಂದ,ಇದು,ಹೊಂದಿರುವುದರಿಂದಇದು,low
ಇದು,ಮೂರು,ಇದುಮೂರು,low
ದೇವಾಲಯಗಳ,ರಚನೆಯಾದ,ದೇವಾಲಯಗಳರಚನೆಯಾದ,low
ರಚನೆಯಾದ,ತ್ರಿಕೂಟ,ರಚನೆಯಾದತ್ರಿಕೂಟ,low
ತ್ರಿಕೂಟ,ಎಂದು,ತ್ರಿಕೂಟಎಂದು,low
ಎಂದು,ಅರ್ಹತೆ,ಎಂದುಅರ್ಹತೆ,low
ಅರ್ಹತೆ,ಪಡೆದಿದೆ,ಅರ್ಹತೆಪಡೆದಿದೆ,low
ಪಡೆದಿದೆ,ಸಾಮಾನ್ಯವಾಗಿ,ಪಡೆದಿದೆಸಾಮಾನ್ಯವಾಗಿ,low
ಸಾಮಾನ್ಯವಾಗಿ,ತ್ರಿಕೂಟಗಳಲ್ಲಿ,ಸಾಮಾನ್ಯವಾಗಿತ್ರಿಕೂಟಗಳಲ್ಲಿ,low
ತ್ರಿಕೂಟಗಳಲ್ಲಿ,ಕೇಂದ್ರ,ತ್ರಿಕೂಟಗಳಲ್ಲಿಕೇಂದ್ರ,low
ಕೇಂದ್ರ,ದೇಗುಲವು,ಕೇಂದ್ರದೇಗುಲವು,low
ದೇಗುಲವು,ಮಾತ್ರ,ದೇಗುಲವುಮಾತ್ರ,low
ಮಾತ್ರ,ಗೋಪುರವನ್ನು,ಮಾತ್ರಗೋಪುರವನ್ನು,low
ಗೋಪುರವನ್ನು,ಹೊಂದಿದೆ,ಗೋಪುರವನ್ನುಹೊಂದಿದೆ,low
ಹೊಂದಿದೆ,ಆದರೆ,ಹೊಂದಿದೆಆದರೆ,low
ಆದರೆ,ಪಾರ್ಶ್ವದ,ಆದರೆಪಾರ್ಶ್ವದ,low
ಪಾರ್ಶ್ವದ,ದೇವಾಲಯಗಳು,ಪಾರ್ಶ್ವದದೇವಾಲಯಗಳು,low
ದೇವಾಲಯಗಳು,ವಾಸ್ತವಿಕವಾಗಿ,ದೇವಾಲಯಗಳುವಾಸ್ತವಿಕವಾಗಿ,low
ವಾಸ್ತವಿಕವಾಗಿ,ದಪ್ಪವಾದ,ವಾಸ್ತವಿಕವಾಗಿದಪ್ಪವಾದ,low
ದಪ್ಪವಾದ,ಹೊರಗಿನ,ದಪ್ಪವಾದಹೊರಗಿನ,low
ಹೊರಗಿನ,ಗೋಡೆಗಳ,ಹೊರಗಿನಗೋಡೆಗಳ,low
ಗೋಡೆಗಳ,ಹಿಂದೆ,ಗೋಡೆಗಳಹಿಂದೆ,low
ಹಿಂದೆ,ಮರೆಮಾಡಲ್ಪಟ್ಟಿರುತ್ತವೆ,ಹಿಂದೆಮರೆಮಾಡಲ್ಪಟ್ಟಿರುತ್ತವೆ,low
ಮರೆಮಾಡಲ್ಪಟ್ಟಿರುತ್ತವೆ,ಮತ್ತು,ಮರೆಮಾಡಲ್ಪಟ್ಟಿರುತ್ತವೆಮತ್ತು,low
ಮತ್ತು,ಸಭಾಂಗಣದ,ಮತ್ತುಸಭಾಂಗಣದ,low
ಸಭಾಂಗಣದ,ಒಂದು,ಸಭಾಂಗಣದಒಂದು,low
ಒಂದು,ಭಾಗವಾಗಿ,ಒಂದುಭಾಗವಾಗಿ,low
ಭಾಗವಾಗಿ,ಕಂಡುಬರುತ್ತವೆ,ಭಾಗವಾಗಿಕಂಡುಬರುತ್ತವೆ,low
ಕಂಡುಬರುತ್ತವೆ,ಶೈವ,ಕಂಡುಬರುತ್ತವೆಶೈವ,low
ಶೈವ,ದೇವಾಲಯವಾಗಿದ್ದರೂ,ಶೈವದೇವಾಲಯವಾಗಿದ್ದರೂ,low
ದೇವಾಲಯವಾಗಿದ್ದರೂ,ಶಿವ,ದೇವಾಲಯವಾಗಿದ್ದರೂಶಿವ,low
ಶಿವ,ದೇವರಿಗೆ,ಶಿವದೇವರಿಗೆ,low
ದೇವರಿಗೆ,ಸಂಬಂಧಿಸಿದೆ,ದೇವರಿಗೆಸಂಬಂಧಿಸಿದೆ,low
ಸಂಬಂಧಿಸಿದೆ,ಇದು,ಸಂಬಂಧಿಸಿದೆಇದು,low
ಇದು,ಶೈವ,ಇದುಶೈವ,low
ಶೈವ,ಮತ್ತು,ಶೈವಮತ್ತು,low
ಮತ್ತು,ವೈಷ್ಣವ,ಮತ್ತುವೈಷ್ಣವ,low
ವೈಷ್ಣವ,ವಿಷ್ಣು,ವೈಷ್ಣವವಿಷ್ಣು,low
ವಿಷ್ಣು,ದೇವರಿಗೆ,ವಿಷ್ಣುದೇವರಿಗೆ,low
ದೇವರಿಗೆ,ಸಂಬಂಧಿಸಿದ,ದೇವರಿಗೆಸಂಬಂಧಿಸಿದ,low
ಸಂಬಂಧಿಸಿದ,ದಂತಕಥೆಗಳೆರಡರಿಂದಲೂ,ಸಂಬಂಧಿಸಿದದಂತಕಥೆಗಳೆರಡರಿಂದಲೂ,low
ದಂತಕಥೆಗಳೆರಡರಿಂದಲೂ,ಚಿತ್ರಣಗಳನ್ನು,ದಂತಕಥೆಗಳೆರಡರಿಂದಲೂಚಿತ್ರಣಗಳನ್ನು,low
ಚಿತ್ರಣಗಳನ್ನು,ಹೊಂದಿರುವ,ಚಿತ್ರಣಗಳನ್ನುಹೊಂದಿರುವ,low
ಹೊಂದಿರುವ,ಫ್ರೈಜ್,ಹೊಂದಿರುವಫ್ರೈಜ್,low
ಫ್ರೈಜ್,ಗಳು,ಫ್ರೈಜ್ಗಳು,low
ಮತ್ತು,ಪ್ಯಾನಲ್,ಮತ್ತುಪ್ಯಾನಲ್,low
ಪ್ಯಾನಲ್,ರಿಲೀಫ್,ಪ್ಯಾನಲ್ರಿಲೀಫ್,low
ರಿಲೀಫ್,ಗೆ,ರಿಲೀಫ್ಗೆ,low
ಗೆ,ಹೆಸರುವಾಸಿಯಾಗಿದೆ,ಗೆಹೆಸರುವಾಸಿಯಾಗಿದೆ,low
ಹೆಸರುವಾಸಿಯಾಗಿದೆ,ಒಂದು,ಹೆಸರುವಾಸಿಯಾಗಿದೆಒಂದು,low
ಒಂದು,ಮುಖಮಂಟಪವು,ಒಂದುಮುಖಮಂಟಪವು,low
ಮುಖಮಂಟಪವು,ಕೇಂದ್ರ,ಮುಖಮಂಟಪವುಕೇಂದ್ರ,low
ಕೇಂದ್ರ,ಸಭಾಂಗಣವನ್ನು,ಕೇಂದ್ರಸಭಾಂಗಣವನ್ನು,low
ಸಭಾಂಗಣವನ್ನು,ವೇದಿಕೆಗೆ,ಸಭಾಂಗಣವನ್ನುವೇದಿಕೆಗೆ,low
ವೇದಿಕೆಗೆ,ಸಂಪರ್ಕಿಸುತ್ತದೆ,ವೇದಿಕೆಗೆಸಂಪರ್ಕಿಸುತ್ತದೆ,low
ಸಂಪರ್ಕಿಸುತ್ತದೆ,ಸಾಮಾನ್ಯ,ಸಂಪರ್ಕಿಸುತ್ತದೆಸಾಮಾನ್ಯ,low
ಸಾಮಾನ್ಯ,ಸಭಾಂಗಣದ,ಸಾಮಾನ್ಯಸಭಾಂಗಣದ,low
ಸಭಾಂಗಣದ,ಸುತ್ತಲೂ,ಸಭಾಂಗಣದಸುತ್ತಲೂ,low
ಸುತ್ತಲೂ,ಇರುವ,ಸುತ್ತಲೂಇರುವ,low
ಇರುವ,ದೇವಾಲಯದ,ಇರುವದೇವಾಲಯದ,low
ದೇವಾಲಯದ,ಗೋಡೆಯ,ದೇವಾಲಯದಗೋಡೆಯ,low
ಗೋಡೆಯ,ಅಧಿಷ್ಠಾನ,ಗೋಡೆಯಅಧಿಷ್ಠಾನ,low
ಅಧಿಷ್ಠಾನ,ತಳಭಾಗ,ಅಧಿಷ್ಠಾನತಳಭಾಗ,low
ತಳಭಾಗ,ಮತ್ತು,ತಳಭಾಗಮತ್ತು,low
ಮತ್ತು,ಎರಡು,ಮತ್ತುಎರಡು,low
ಎರಡು,ಪಾರ್ಶ್ವ,ಎರಡುಪಾರ್ಶ್ವ,low
ಪಾರ್ಶ್ವ,ದೇವಾಲಯಗಳು,ಪಾರ್ಶ್ವದೇವಾಲಯಗಳು,low
ದೇವಾಲಯಗಳು,ಅಚ್ಚೊತ್ತುವಿಕೆಗಳನ್ನು,ದೇವಾಲಯಗಳುಅಚ್ಚೊತ್ತುವಿಕೆಗಳನ್ನು,low
ಅಚ್ಚೊತ್ತುವಿಕೆಗಳನ್ನು,ಒಳಗೊಂಡಿರುತ್ತವೆ,ಅಚ್ಚೊತ್ತುವಿಕೆಗಳನ್ನುಒಳಗೊಂಡಿರುತ್ತವೆ,low
ಒಳಗೊಂಡಿರುತ್ತವೆ,ಪ್ರತಿಯೊಂದೂ,ಒಳಗೊಂಡಿರುತ್ತವೆಪ್ರತಿಯೊಂದೂ,low
ಪ್ರತಿಯೊಂದೂ,ಹಿಂದೂ,ಪ್ರತಿಯೊಂದೂಹಿಂದೂ,low
ಹಿಂದೂ,ಧರ್ಮದ,ಹಿಂದೂಧರ್ಮದ,low
ಧರ್ಮದ,ಪುರಾಣ,ಧರ್ಮದಪುರಾಣ,low
ಪುರಾಣ,ಪ್ರಾಣಿಗಳು,ಪುರಾಣಪ್ರಾಣಿಗಳು,low
ಪ್ರಾಣಿಗಳು,ಮತ್ತು,ಪ್ರಾಣಿಗಳುಮತ್ತು,low
ಮತ್ತು,ಪ್ರಸಂಗಗಳನ್ನು,ಮತ್ತುಪ್ರಸಂಗಗಳನ್ನು,low
ಪ್ರಸಂಗಗಳನ್ನು,ಚಿತ್ರಿಸುವ,ಪ್ರಸಂಗಗಳನ್ನುಚಿತ್ರಿಸುವ,low
ಚಿತ್ರಿಸುವ,ಪರಿಹಾರದಲ್ಲಿ,ಚಿತ್ರಿಸುವಪರಿಹಾರದಲ್ಲಿ,low
ಪರಿಹಾರದಲ್ಲಿ,ಫ್ರೈಜ್,ಪರಿಹಾರದಲ್ಲಿಫ್ರೈಜ್,low
ಫ್ರೈಜ್,ಗಳೊಂದಿಗೆ,ಫ್ರೈಜ್ಗಳೊಂದಿಗೆ,low
ಗಳೊಂದಿಗೆ,ಚಿಕಿತ್ಸೆ,ಗಳೊಂದಿಗೆಚಿಕಿತ್ಸೆ,low
ಚಿಕಿತ್ಸೆ,ನೀಡಲಾಗುತ್ತದೆ,ಚಿಕಿತ್ಸೆನೀಡಲಾಗುತ್ತದೆ,low
ನೀಡಲಾಗುತ್ತದೆ,ಇತಿಹಾಸಕಾರ,ನೀಡಲಾಗುತ್ತದೆಇತಿಹಾಸಕಾರ,low
ಕಾಮತ್,ಇದನ್ನು,ಕಾಮತ್ಇದನ್ನು,low
ಇದನ್ನು,ಅಡ್ಡ,ಇದನ್ನುಅಡ್ಡ,low
ಅಡ್ಡ,ಚಿಕಿತ್ಸೆ,ಅಡ್ಡಚಿಕಿತ್ಸೆ,low
ಚಿಕಿತ್ಸೆ,ಎಂದು,ಚಿಕಿತ್ಸೆಎಂದು,low
ಕರೆಯುತ್ತಾರೆ,ಎಲ್ಲಾ,ಕರೆಯುತ್ತಾರೆಎಲ್ಲಾ,low
ಮೂರು,ಗರ್ಭಗುಡಿಗಳಲ್ಲಿ,ಮೂರುಗರ್ಭಗುಡಿಗಳಲ್ಲಿ,low
ಗರ್ಭಗುಡಿಗಳಲ್ಲಿ,ಆರಾಧನೆಯ,ಗರ್ಭಗುಡಿಗಳಲ್ಲಿಆರಾಧನೆಯ,low
ಆರಾಧನೆಯ,ದೇವತೆಯ,ಆರಾಧನೆಯದೇವತೆಯ,low
ದೇವತೆಯ,ಚಿತ್ರವು,ದೇವತೆಯಚಿತ್ರವು,low
ಚಿತ್ರವು,ಕಾಣೆಯಾಗಿದೆ,ಚಿತ್ರವುಕಾಣೆಯಾಗಿದೆ,low
ಕಾಣೆಯಾಗಿದೆ,ಮತ್ತು,ಕಾಣೆಯಾಗಿದೆಮತ್ತು,low
ಮತ್ತು,ಎಲ್ಲಾ,ಮತ್ತುಎಲ್ಲಾ,low
ದೇವಾಲಯಗಳ,ಮೇಲಿನ,ದೇವಾಲಯಗಳಮೇಲಿನ,low
ಮೇಲಿನ,ಮೇಲ್ವಿಚಾರವು,ಮೇಲಿನಮೇಲ್ವಿಚಾರವು,low
ಮೇಲ್ವಿಚಾರವು,ಕಳೆದುಹೋಗಿದೆ,ಮೇಲ್ವಿಚಾರವುಕಳೆದುಹೋಗಿದೆ,low
ಕಳೆದುಹೋಗಿದೆ,ನರ್ತಿಸುವ,ಕಳೆದುಹೋಗಿದೆನರ್ತಿಸುವ,low
ನರ್ತಿಸುವ,ಭೈರವ,ನರ್ತಿಸುವಭೈರವ,low
ಭೈರವ,ಶಿವನ,ಭೈರವಶಿವನ,low
ಶಿವನ,ರೂಪ,ಶಿವನರೂಪ,low
ರೂಪ,ಗೋವರ್ಧನ,ರೂಪಗೋವರ್ಧನ,low
ಗೋವರ್ಧನ,ಪರ್ವತವನ್ನು,ಗೋವರ್ಧನಪರ್ವತವನ್ನು,low
ಪರ್ವತವನ್ನು,ಎತ್ತುತ್ತಿರುವ,ಪರ್ವತವನ್ನುಎತ್ತುತ್ತಿರುವ,low
ಎತ್ತುತ್ತಿರುವ,ಕೃಷ್ಣ,ಎತ್ತುತ್ತಿರುವಕೃಷ್ಣ,low
ಕೃಷ್ಣ,ದೇವರು,ಕೃಷ್ಣದೇವರು,low
ದೇವರು,ವರದರಾಜನಾಗಿ,ದೇವರುವರದರಾಜನಾಗಿ,low
ವರದರಾಜನಾಗಿ,ವಿಷ್ಣು,ವರದರಾಜನಾಗಿವಿಷ್ಣು,low
ವಿಷ್ಣು,ಮತ್ತು,ವಿಷ್ಣುಮತ್ತು,low
ಮತ್ತು,ಬೇಟೆಗಾರ್ತಿ,ಮತ್ತುಬೇಟೆಗಾರ್ತಿ,low
ಬೇಟೆಗಾರ್ತಿ,ಮುಂತಾದ,ಬೇಟೆಗಾರ್ತಿಮುಂತಾದ,low
ಮುಂತಾದ,ಕೆಲವು,ಮುಂತಾದಕೆಲವು,low
ಕೆಲವು,ಗಮನಾರ್ಹವಾದ,ಕೆಲವುಗಮನಾರ್ಹವಾದ,low
ಗಮನಾರ್ಹವಾದ,ಶಿಲ್ಪಕಲೆಗಳು,ಗಮನಾರ್ಹವಾದಶಿಲ್ಪಕಲೆಗಳು,low
ಶಿಲ್ಪಕಲೆಗಳು,ಉಲ್ಲೇಖಕ್ಕೆ,ಶಿಲ್ಪಕಲೆಗಳುಉಲ್ಲೇಖಕ್ಕೆ,low
ಉಲ್ಲೇಖಕ್ಕೆ,ಅರ್ಹವಾಗಿವೆ,ಉಲ್ಲೇಖಕ್ಕೆಅರ್ಹವಾಗಿವೆ,low
ಅರ್ಹವಾಗಿವೆ,ಛಾಯಾಂಕಣ,ಅರ್ಹವಾಗಿವೆಛಾಯಾಂಕಣ,low
ಛಾಯಾಂಕಣ,ಉಲ್ಲೇಖಗಳು,ಛಾಯಾಂಕಣಉಲ್ಲೇಖಗಳು,low
ಸಾರಾಂಶ,ಮಗುವಾಗಿದ್ದಾಗ,ಸಾರಾಂಶಮಗುವಾಗಿದ್ದಾಗ,low
ಮಗುವಾಗಿದ್ದಾಗ,ಅನಾಥನಾದ,ಮಗುವಾಗಿದ್ದಾಗಅನಾಥನಾದ,low
ಅನಾಥನಾದ,ರಂಗ,ಅನಾಥನಾದರಂಗ,low
ರಂಗ,ರಾಜ್,ರಂಗರಾಜ್,low
ರಾಜ್,ಕುಮಾರ್,ರಾಜ್ಕುಮಾರ್,low
ಕುಮಾರ್,ಪಾತ್ರ,ಕುಮಾರ್ಪಾತ್ರ,low
ಪಾತ್ರ,ಅವರ,ಪಾತ್ರಅವರ,low
ಅವರ,ದೂರದ,ಅವರದೂರದ,low
ದೂರದ,ಸಂಬಂಧಿ,ದೂರದಸಂಬಂಧಿ,low
ಸಂಬಂಧಿ,ಚಂದ್ರಶೇಖರ್,ಸಂಬಂಧಿಚಂದ್ರಶೇಖರ್,low
ರಾವ್,ಬಹದ್ದೂರ್,ರಾವ್ಬಹದ್ದೂರ್,low
ಬಹದ್ದೂರ್,ಸಂಪತ್,ಬಹದ್ದೂರ್ಸಂಪತ್,low
ಸಂಪತ್,ಮತ್ತು,ಸಂಪತ್ಮತ್ತು,low
ಅವರ,ಕರುಣಾಮಯಿ,ಅವರಕರುಣಾಮಯಿ,low
ಕರುಣಾಮಯಿ,ಪತ್ನಿ,ಕರುಣಾಮಯಿಪತ್ನಿ,low
ಪತ್ನಿ,ಪಾರ್ವತಿ,ಪತ್ನಿಪಾರ್ವತಿ,low
ಪಾರ್ವತಿ,ಎಂ,ಪಾರ್ವತಿಎಂ,low
ಎಂ,ಜಯಶ್ರೀ,ಎಂಜಯಶ್ರೀ,low
ಜಯಶ್ರೀ,ಆಶ್ರಯದಲ್ಲಿ,ಜಯಶ್ರೀಆಶ್ರಯದಲ್ಲಿ,low
ಆಶ್ರಯದಲ್ಲಿ,ಬೆಳೆದನು,ಆಶ್ರಯದಲ್ಲಿಬೆಳೆದನು,low
ಬೆಳೆದನು,ಚಂದ್ರಶೇಖರ್,ಬೆಳೆದನುಚಂದ್ರಶೇಖರ್,low
ಅವರ,ಮೂರು,ಅವರಮೂರು,low
ಮೂರು,ಗಂಡು,ಮೂರುಗಂಡು,low
ಗಂಡು,ಮಕ್ಕಳು,ಗಂಡುಮಕ್ಕಳು,low
ಮಕ್ಕಳು,ರಾಮನಾಥ,ಮಕ್ಕಳುರಾಮನಾಥ,low
ರಾಮನಾಥ,ವಜ್ರಮುನಿ,ರಾಮನಾಥವಜ್ರಮುನಿ,low
ವಜ್ರಮುನಿ,ಸೋಮನಾಥ,ವಜ್ರಮುನಿಸೋಮನಾಥ,low
ಸೋಮನಾಥ,ಬೆಂಗಳೂರು,ಸೋಮನಾಥಬೆಂಗಳೂರು,low
ಬೆಂಗಳೂರು,ನಾಗೇಶ್,ಬೆಂಗಳೂರುನಾಗೇಶ್,low
ನಾಗೇಶ್,ಮತ್ತು,ನಾಗೇಶ್ಮತ್ತು,low
ಮತ್ತು,ವಿಶ್ವನಾಥ,ಮತ್ತುವಿಶ್ವನಾಥ,low
ವಿಶ್ವನಾಥ,ದ್ವಾರಕೀಶ್,ವಿಶ್ವನಾಥದ್ವಾರಕೀಶ್,low
ದ್ವಾರಕೀಶ್,ಇಬ್ಬರು,ದ್ವಾರಕೀಶ್ಇಬ್ಬರು,low
ಇಬ್ಬರು,ಹೆಣ್ಣುಮಕ್ಕಳು,ಇಬ್ಬರುಹೆಣ್ಣುಮಕ್ಕಳು,low
ಹೆಣ್ಣುಮಕ್ಕಳು,ದೊಡ್ಡ,ಹೆಣ್ಣುಮಕ್ಕಳುದೊಡ್ಡ,low
ದೊಡ್ಡ,ಮಗಳು,ದೊಡ್ಡಮಗಳು,low
ಮಗಳು,ವಿಧವೆ,ಮಗಳುವಿಧವೆ,low
ವಿಧವೆ,ರಾಜಮ್ಮ,ವಿಧವೆರಾಜಮ್ಮ,low
ರಾಜಮ್ಮ,ಲಕ್ಷ್ಮಿ,ರಾಜಮ್ಮಲಕ್ಷ್ಮಿ,low
ಲಕ್ಷ್ಮಿ,ದೇವಿ,ಲಕ್ಷ್ಮಿದೇವಿ,low
ದೇವಿ,ಮತ್ತು,ದೇವಿಮತ್ತು,low
ಮತ್ತು,ಅವಳ,ಮತ್ತುಅವಳ,low
ಅವಳ,ಮಗ,ಅವಳಮಗ,low
ಮಗ,ಹಾಗೂ,ಮಗಹಾಗೂ,low
ಹಾಗೂ,ಇಬ್ಬರು,ಹಾಗೂಇಬ್ಬರು,low
ಇಬ್ಬರು,ಚಿಕ್ಕ,ಇಬ್ಬರುಚಿಕ್ಕ,low
ಚಿಕ್ಕ,ಮೊಮ್ಮಕ್ಕಳು,ಚಿಕ್ಕಮೊಮ್ಮಕ್ಕಳು,low
ಮೊಮ್ಮಕ್ಕಳು,ತುಂಬಿದ,ಮೊಮ್ಮಕ್ಕಳುತುಂಬಿದ,low
ತುಂಬಿದ,ದೊಡ್ಡ,ತುಂಬಿದದೊಡ್ಡ,low
ದೊಡ್ಡ,ಕುಟುಂಬ,ದೊಡ್ಡಕುಟುಂಬ,low
ಕುಟುಂಬ,ಪಾರ್ವತಿ,ಕುಟುಂಬಪಾರ್ವತಿ,low
ಪಾರ್ವತಿ,ತನ್ನ,ಪಾರ್ವತಿತನ್ನ,low
ತನ್ನ,ಬಾಲ್ಯದ,ತನ್ನಬಾಲ್ಯದ,low
ಬಾಲ್ಯದ,ಗೆಳತಿ,ಬಾಲ್ಯದಗೆಳತಿ,low
ಗೆಳತಿ,ಮಾಯಕ್ಕನಿಗೆ,ಗೆಳತಿಮಾಯಕ್ಕನಿಗೆ,low
ಮಾಯಕ್ಕನಿಗೆ,ಅವಳ,ಮಾಯಕ್ಕನಿಗೆಅವಳ,low
ಅವಳ,ಮಗಳು,ಅವಳಮಗಳು,low
ಮಗಳು,ಲಕ್ಷ್ಮಿಯನ್ನು,ಮಗಳುಲಕ್ಷ್ಮಿಯನ್ನು,low
ಲಕ್ಷ್ಮಿಯನ್ನು,ಜಯಂತಿ,ಲಕ್ಷ್ಮಿಯನ್ನುಜಯಂತಿ,low
ಜಯಂತಿ,ತನ್ನ,ಜಯಂತಿತನ್ನ,low
ತನ್ನ,ಮೂರನೇ,ತನ್ನಮೂರನೇ,low
ಮೂರನೇ,ಸೊಸೆಯಾಗಿ,ಮೂರನೇಸೊಸೆಯಾಗಿ,low
ಸೊಸೆಯಾಗಿ,ತೆಗೆದುಕೊಳ್ಳುವುದಾಗಿ,ಸೊಸೆಯಾಗಿತೆಗೆದುಕೊಳ್ಳುವುದಾಗಿ,low
ತೆಗೆದುಕೊಳ್ಳುವುದಾಗಿ,ಭರವಸೆ,ತೆಗೆದುಕೊಳ್ಳುವುದಾಗಿಭರವಸೆ,low
ಭರವಸೆ,ನೀಡುತ್ತಾಳೆ,ಭರವಸೆನೀಡುತ್ತಾಳೆ,low
ನೀಡುತ್ತಾಳೆ,ಆದರೆ,ನೀಡುತ್ತಾಳೆಆದರೆ,low
ಆದರೆ,ಅವಳ,ಆದರೆಅವಳ,low
ಅವಳ,ಮೂರನೇ,ಅವಳಮೂರನೇ,low
ಮೂರನೇ,ಮಗ,ಮೂರನೇಮಗ,low
ಮಗ,ಲೇಪಾಕ್ಷಿಯನ್ನು,ಮಗಲೇಪಾಕ್ಷಿಯನ್ನು,low
ಲೇಪಾಕ್ಷಿಯನ್ನು,ಬಿ,ಲೇಪಾಕ್ಷಿಯನ್ನುಬಿ,low
ಬಿ,ಜಯ,ಬಿಜಯ,low
ಜಯ,ಪ್ರೀತಿಸುತ್ತಿದ್ದ,ಜಯಪ್ರೀತಿಸುತ್ತಿದ್ದ,low
ಪ್ರೀತಿಸುತ್ತಿದ್ದ,ಕಾರಣ,ಪ್ರೀತಿಸುತ್ತಿದ್ದಕಾರಣ,low
ಕಾರಣ,ಮದುವೆಯಾಗಲು,ಕಾರಣಮದುವೆಯಾಗಲು,low
ಮದುವೆಯಾಗಲು,ನಿರಾಕರಿಸುತ್ತಾನೆ,ಮದುವೆಯಾಗಲುನಿರಾಕರಿಸುತ್ತಾನೆ,low
ನಿರಾಕರಿಸುತ್ತಾನೆ,ಆಗ,ನಿರಾಕರಿಸುತ್ತಾನೆಆಗ,low
ಆಗ,ಪಾರ್ವತಿ,ಆಗಪಾರ್ವತಿ,low
ಪಾರ್ವತಿ,ಲಕ್ಷ್ಮಿಯನ್ನು,ಪಾರ್ವತಿಲಕ್ಷ್ಮಿಯನ್ನು,low
ಲಕ್ಷ್ಮಿಯನ್ನು,ರಂಗನಿಗೆ,ಲಕ್ಷ್ಮಿಯನ್ನುರಂಗನಿಗೆ,low
ರಂಗನಿಗೆ,ಕೊಟ್ಟು,ರಂಗನಿಗೆಕೊಟ್ಟು,low
ಕೊಟ್ಟು,ಮದುವೆ,ಕೊಟ್ಟುಮದುವೆ,low
ಮದುವೆ,ಮಾಡಿಕೊಡುತ್ತಾಳೆ,ಮದುವೆಮಾಡಿಕೊಡುತ್ತಾಳೆ,low
ಮಾಡಿಕೊಡುತ್ತಾಳೆ,ಷೇರು,ಮಾಡಿಕೊಡುತ್ತಾಳೆಷೇರು,low
ಷೇರು,ಮಾರುಕಟ್ಟೆಯಲ್ಲಿ,ಷೇರುಮಾರುಕಟ್ಟೆಯಲ್ಲಿ,low
ಮಾರುಕಟ್ಟೆಯಲ್ಲಿ,ತನ್ನೆಲ್ಲ,ಮಾರುಕಟ್ಟೆಯಲ್ಲಿತನ್ನೆಲ್ಲ,low
ತನ್ನೆಲ್ಲ,ಸಂಪತ್ತನ್ನು,ತನ್ನೆಲ್ಲಸಂಪತ್ತನ್ನು,low
ಸಂಪತ್ತನ್ನು,ಕಳೆದುಕೊಂಡಾಗ,ಸಂಪತ್ತನ್ನುಕಳೆದುಕೊಂಡಾಗ,low
ಕಳೆದುಕೊಂಡಾಗ,ಚಂದ್ರಶೇಖರ್,ಕಳೆದುಕೊಂಡಾಗಚಂದ್ರಶೇಖರ್,low
ಅವರ,ಜೀವನವು,ಅವರಜೀವನವು,low
ಜೀವನವು,ಕ್ರೂರ,ಜೀವನವುಕ್ರೂರ,low
ಕ್ರೂರ,ತಿರುವು,ಕ್ರೂರತಿರುವು,low
ತಿರುವು,ಪಡೆಯುತ್ತದೆ,ತಿರುವುಪಡೆಯುತ್ತದೆ,low
ಪಡೆಯುತ್ತದೆ,ಮಗಳ,ಪಡೆಯುತ್ತದೆಮಗಳ,low
ಮಗಳ,ಮದುವೆ,ಮಗಳಮದುವೆ,low
ಮದುವೆ,ರದ್ದಾಗುತ್ತದೆ,ಮದುವೆರದ್ದಾಗುತ್ತದೆ,low
ರದ್ದಾಗುತ್ತದೆ,ಗಂಡು,ರದ್ದಾಗುತ್ತದೆಗಂಡು,low
ಗಂಡು,ಮಕ್ಕಳ,ಗಂಡುಮಕ್ಕಳ,low
ಮಕ್ಕಳ,ಸೊಸೆಯಂದಿರ,ಮಕ್ಕಳಸೊಸೆಯಂದಿರ,low
ಸೊಸೆಯಂದಿರ,ವರ್ತನೆ,ಸೊಸೆಯಂದಿರವರ್ತನೆ,low
ವರ್ತನೆ,ಬದಲಾಗುತ್ತದೆ,ವರ್ತನೆಬದಲಾಗುತ್ತದೆ,low
ಬದಲಾಗುತ್ತದೆ,ರಂಗ,ಬದಲಾಗುತ್ತದೆರಂಗ,low
ರಂಗ,ಮತ್ತು,ರಂಗಮತ್ತು,low
ಮತ್ತು,ಲಕ್ಷ್ಮಿಯನ್ನು,ಮತ್ತುಲಕ್ಷ್ಮಿಯನ್ನು,low
ಲಕ್ಷ್ಮಿಯನ್ನು,ಹೊರಗೆ,ಲಕ್ಷ್ಮಿಯನ್ನುಹೊರಗೆ,low
ಹೊರಗೆ,ಕಳುಹಿಸುವಂತೆ,ಹೊರಗೆಕಳುಹಿಸುವಂತೆ,low
ಕಳುಹಿಸುವಂತೆ,ಆಗುತ್ತದೆ,ಕಳುಹಿಸುವಂತೆಆಗುತ್ತದೆ,low
ಆಗುತ್ತದೆ,ಚಂದ್ರಶೇಖರ್,ಆಗುತ್ತದೆಚಂದ್ರಶೇಖರ್,low
ರಾವ್,ಹೃದಯಾಘಾತದಿಂದ,ರಾವ್ಹೃದಯಾಘಾತದಿಂದ,low
ಹೃದಯಾಘಾತದಿಂದ,ಸಾಯುತ್ತಾನೆ,ಹೃದಯಾಘಾತದಿಂದಸಾಯುತ್ತಾನೆ,low
ಸಾಯುತ್ತಾನೆ,ಕೋಟಯ್ಯನ,ಸಾಯುತ್ತಾನೆಕೋಟಯ್ಯನ,low
ಕೋಟಯ್ಯನ,ಬಾಲಕೃಷ್ಣ,ಕೋಟಯ್ಯನಬಾಲಕೃಷ್ಣ,low
ಬಾಲಕೃಷ್ಣ,ಸಹಾಯದಿಂದ,ಬಾಲಕೃಷ್ಣಸಹಾಯದಿಂದ,low
ಸಹಾಯದಿಂದ,ರಂಗನು,ಸಹಾಯದಿಂದರಂಗನು,low
ರಂಗನು,ತಂಗಿಯಂತೆ,ರಂಗನುತಂಗಿಯಂತೆ,low
ತಂಗಿಯಂತೆ,ಇದ್ದ,ತಂಗಿಯಂತೆಇದ್ದ,low
ಇದ್ದ,ಗೀತಾಳನ್ನು,ಇದ್ದಗೀತಾಳನ್ನು,low
ಗೀತಾಳನ್ನು,ಮದುವೆಯಾಗಲಿರುವ,ಗೀತಾಳನ್ನುಮದುವೆಯಾಗಲಿರುವ,low
ಮದುವೆಯಾಗಲಿರುವ,ರಾಚಪ್ಪ,ಮದುವೆಯಾಗಲಿರುವರಾಚಪ್ಪ,low
ರಾಚಪ್ಪ,ಮಹದೇವಪ್ಪ,ರಾಚಪ್ಪಮಹದೇವಪ್ಪ,low
ಮಹದೇವಪ್ಪ,ಒಡೆತನದ,ಮಹದೇವಪ್ಪಒಡೆತನದ,low
ಒಡೆತನದ,ಕಾರ್ಖಾನೆಯಲ್ಲಿ,ಒಡೆತನದಕಾರ್ಖಾನೆಯಲ್ಲಿ,low
ಕಾರ್ಖಾನೆಯಲ್ಲಿ,ಕೆಲಸ,ಕಾರ್ಖಾನೆಯಲ್ಲಿಕೆಲಸ,low
ಕೆಲಸ,ಪಡೆಯುತ್ತಾನೆ,ಕೆಲಸಪಡೆಯುತ್ತಾನೆ,low
ಪಡೆಯುತ್ತಾನೆ,ರಂಗನು,ಪಡೆಯುತ್ತಾನೆರಂಗನು,low
ರಂಗನು,ಕುಟುಂಬದಲ್ಲಿನ,ರಂಗನುಕುಟುಂಬದಲ್ಲಿನ,low
ಕುಟುಂಬದಲ್ಲಿನ,ಪ್ರಕ್ಷುಬ್ಧತೆಯನ್ನು,ಕುಟುಂಬದಲ್ಲಿನಪ್ರಕ್ಷುಬ್ಧತೆಯನ್ನು,low
ಪ್ರಕ್ಷುಬ್ಧತೆಯನ್ನು,ಹೇಗೆ,ಪ್ರಕ್ಷುಬ್ಧತೆಯನ್ನುಹೇಗೆ,low
ಹೇಗೆ,ಸರಿಪಡಿಸುತ್ತಾನೆ,ಹೇಗೆಸರಿಪಡಿಸುತ್ತಾನೆ,low
ಸರಿಪಡಿಸುತ್ತಾನೆ,ಮತ್ತು,ಸರಿಪಡಿಸುತ್ತಾನೆಮತ್ತು,low
ಮತ್ತು,ಎಲ್ಲರನ್ನೂ,ಮತ್ತುಎಲ್ಲರನ್ನೂ,low
ಎಲ್ಲರನ್ನೂ,ಮತ್ತೆ,ಎಲ್ಲರನ್ನೂಮತ್ತೆ,low
ಮತ್ತೆ,ಹೇಗೆ,ಮತ್ತೆಹೇಗೆ,low
ಹೇಗೆ,ಒಂದಾಗಿಸುತ್ತಾನೆ,ಹೇಗೆಒಂದಾಗಿಸುತ್ತಾನೆ,low
ಒಂದಾಗಿಸುತ್ತಾನೆ,ಎಂಬುದೇ,ಒಂದಾಗಿಸುತ್ತಾನೆಎಂಬುದೇ,low
ಎಂಬುದೇ,ಕಥೆಯ,ಎಂಬುದೇಕಥೆಯ,low
ಕಥೆಯ,ಉಳಿದ,ಕಥೆಯಉಳಿದ,low
ಉಳಿದ,ಸಾರಾಂಶ,ಉಳಿದಸಾರಾಂಶ,low
ಸಾರಾಂಶ,ಉಲ್ಲೇಖಗಳು,ಸಾರಾಂಶಉಲ್ಲೇಖಗಳು,low
ನಿಕೋಲಸ್,ಕೋಪರ್ನಿಕಸ್,ನಿಕೋಲಸ್ಕೋಪರ್ನಿಕಸ್,low
ಕೋಪರ್ನಿಕಸ್,೧೯,ಕೋಪರ್ನಿಕಸ್೧೯,low
೧೯,ಫೆಬ್ರುವರಿ,೧೯ಫೆಬ್ರುವರಿ,low
ಫೆಬ್ರುವರಿ,೧೪೭೩,ಫೆಬ್ರುವರಿ೧೪೭೩,low
೧೪೭೩,೨೪,೧೪೭೩೨೪,low
೨೪,ಮೇ,೨೪ಮೇ,low
ಮೇ,೧೫೪೩,ಮೇ೧೫೪೩,low
೧೫೪೩,ಒಬ್ಬ,೧೫೪೩ಒಬ್ಬ,low
ಒಬ್ಬ,ಖ್ಯಾತ,ಒಬ್ಬಖ್ಯಾತ,low
ಖ್ಯಾತ,ಖಗೋಳಶಾಸ್ತ್ರಜ್ಞ,ಖ್ಯಾತಖಗೋಳಶಾಸ್ತ್ರಜ್ಞ,low
ಖಗೋಳಶಾಸ್ತ್ರಜ್ಞ,ಪೋಲೆಂಡಿನ,ಖಗೋಳಶಾಸ್ತ್ರಜ್ಞಪೋಲೆಂಡಿನ,low
ಪೋಲೆಂಡಿನ,ಇವರನ್ನು,ಪೋಲೆಂಡಿನಇವರನ್ನು,low
ಇವರನ್ನು,ಆಧುನಿಕ,ಇವರನ್ನುಆಧುನಿಕ,low
ಆಧುನಿಕ,ಖಗೋಳಶಾಸ್ತ್ರದ,ಆಧುನಿಕಖಗೋಳಶಾಸ್ತ್ರದ,low
ಖಗೋಳಶಾಸ್ತ್ರದ,ಪಿತಾಮಹ,ಖಗೋಳಶಾಸ್ತ್ರದಪಿತಾಮಹ,low
ಪಿತಾಮಹ,ಎನ್ನುವರು,ಪಿತಾಮಹಎನ್ನುವರು,low
ಎನ್ನುವರು,ಇವರು,ಎನ್ನುವರುಇವರು,low
ಇವರು,ಪ್ರಥಮವಾಗಿ,ಇವರುಪ್ರಥಮವಾಗಿ,low
ಪ್ರಥಮವಾಗಿ,ಭೂಮಿಯು,ಪ್ರಥಮವಾಗಿಭೂಮಿಯು,low
ಭೂಮಿಯು,ಒಂದು,ಭೂಮಿಯುಒಂದು,low
ಒಂದು,ಚಲಿಸುತ್ತಿರುವ,ಒಂದುಚಲಿಸುತ್ತಿರುವ,low
ಚಲಿಸುತ್ತಿರುವ,ಗ್ರಹ,ಚಲಿಸುತ್ತಿರುವಗ್ರಹ,low
ಗ್ರಹ,ಎಂದು,ಗ್ರಹಎಂದು,low
ಎಂದು,ಪ್ರತಿಪಾದಿಸಿದರು,ಎಂದುಪ್ರತಿಪಾದಿಸಿದರು,low
ಪ್ರತಿಪಾದಿಸಿದರು,ಬಾಲ್ಯ,ಪ್ರತಿಪಾದಿಸಿದರುಬಾಲ್ಯ,low
ಬಾಲ್ಯ,ಕೋಪರ್ನಿಕಸ್,ಬಾಲ್ಯಕೋಪರ್ನಿಕಸ್,low
ಕೋಪರ್ನಿಕಸ್,೧೪೭೩ರಲ್ಲಿ,ಕೋಪರ್ನಿಕಸ್೧೪೭೩ರಲ್ಲಿ,low
೧೪೭೩ರಲ್ಲಿ,ಪೋಲೆಂಡಿನ,೧೪೭೩ರಲ್ಲಿಪೋಲೆಂಡಿನ,low
ಪೋಲೆಂಡಿನ,ಥಾರ್ನ್,ಪೋಲೆಂಡಿನಥಾರ್ನ್,low
ಥಾರ್ನ್,ಎಂಬ,ಥಾರ್ನ್ಎಂಬ,low
ಎಂಬ,ಪಟ್ಟಣದಲ್ಲಿ,ಎಂಬಪಟ್ಟಣದಲ್ಲಿ,low
ಪಟ್ಟಣದಲ್ಲಿ,ವರ್ತಕನೊಬ್ಬನ,ಪಟ್ಟಣದಲ್ಲಿವರ್ತಕನೊಬ್ಬನ,low
ವರ್ತಕನೊಬ್ಬನ,ಮಗನಾಗಿ,ವರ್ತಕನೊಬ್ಬನಮಗನಾಗಿ,low
ಮಗನಾಗಿ,ಜನಿಸಿದನು,ಮಗನಾಗಿಜನಿಸಿದನು,low
ಜನಿಸಿದನು,ಈತನ,ಜನಿಸಿದನುಈತನ,low
ಈತನ,ಪೂರ್ವಜರು,ಈತನಪೂರ್ವಜರು,low
ಪೂರ್ವಜರು,ಪೋಲೆಂಡಿನಲ್ಲಿ,ಪೂರ್ವಜರುಪೋಲೆಂಡಿನಲ್ಲಿ,low
ಪೋಲೆಂಡಿನಲ್ಲಿ,ನೆಲೆಸಿದ್ದ,ಪೋಲೆಂಡಿನಲ್ಲಿನೆಲೆಸಿದ್ದ,low
ನೆಲೆಸಿದ್ದ,ಜರ್ಮನರು,ನೆಲೆಸಿದ್ದಜರ್ಮನರು,low
ಜರ್ಮನರು,ಎಳವೆಯಲ್ಲೇ,ಜರ್ಮನರುಎಳವೆಯಲ್ಲೇ,low
ಎಳವೆಯಲ್ಲೇ,ಕೊಪರ್ನಿಕಸ್,ಎಳವೆಯಲ್ಲೇಕೊಪರ್ನಿಕಸ್,low
ಕೊಪರ್ನಿಕಸ್,ತನ್ನ,ಕೊಪರ್ನಿಕಸ್ತನ್ನ,low
ತನ್ನ,ತಂದೆಯನ್ನು,ತನ್ನತಂದೆಯನ್ನು,low
ತಂದೆಯನ್ನು,ಕಳೆದುಕೊಂಡು,ತಂದೆಯನ್ನುಕಳೆದುಕೊಂಡು,low
ಕಳೆದುಕೊಂಡು,ಬಿಷಪ್,ಕಳೆದುಕೊಂಡುಬಿಷಪ್,low
ಬಿಷಪ್,ಆಗಿದ್ದ,ಬಿಷಪ್ಆಗಿದ್ದ,low
ಆಗಿದ್ದ,ಚಿಕ್ಕಪ್ಪನ,ಆಗಿದ್ದಚಿಕ್ಕಪ್ಪನ,low
ಚಿಕ್ಕಪ್ಪನ,ಆಸರೆಯಲ್ಲಿ,ಚಿಕ್ಕಪ್ಪನಆಸರೆಯಲ್ಲಿ,low
ಆಸರೆಯಲ್ಲಿ,ಬೆಳೆದ,ಆಸರೆಯಲ್ಲಿಬೆಳೆದ,low
ಬೆಳೆದ,ಕೋಪರ್ನಿಕಸ್,ಬೆಳೆದಕೋಪರ್ನಿಕಸ್,low
ಕೋಪರ್ನಿಕಸ್,ಕ್ರಾಕೋ,ಕೋಪರ್ನಿಕಸ್ಕ್ರಾಕೋ,low
ಕ್ರಾಕೋ,ವಿಶ,ಕ್ರಾಕೋವಿಶ,low
ವಿಶ,್ವವಿದ್ಯಾನಿಲಯದಲ್ಲಿ,ವಿಶ್ವವಿದ್ಯಾನಿಲಯದಲ್ಲಿ,low
್ವವಿದ್ಯಾನಿಲಯದಲ್ಲಿ,ಗಣಿತವನ್ನು,್ವವಿದ್ಯಾನಿಲಯದಲ್ಲಿಗಣಿತವನ್ನು,low
ಗಣಿತವನ್ನು,ವ್ಯಾಸಂಗ,ಗಣಿತವನ್ನುವ್ಯಾಸಂಗ,low
ವ್ಯಾಸಂಗ,ಮಾಡಿ,ವ್ಯಾಸಂಗಮಾಡಿ,low
ಮಾಡಿ,ಅನಂತರ,ಮಾಡಿಅನಂತರ,low
ಅನಂತರ,ಇಟಲಿಯ,ಅನಂತರಇಟಲಿಯ,low
ಇಟಲಿಯ,ಬೊಲೋನಾದಲ್ಲಿ,ಇಟಲಿಯಬೊಲೋನಾದಲ್ಲಿ,low
ಬೊಲೋನಾದಲ್ಲಿ,ಕ್ರೈಸ್ತ,ಬೊಲೋನಾದಲ್ಲಿಕ್ರೈಸ್ತ,low
ಕ್ರೈಸ್ತ,ಚರ್ಚಿನ,ಕ್ರೈಸ್ತಚರ್ಚಿನ,low
ಚರ್ಚಿನ,ಕಾನೂನನ್ನೂ,ಚರ್ಚಿನಕಾನೂನನ್ನೂ,low
ಕಾನೂನನ್ನೂ,ಖಗೋಳಶಾಸ್ತ್ರವನ್ನೂ,ಕಾನೂನನ್ನೂಖಗೋಳಶಾಸ್ತ್ರವನ್ನೂ,low
ಖಗೋಳಶಾಸ್ತ್ರವನ್ನೂ,ಪಾದುವಾದಲ್ಲಿ,ಖಗೋಳಶಾಸ್ತ್ರವನ್ನೂಪಾದುವಾದಲ್ಲಿ,low
ಪಾದುವಾದಲ್ಲಿ,ವೈದ್ಯಶಾಸ್ತ್ರವನ್ನೂ,ಪಾದುವಾದಲ್ಲಿವೈದ್ಯಶಾಸ್ತ್ರವನ್ನೂ,low
ವೈದ್ಯಶಾಸ್ತ್ರವನ್ನೂ,ವ್ಯಾಸಂಗಮಾಡಿದ,ವೈದ್ಯಶಾಸ್ತ್ರವನ್ನೂವ್ಯಾಸಂಗಮಾಡಿದ,low
ವ್ಯಾಸಂಗಮಾಡಿದ,೧೫೦೦ರಲ್ಲಿ,ವ್ಯಾಸಂಗಮಾಡಿದ೧೫೦೦ರಲ್ಲಿ,low
೧೫೦೦ರಲ್ಲಿ,ರೋಮಿಗೆ,೧೫೦೦ರಲ್ಲಿರೋಮಿಗೆ,low
ರೋಮಿಗೆ,ಬಂದು,ರೋಮಿಗೆಬಂದು,low
ಬಂದು,ಅಲ್ಲಿ,ಬಂದುಅಲ್ಲಿ,low
ಅಲ್ಲಿ,ಗಣಿತವನ್ನೂ,ಅಲ್ಲಿಗಣಿತವನ್ನೂ,low
ಗಣಿತವನ್ನೂ,ಖಗೋಳ,ಗಣಿತವನ್ನೂಖಗೋಳ,low
ಖಗೋಳ,ಶಾಸ್ತ್ರವನ್ನೂ,ಖಗೋಳಶಾಸ್ತ್ರವನ್ನೂ,low
ಶಾಸ್ತ್ರವನ್ನೂ,ಕೆಲವು,ಶಾಸ್ತ್ರವನ್ನೂಕೆಲವು,low
ಕೆಲವು,ಕಾಲ,ಕೆಲವುಕಾಲ,low
ಕಾಲ,ಕಲಿಸಿ,ಕಾಲಕಲಿಸಿ,low
ಕಲಿಸಿ,ಪ್ರಷ್ಯಾದ,ಕಲಿಸಿಪ್ರಷ್ಯಾದ,low
ಪ್ರಷ್ಯಾದ,ಫ್ರೌವೆನ್,ಪ್ರಷ್ಯಾದಫ್ರೌವೆನ್,low
ಫ್ರೌವೆನ್,ಬರ್ಗ್,ಫ್ರೌವೆನ್ಬರ್ಗ್,low
ಬರ್ಗ್,ಗೆ,ಬರ್ಗ್ಗೆ,low
ಗೆ,ವಾಪಸಾಗಿ,ಗೆವಾಪಸಾಗಿ,low
ವಾಪಸಾಗಿ,ಅಲ್ಲಿಯ,ವಾಪಸಾಗಿಅಲ್ಲಿಯ,low
ಅಲ್ಲಿಯ,ಕೆಥೀಡ್ರಲಿನಲ್ಲಿ,ಅಲ್ಲಿಯಕೆಥೀಡ್ರಲಿನಲ್ಲಿ,low
ಕೆಥೀಡ್ರಲಿನಲ್ಲಿ,ಪಾದ್ರಿಯಾಗಿ,ಕೆಥೀಡ್ರಲಿನಲ್ಲಿಪಾದ್ರಿಯಾಗಿ,low
ಪಾದ್ರಿಯಾಗಿ,ನೆಲೆಸಿದ,ಪಾದ್ರಿಯಾಗಿನೆಲೆಸಿದ,low
ನೆಲೆಸಿದ,ಖಗೋಳವಿಜ್ಞಾನಿಯಾಗಿ,ನೆಲೆಸಿದಖಗೋಳವಿಜ್ಞಾನಿಯಾಗಿ,low
ಖಗೋಳವಿಜ್ಞಾನಿಯಾಗಿ,ಆಗ,ಖಗೋಳವಿಜ್ಞಾನಿಯಾಗಿಆಗ,low
ಆಗ,ಪ್ರಚಾರದಲ್ಲಿದ್ದ,ಆಗಪ್ರಚಾರದಲ್ಲಿದ್ದ,low
ಪ್ರಚಾರದಲ್ಲಿದ್ದ,ಭೂಕೇಂದ್ರವಾದವನ್ನು,ಪ್ರಚಾರದಲ್ಲಿದ್ದಭೂಕೇಂದ್ರವಾದವನ್ನು,low
ಭೂಕೇಂದ್ರವಾದವನ್ನು,ಈತ,ಭೂಕೇಂದ್ರವಾದವನ್ನುಈತ,low
ಈತ,ನಿರಾಕರಿಸಿ,ಈತನಿರಾಕರಿಸಿ,low
ನಿರಾಕರಿಸಿ,ಸೂರ್ಯನೇ,ನಿರಾಕರಿಸಿಸೂರ್ಯನೇ,low
ಸೂರ್ಯನೇ,ಕೇಂದ್ರ,ಸೂರ್ಯನೇಕೇಂದ್ರ,low
ಕೇಂದ್ರ,ಬಿಂದು,ಕೇಂದ್ರಬಿಂದು,low
ಬಿಂದು,ಅದರ,ಬಿಂದುಅದರ,low
ಅದರ,ಸುತ್ತು,ಅದರಸುತ್ತು,low
ಸುತ್ತು,ಉಳಿದೆಲ್ಲಾ,ಸುತ್ತುಉಳಿದೆಲ್ಲಾ,low
ಉಳಿದೆಲ್ಲಾ,ಗ್ರಹಗಳು,ಉಳಿದೆಲ್ಲಾಗ್ರಹಗಳು,low
ಗ್ರಹಗಳು,ಸುತ್ತುತ್ತವೆ,ಗ್ರಹಗಳುಸುತ್ತುತ್ತವೆ,low
ಸುತ್ತುತ್ತವೆ,ಅವುಗಳ,ಸುತ್ತುತ್ತವೆಅವುಗಳ,low
ಅವುಗಳ,ಪೈಕಿ,ಅವುಗಳಪೈಕಿ,low
ಪೈಕಿ,ಭೂಮಿ,ಪೈಕಿಭೂಮಿ,low
ಭೂಮಿ,ಒಂದೆಂದೂ,ಭೂಮಿಒಂದೆಂದೂ,low
ಒಂದೆಂದೂ,ಸಾರಿದ,ಒಂದೆಂದೂಸಾರಿದ,low
ಸಾರಿದ,ಎಂದು,ಸಾರಿದಎಂದು,low
ಎಂದು,ಜಗತ್ತಿಗೆ,ಎಂದುಜಗತ್ತಿಗೆ,low
ಜಗತ್ತಿಗೆ,ತೋರಿಸಿಕೊಟ್ಟರು,ಜಗತ್ತಿಗೆತೋರಿಸಿಕೊಟ್ಟರು,low
ತೋರಿಸಿಕೊಟ್ಟರು,ಆದ್ದರಿಂದ,ತೋರಿಸಿಕೊಟ್ಟರುಆದ್ದರಿಂದ,low
ಆದ್ದರಿಂದ,ಕೊಪರ್ನಿಕಸ್,ಆದ್ದರಿಂದಕೊಪರ್ನಿಕಸ್,low
ಕೊಪರ್ನಿಕಸ್,ಸೂರ್ಯಕೇಂದ್ರವಾದವನ್ನು,ಕೊಪರ್ನಿಕಸ್ಸೂರ್ಯಕೇಂದ್ರವಾದವನ್ನು,low
ಸೂರ್ಯಕೇಂದ್ರವಾದವನ್ನು,ಪ್ರತಿಪಾದಿಸಿದ,ಸೂರ್ಯಕೇಂದ್ರವಾದವನ್ನುಪ್ರತಿಪಾದಿಸಿದ,low
ಪ್ರತಿಪಾದಿಸಿದ,ಖಗೋಳಜ್ಞನೆಂದು,ಪ್ರತಿಪಾದಿಸಿದಖಗೋಳಜ್ಞನೆಂದು,low
ಖಗೋಳಜ್ಞನೆಂದು,ಖ್ಯಾತಿ,ಖಗೋಳಜ್ಞನೆಂದುಖ್ಯಾತಿ,low
ಖ್ಯಾತಿ,ಪಡೆದಿದ್ದಾನೆ,ಖ್ಯಾತಿಪಡೆದಿದ್ದಾನೆ,low
ಪಡೆದಿದ್ದಾನೆ,ಕೋಪರ್,ಪಡೆದಿದ್ದಾನೆಕೋಪರ್,low
ಕೋಪರ್,ನಿಕಸ್,ಕೋಪರ್ನಿಕಸ್,low
ನಿಕಸ್,ಭೂಮಿ,ನಿಕಸ್ಭೂಮಿ,low
ಭೂಮಿ,ತನ್ನ,ಭೂಮಿತನ್ನ,low
ತನ್ನ,ಅಕ್ಷದ,ತನ್ನಅಕ್ಷದ,low
ಅಕ್ಷದ,ಸುತ್ತ,ಅಕ್ಷದಸುತ್ತ,low
ಸುತ್ತ,ತಿರುಗುತ್ತಿರುವುದು,ಸುತ್ತತಿರುಗುತ್ತಿರುವುದು,low
ಕಾರಣದಿಂದಲೇ,ಹಗಲು,ಕಾರಣದಿಂದಲೇಹಗಲು,low
ಹಗಲು,ರಾತ್ರಿಗಳಾಗುತ್ತವೆ,ಹಗಲುರಾತ್ರಿಗಳಾಗುತ್ತವೆ,low
ರಾತ್ರಿಗಳಾಗುತ್ತವೆ,ಎಂಬುದನ್ನು,ರಾತ್ರಿಗಳಾಗುತ್ತವೆಎಂಬುದನ್ನು,low
ಎಂಬುದನ್ನು,ಕಂಡು,ಎಂಬುದನ್ನುಕಂಡು,low
ಕಂಡು,ಹಿಡಿದ,ಕಂಡುಹಿಡಿದ,low
ಹಿಡಿದ,ನಕ್ಷತ್ರಗಳು,ಹಿಡಿದನಕ್ಷತ್ರಗಳು,low
ನಕ್ಷತ್ರಗಳು,ನಮ್ಮಿಂದ,ನಕ್ಷತ್ರಗಳುನಮ್ಮಿಂದ,low
ನಮ್ಮಿಂದ,ಅಗಾಧ,ನಮ್ಮಿಂದಅಗಾಧ,low
ಅಗಾಧ,ದೂರಗಳಲ್ಲಿವೆಯೆಂದೂ,ಅಗಾಧದೂರಗಳಲ್ಲಿವೆಯೆಂದೂ,low
ದೂರಗಳಲ್ಲಿವೆಯೆಂದೂ,ಈತ,ದೂರಗಳಲ್ಲಿವೆಯೆಂದೂಈತ,low
ಈತ,ಘೋಷಿಸಿದ,ಈತಘೋಷಿಸಿದ,low
ಘೋಷಿಸಿದ,ವಿಷುವದ್ಬಿಂದುಗಳ,ಘೋಷಿಸಿದವಿಷುವದ್ಬಿಂದುಗಳ,low
ವಿಷುವದ್ಬಿಂದುಗಳ,ಅಪ್ರದಕ್ಷಿಣೆ,ವಿಷುವದ್ಬಿಂದುಗಳಅಪ್ರದಕ್ಷಿಣೆ,low
ಅಪ್ರದಕ್ಷಿಣೆ,ಮತ್ತು,ಅಪ್ರದಕ್ಷಿಣೆಮತ್ತು,low
ಮತ್ತು,ಇದು,ಮತ್ತುಇದು,low
ಇದು,ಹೇಗೆ,ಇದುಹೇಗೆ,low
ಹೇಗೆ,ಋತುಗಳಿಗೆ,ಹೇಗೆಋತುಗಳಿಗೆ,low
ಋತುಗಳಿಗೆ,ಕಾರಣವಾಗುತ್ತದೆಂಬುದನ್ನೂ,ಋತುಗಳಿಗೆಕಾರಣವಾಗುತ್ತದೆಂಬುದನ್ನೂ,low
ಕಾರಣವಾಗುತ್ತದೆಂಬುದನ್ನೂ,ಈತ,ಕಾರಣವಾಗುತ್ತದೆಂಬುದನ್ನೂಈತ,low
ಈತ,ತನ್ನ,ಈತತನ್ನ,low
ತನ್ನ,ಡಿ,ತನ್ನಡಿ,low
ಡಿ,ಅರ್ಬಿಯಂ,ಡಿಅರ್ಬಿಯಂ,low
ಅರ್ಬಿಯಂ,ಸೋಲೆಸ್ಟಿಯಂ,ಅರ್ಬಿಯಂಸೋಲೆಸ್ಟಿಯಂ,low
ಸೋಲೆಸ್ಟಿಯಂ,ರಿವೊಲ್ಯೂಷನಿಬಸ್,ಸೋಲೆಸ್ಟಿಯಂರಿವೊಲ್ಯೂಷನಿಬಸ್,low
ರಿವೊಲ್ಯೂಷನಿಬಸ್,ಗ್ರಂಥದಲ್ಲಿ,ರಿವೊಲ್ಯೂಷನಿಬಸ್ಗ್ರಂಥದಲ್ಲಿ,low
ಗ್ರಂಥದಲ್ಲಿ,ವಿವರಿಸಿದ್ದಾನೆ,ಗ್ರಂಥದಲ್ಲಿವಿವರಿಸಿದ್ದಾನೆ,low
ವಿವರಿಸಿದ್ದಾನೆ,ಇಷ್ಟಾದರೂ,ವಿವರಿಸಿದ್ದಾನೆಇಷ್ಟಾದರೂ,low
ಇಷ್ಟಾದರೂ,ಗ್ರಹಕಕ್ಷೆಗಳೆಲ್ಲ,ಇಷ್ಟಾದರೂಗ್ರಹಕಕ್ಷೆಗಳೆಲ್ಲ,low
ಗ್ರಹಕಕ್ಷೆಗಳೆಲ್ಲ,ಸಂಪೂರ್ಣವೃತ್ತಗಳೆಂದು,ಗ್ರಹಕಕ್ಷೆಗಳೆಲ್ಲಸಂಪೂರ್ಣವೃತ್ತಗಳೆಂದು,low
ಸಂಪೂರ್ಣವೃತ್ತಗಳೆಂದು,ನಂಬಿ,ಸಂಪೂರ್ಣವೃತ್ತಗಳೆಂದುನಂಬಿ,low
ನಂಬಿ,ಈತ,ನಂಬಿಈತ,low
ಈತ,ವೃತ್ತ,ಈತವೃತ್ತ,low
ವೃತ್ತ,ಮತ್ತು,ವೃತ್ತಮತ್ತು,low
ಮತ್ತು,ಅಧಿವೃತ್ತಗಳ,ಮತ್ತುಅಧಿವೃತ್ತಗಳ,low
ಅಧಿವೃತ್ತಗಳ,ವಾದವನ್ನೂ,ಅಧಿವೃತ್ತಗಳವಾದವನ್ನೂ,low
ವಾದವನ್ನೂ,ಸಮರ್ಥಿಸಿದ್ದಾನೆ,ವಾದವನ್ನೂಸಮರ್ಥಿಸಿದ್ದಾನೆ,low
ಸಮರ್ಥಿಸಿದ್ದಾನೆ,ಈತನ,ಸಮರ್ಥಿಸಿದ್ದಾನೆಈತನ,low
ಈತನ,ಗ್ರಂಥ,ಈತನಗ್ರಂಥ,low
ಹೊತ್ತಿಗೆ,ಸಿದ್ಧವಾಗಿದ್ದರೂ,ಹೊತ್ತಿಗೆಸಿದ್ಧವಾಗಿದ್ದರೂ,low
ಸಿದ್ಧವಾಗಿದ್ದರೂ,ಕ್ಕೆ,ಸಿದ್ಧವಾಗಿದ್ದರೂಕ್ಕೆ,low
ಕ್ಕೆ,ಮುಂಚೆ,ಕ್ಕೆಮುಂಚೆ,low
ಮುಂಚೆ,ಅದರ,ಮುಂಚೆಅದರ,low
ಅದರ,ಪ್ರಕಟಣೆಗೆ,ಅದರಪ್ರಕಟಣೆಗೆ,low
ಪ್ರಕಟಣೆಗೆ,ಇವನು,ಪ್ರಕಟಣೆಗೆಇವನು,low
ಇವನು,ಒಪ್ಪಲಿಲ್ಲ,ಇವನುಒಪ್ಪಲಿಲ್ಲ,low
ಒಪ್ಪಲಿಲ್ಲ,ಕಡೆಯಲ್ಲಿ,ಒಪ್ಪಲಿಲ್ಲಕಡೆಯಲ್ಲಿ,low
ಕಡೆಯಲ್ಲಿ,ಅದು,ಕಡೆಯಲ್ಲಿಅದು,low
ಅದು,ಪ್ರಕಟವಾದದ್ದು,ಅದುಪ್ರಕಟವಾದದ್ದು,low
ಪ್ರಕಟವಾದದ್ದು,ರಲ್ಲಿ,ಪ್ರಕಟವಾದದ್ದುರಲ್ಲಿ,low
ರಲ್ಲಿ,ನಿಕೊಲಾಸ್,ರಲ್ಲಿನಿಕೊಲಾಸ್,low
ನಿಕೊಲಾಸ್,ಮರಣಶಯ್ಯೆಯಲ್ಲಿದ್ದಾಗ,ನಿಕೊಲಾಸ್ಮರಣಶಯ್ಯೆಯಲ್ಲಿದ್ದಾಗ,low
ಮರಣಶಯ್ಯೆಯಲ್ಲಿದ್ದಾಗ,ಮರಣ,ಮರಣಶಯ್ಯೆಯಲ್ಲಿದ್ದಾಗಮರಣ,low
ಮರಣ,ಮೇ,ಮರಣಮೇ,low
ಮೇ,ಕ್ಯಾಥೊಲಿಕ್,ಮೇಕ್ಯಾಥೊಲಿಕ್,low
ಕ್ಯಾಥೊಲಿಕ್,ಚರ್ಚ್,ಕ್ಯಾಥೊಲಿಕ್ಚರ್ಚ್,low
ಚರ್ಚ್,ಕೂಡಲೇ,ಚರ್ಚ್ಕೂಡಲೇ,low
ಕೂಡಲೇ,ಗ್ರಂಥಕ್ಕೆ,ಕೂಡಲೇಗ್ರಂಥಕ್ಕೆ,low
ಗ್ರಂಥಕ್ಕೆ,ಬಹಿಷ್ಕಾರ,ಗ್ರಂಥಕ್ಕೆಬಹಿಷ್ಕಾರ,low
ಬಹಿಷ್ಕಾರ,ಮುದ್ರೆ,ಬಹಿಷ್ಕಾರಮುದ್ರೆ,low
ಮುದ್ರೆ,ಹಾಕಿತು,ಮುದ್ರೆಹಾಕಿತು,low
ಹಾಕಿತು,ನೋಡಿ,ಹಾಕಿತುನೋಡಿ,low
ನೋಡಿ,ಕೊಪರ್ನಿಕಸ್,ನೋಡಿಕೊಪರ್ನಿಕಸ್,low
ಕೊಪರ್ನಿಕಸ್,ಸಿದ್ಧಾಂತ,ಕೊಪರ್ನಿಕಸ್ಸಿದ್ಧಾಂತ,low
ಜೀವ,ಜೀವಶಾಸ್ತ್ರದಲ್ಲಿ,ಜೀವಜೀವಶಾಸ್ತ್ರದಲ್ಲಿ,low
ಜೀವಶಾಸ್ತ್ರದಲ್ಲಿ,ಜೀವಕೋಶದ,ಜೀವಶಾಸ್ತ್ರದಲ್ಲಿಜೀವಕೋಶದ,low
ಜೀವಕೋಶದ,ನ್ಯೂಕ್ಲಿಯಸ್,ಜೀವಕೋಶದನ್ಯೂಕ್ಲಿಯಸ್,low
ನ್ಯೂಕ್ಲಿಯಸ್,ಹೊರತುಪಡಿಸಿ,ನ್ಯೂಕ್ಲಿಯಸ್ಹೊರತುಪಡಿಸಿ,low
ಹೊರತುಪಡಿಸಿ,ಜೀವಕೋಶ,ಹೊರತುಪಡಿಸಿಜೀವಕೋಶ,low
ಜೀವಕೋಶ,ಪೊರೆಯಿಂದ,ಜೀವಕೋಶಪೊರೆಯಿಂದ,low
ಪೊರೆಯಿಂದ,ಹಿಡಿದು,ಪೊರೆಯಿಂದಹಿಡಿದು,low
ಹಿಡಿದು,ಜೀವಕೋಶದೊಳಗಿನ,ಹಿಡಿದುಜೀವಕೋಶದೊಳಗಿನ,low
ಜೀವಕೋಶದೊಳಗಿನ,ಎಲ್ಲಾ,ಜೀವಕೋಶದೊಳಗಿನಎಲ್ಲಾ,low
ಎಲ್ಲಾ,ವಸ್ತುಗಳನ್ನು,ಎಲ್ಲಾವಸ್ತುಗಳನ್ನು,low
ವಸ್ತುಗಳನ್ನು,ಸುತ್ತುವರಿದ,ವಸ್ತುಗಳನ್ನುಸುತ್ತುವರಿದ,low
ಸುತ್ತುವರಿದ,ದ್ರವವನ್ನು,ಸುತ್ತುವರಿದದ್ರವವನ್ನು,low
ದ್ರವವನ್ನು,ಕೋಶದ್ರವ,ದ್ರವವನ್ನುಕೋಶದ್ರವ,low
ಕೋಶದ್ರವ,ಸೈಟೋಪ್ಲಾಸಂ,ಕೋಶದ್ರವಸೈಟೋಪ್ಲಾಸಂ,low
ಸೈಟೋಪ್ಲಾಸಂ,ಎಂದು,ಸೈಟೋಪ್ಲಾಸಂಎಂದು,low
ಕರೆಯುತ್ತಾರೆ,ಕೋಶಕೇಂದ್ರದೊಳಗಿನ,ಕರೆಯುತ್ತಾರೆಕೋಶಕೇಂದ್ರದೊಳಗಿನ,low
ಕೋಶಕೇಂದ್ರದೊಳಗಿನ,ದ್ರಾವಣವನ್ನು,ಕೋಶಕೇಂದ್ರದೊಳಗಿನದ್ರಾವಣವನ್ನು,low
ದ್ರಾವಣವನ್ನು,ಕೋಶಕೇಂದ್ರ,ದ್ರಾವಣವನ್ನುಕೋಶಕೇಂದ್ರ,low
ಕೋಶಕೇಂದ್ರ,ದ್ರವ,ಕೋಶಕೇಂದ್ರದ್ರವ,low
ದ್ರವ,ಎಂದು,ದ್ರವಎಂದು,low
ಕೋಶದ್ರವದ,ಮುಖ್ಯ,ಕೋಶದ್ರವದಮುಖ್ಯ,low
ಮುಖ್ಯ,ಅಂಶಗಳಾದ,ಮುಖ್ಯಅಂಶಗಳಾದ,low
ಅಂಶಗಳಾದ,ಸೈಟೋಸೋಲ್,ಅಂಶಗಳಾದಸೈಟೋಸೋಲ್,low
ಸೈಟೋಸೋಲ್,ಒಂದು,ಸೈಟೋಸೋಲ್ಒಂದು,low
ಒಂದು,ಜೆಲ್,ಒಂದುಜೆಲ್,low
ಜೆಲ್,ತರಹದ,ಜೆಲ್ತರಹದ,low
ತರಹದ,ವಸ್ತು,ತರಹದವಸ್ತು,low
ವಸ್ತು,ಅಂಗಕಗಳು,ವಸ್ತುಅಂಗಕಗಳು,low
ಅಂಗಕಗಳು,ಕೋಶದ,ಅಂಗಕಗಳುಕೋಶದ,low
ಕೋಶದ,ಆಂತರಿಕ,ಕೋಶದಆಂತರಿಕ,low
ಆಂತರಿಕ,ಉಪ,ಆಂತರಿಕಉಪ,low
ಉಪ,ರಚನೆಗಳನ್ನು,ಉಪರಚನೆಗಳನ್ನು,low
ರಚನೆಗಳನ್ನು,ಮತ್ತು,ರಚನೆಗಳನ್ನುಮತ್ತು,low
ಮತ್ತು,ವಿವಿಧ,ಮತ್ತುವಿವಿಧ,low
ವಿವಿಧ,ಸೈಟೋಪ್ಲಾಸ್ಮಿಕ್,ವಿವಿಧಸೈಟೋಪ್ಲಾಸ್ಮಿಕ್,low
ಸೈಟೋಪ್ಲಾಸ್ಮಿಕ್,ಸೇರ್ಪಡೆಗಳು,ಸೈಟೋಪ್ಲಾಸ್ಮಿಕ್ಸೇರ್ಪಡೆಗಳು,low
ಸೇರ್ಪಡೆಗಳು,ಕೋಶದ್ರವ,ಸೇರ್ಪಡೆಗಳುಕೋಶದ್ರವ,low
ಕೋಶದ್ರವ,ಸುಮಾರು,ಕೋಶದ್ರವಸುಮಾರು,low
ಸುಮಾರು,ನೀರನ್ನು,ಸುಮಾರುನೀರನ್ನು,low
ನೀರನ್ನು,ಹೊಂದಿ,ನೀರನ್ನುಹೊಂದಿ,low
ಹೊಂದಿ,ಮತ್ತು,ಹೊಂದಿಮತ್ತು,low
ಸಾಮಾನ್ಯವಾಗಿ,ಬಣ್ಣರಹಿತವಾಗಿರುತ್ತದೆ,ಸಾಮಾನ್ಯವಾಗಿಬಣ್ಣರಹಿತವಾಗಿರುತ್ತದೆ,low
ಬಣ್ಣರಹಿತವಾಗಿರುತ್ತದೆ,ಇದು,ಬಣ್ಣರಹಿತವಾಗಿರುತ್ತದೆಇದು,low
ಇದು,ಬೆಳಕಿನ,ಇದುಬೆಳಕಿನ,low
ಬೆಳಕಿನ,ಸೂಕ್ಷ್ಮದರ್ಶಕದ,ಬೆಳಕಿನಸೂಕ್ಷ್ಮದರ್ಶಕದ,low
ಸೂಕ್ಷ್ಮದರ್ಶಕದ,ಹೈಲೋಪ್ಲಾಸಂ,ಸೂಕ್ಷ್ಮದರ್ಶಕದಹೈಲೋಪ್ಲಾಸಂ,low
ಹೈಲೋಪ್ಲಾಸಂ,ಮತ್ತು,ಹೈಲೋಪ್ಲಾಸಂಮತ್ತು,low
ಮತ್ತು,ಹೆಚ್ಚಿನ,ಮತ್ತುಹೆಚ್ಚಿನ,low
ಹೆಚ್ಚಿನ,ಸಂಕೀರ್ಣವಾದ,ಹೆಚ್ಚಿನಸಂಕೀರ್ಣವಾದ,low
ಸಂಕೀರ್ಣವಾದ,ಪಾಲಿಫ್ಯಾಸಿಕ್,ಸಂಕೀರ್ಣವಾದಪಾಲಿಫ್ಯಾಸಿಕ್,low
ಪಾಲಿಫ್ಯಾಸಿಕ್,ವ್ಯವಸ್ಥೆಯಾಗಿದ್ದು,ಪಾಲಿಫ್ಯಾಸಿಕ್ವ್ಯವಸ್ಥೆಯಾಗಿದ್ದು,low
ವ್ಯವಸ್ಥೆಯಾಗಿದ್ದು,ಇದರಲ್ಲಿ,ವ್ಯವಸ್ಥೆಯಾಗಿದ್ದುಇದರಲ್ಲಿ,low
ಇದರಲ್ಲಿ,ರೈಬೋಸೋಮ್,ಇದರಲ್ಲಿರೈಬೋಸೋಮ್,low
ರೈಬೋಸೋಮ್,ಗಳು,ರೈಬೋಸೋಮ್ಗಳು,low
ಗಳು,ಮೈಟೊಕಾಂಡ್ರಿಯಾ,ಗಳುಮೈಟೊಕಾಂಡ್ರಿಯಾ,low
ಮೈಟೊಕಾಂಡ್ರಿಯಾ,ಸಸ್ಯದ,ಮೈಟೊಕಾಂಡ್ರಿಯಾಸಸ್ಯದ,low
ಸಸ್ಯದ,ಪ್ಲಾಸ್ಟಿಡ್,ಸಸ್ಯದಪ್ಲಾಸ್ಟಿಡ್,low
ಪ್ಲಾಸ್ಟಿಡ್,ಗಳು,ಪ್ಲಾಸ್ಟಿಡ್ಗಳು,low
ಗಳು,ಲಿಪಿಡ್,ಗಳುಲಿಪಿಡ್,low
ಲಿಪಿಡ್,ಹನಿಗಳು,ಲಿಪಿಡ್ಹನಿಗಳು,low
ಹನಿಗಳು,ಮತ್ತು,ಹನಿಗಳುಮತ್ತು,low
ಮತ್ತು,ನಿರ್ವಾತಗಳಂತಹ,ಮತ್ತುನಿರ್ವಾತಗಳಂತಹ,low
ನಿರ್ವಾತಗಳಂತಹ,ದೊಡ್ಡ,ನಿರ್ವಾತಗಳಂತಹದೊಡ್ಡ,low
ದೊಡ್ಡ,ಅಂಗಗಳೂ,ದೊಡ್ಡಅಂಗಗಳೂ,low
ಅಂಗಗಳೂ,ಸೇರಿದಂತೆ,ಅಂಗಗಳೂಸೇರಿದಂತೆ,low
ಸೇರಿದಂತೆ,ಎಲ್ಲಾ,ಸೇರಿದಂತೆಎಲ್ಲಾ,low
ಎಲ್ಲಾ,ಪರಿಹರಿಸಬಹುದಾದ,ಎಲ್ಲಾಪರಿಹರಿಸಬಹುದಾದ,low
ಪರಿಹರಿಸಬಹುದಾದ,ಸೈಟೋಪ್ಲಾಸ್ಮಿಕ್,ಪರಿಹರಿಸಬಹುದಾದಸೈಟೋಪ್ಲಾಸ್ಮಿಕ್,low
ಸೈಟೋಪ್ಲಾಸ್ಮಿಕ್,ಅಂಶಗಳನ್ನು,ಸೈಟೋಪ್ಲಾಸ್ಮಿಕ್ಅಂಶಗಳನ್ನು,low
ಅಂಶಗಳನ್ನು,ಇಳಿಸಲಾಗಿದೆ,ಅಂಶಗಳನ್ನುಇಳಿಸಲಾಗಿದೆ,low
ಇಳಿಸಲಾಗಿದೆ,ಹೆಚ್ಚಿನ,ಇಳಿಸಲಾಗಿದೆಹೆಚ್ಚಿನ,low
ಹೆಚ್ಚಿನ,ಕೋಶದ,ಹೆಚ್ಚಿನಕೋಶದ,low
ಕೋಶದ,ಚಟುವಟಿಕೆಗಳು,ಕೋಶದಚಟುವಟಿಕೆಗಳು,low
ಚಟುವಟಿಕೆಗಳು,ಕೋಶದ್ರವದಲ್ಲಿಯೇ,ಚಟುವಟಿಕೆಗಳುಕೋಶದ್ರವದಲ್ಲಿಯೇ,low
ಕೋಶದ್ರವದಲ್ಲಿಯೇ,ನಡೆಯುತ್ತವೆ,ಕೋಶದ್ರವದಲ್ಲಿಯೇನಡೆಯುತ್ತವೆ,low
ನಡೆಯುತ್ತವೆ,ಉದಾಹರಣೆಗೆ,ನಡೆಯುತ್ತವೆಉದಾಹರಣೆಗೆ,low
ಉದಾಹರಣೆಗೆ,ಗ್ಲೈಕೋಲಿಸಿಸ್,ಉದಾಹರಣೆಗೆಗ್ಲೈಕೋಲಿಸಿಸ್,low
ಗ್ಲೈಕೋಲಿಸಿಸ್,ಸೇರಿದಂತೆ,ಗ್ಲೈಕೋಲಿಸಿಸ್ಸೇರಿದಂತೆ,low
ಸೇರಿದಂತೆ,ಅನೇಕ,ಸೇರಿದಂತೆಅನೇಕ,low
ಅನೇಕ,ಚಯಾಪಚಯ,ಅನೇಕಚಯಾಪಚಯ,low
ಚಯಾಪಚಯ,ಮಾರ್ಗಗಳು,ಚಯಾಪಚಯಮಾರ್ಗಗಳು,low
ಮಾರ್ಗಗಳು,ಮತ್ತು,ಮಾರ್ಗಗಳುಮತ್ತು,low
ಮತ್ತು,ಕೋಶ,ಮತ್ತುಕೋಶ,low
ಕೋಶ,ವಿಭಜನೆಯಂತಹ,ಕೋಶವಿಭಜನೆಯಂತಹ,low
ವಿಭಜನೆಯಂತಹ,ಪ್ರಕ್ರಿಯೆಗಳು,ವಿಭಜನೆಯಂತಹಪ್ರಕ್ರಿಯೆಗಳು,low
ಪ್ರಕ್ರಿಯೆಗಳು,ಕೇಂದ್ರೀಕೃತ,ಪ್ರಕ್ರಿಯೆಗಳುಕೇಂದ್ರೀಕೃತ,low
ಕೇಂದ್ರೀಕೃತ,ಆಂತರಿಕ,ಕೇಂದ್ರೀಕೃತಆಂತರಿಕ,low
ಆಂತರಿಕ,ಪ್ರದೇಶವನ್ನು,ಆಂತರಿಕಪ್ರದೇಶವನ್ನು,low
ಪ್ರದೇಶವನ್ನು,ಎಂಡೋಪ್ಲಾಸಂ,ಪ್ರದೇಶವನ್ನುಎಂಡೋಪ್ಲಾಸಂ,low
ಎಂಡೋಪ್ಲಾಸಂ,ಎಂದು,ಎಂಡೋಪ್ಲಾಸಂಎಂದು,low
ಕರೆಯಲಾಗುತ್ತದೆ,ಮತ್ತು,ಕರೆಯಲಾಗುತ್ತದೆಮತ್ತು,low
ಮತ್ತು,ಹೊರಗಿನ,ಮತ್ತುಹೊರಗಿನ,low
ಹೊರಗಿನ,ಪದರವನ್ನು,ಹೊರಗಿನಪದರವನ್ನು,low
ಪದರವನ್ನು,ಸೆಲ್,ಪದರವನ್ನುಸೆಲ್,low
ಸೆಲ್,ಕಾರ್ಟೆಕ್ಸ್,ಸೆಲ್ಕಾರ್ಟೆಕ್ಸ್,low
ಕಾರ್ಟೆಕ್ಸ್,ಅಥವಾ,ಕಾರ್ಟೆಕ್ಸ್ಅಥವಾ,low
ಅಥವಾ,ಎಕ್ಟೋಪ್ಲಾಸಂ,ಅಥವಾಎಕ್ಟೋಪ್ಲಾಸಂ,low
ಎಕ್ಟೋಪ್ಲಾಸಂ,ಎಂದು,ಎಕ್ಟೋಪ್ಲಾಸಂಎಂದು,low
ಕೋಶದ್ರವದ,ಒಳಗೆ,ಕೋಶದ್ರವದಒಳಗೆ,low
ಒಳಗೆ,ಮತ್ತು,ಒಳಗೆಮತ್ತು,low
ಮತ್ತು,ಹೊರಗೆ,ಮತ್ತುಹೊರಗೆ,low
ಹೊರಗೆ,ಕ್ಯಾಲ್ಸಿಯಂ,ಹೊರಗೆಕ್ಯಾಲ್ಸಿಯಂ,low
ಕ್ಯಾಲ್ಸಿಯಂ,ಅಯಾನುಗಳ,ಕ್ಯಾಲ್ಸಿಯಂಅಯಾನುಗಳ,low
ಅಯಾನುಗಳ,ಚಲನೆಯು,ಅಯಾನುಗಳಚಲನೆಯು,low
ಚಲನೆಯು,ಚಯಾಪಚಯ,ಚಲನೆಯುಚಯಾಪಚಯ,low
ಚಯಾಪಚಯ,ಪ್ರಕ್ರಿಯೆಗಳಿಗೆ,ಚಯಾಪಚಯಪ್ರಕ್ರಿಯೆಗಳಿಗೆ,low
ಪ್ರಕ್ರಿಯೆಗಳಿಗೆ,ಸಂಕೇತ,ಪ್ರಕ್ರಿಯೆಗಳಿಗೆಸಂಕೇತ,low
ಸಂಕೇತ,ಚಟುವಟಿಕೆಯಾಗಿದೆ,ಸಂಕೇತಚಟುವಟಿಕೆಯಾಗಿದೆ,low
ಚಟುವಟಿಕೆಯಾಗಿದೆ,ಸಸ್ಯಗಳಲ್ಲಿ,ಚಟುವಟಿಕೆಯಾಗಿದೆಸಸ್ಯಗಳಲ್ಲಿ,low
ಸಸ್ಯಗಳಲ್ಲಿ,ನಿರ್ವಾತಗಳ,ಸಸ್ಯಗಳಲ್ಲಿನಿರ್ವಾತಗಳ,low
ನಿರ್ವಾತಗಳ,ಸುತ್ತ,ನಿರ್ವಾತಗಳಸುತ್ತ,low
ಸುತ್ತ,ಸೈಟೋಪ್ಲಾಸಂನ,ಸುತ್ತಸೈಟೋಪ್ಲಾಸಂನ,low
ಸೈಟೋಪ್ಲಾಸಂನ,ಚಲನೆಯನ್ನು,ಸೈಟೋಪ್ಲಾಸಂನಚಲನೆಯನ್ನು,low
ಚಲನೆಯನ್ನು,ಸೈಟೋಪ್ಲಾಸ್ಮಿಕ್,ಚಲನೆಯನ್ನುಸೈಟೋಪ್ಲಾಸ್ಮಿಕ್,low
ಸೈಟೋಪ್ಲಾಸ್ಮಿಕ್,ಸ್ಟ್ರೀಮಿಂಗ್,ಸೈಟೋಪ್ಲಾಸ್ಮಿಕ್ಸ್ಟ್ರೀಮಿಂಗ್,low
ಸ್ಟ್ರೀಮಿಂಗ್,ಎಂದು,ಸ್ಟ್ರೀಮಿಂಗ್ಎಂದು,low
ಕರೆಯಲಾಗುತ್ತದೆ,ಉಲ್ಲೇಖಗಳು,ಕರೆಯಲಾಗುತ್ತದೆಉಲ್ಲೇಖಗಳು,low
ವೆಬ್,ಎನ್ನುವುದು,ವೆಬ್ಎನ್ನುವುದು,low
ಎನ್ನುವುದು,ವರ್ಲ್ಡ್,ಎನ್ನುವುದುವರ್ಲ್ಡ್,low
ಸಂಬಂಧಿಸಿದ,ವಿಷಯವಾಗಿದೆ,ಸಂಬಂಧಿಸಿದವಿಷಯವಾಗಿದೆ,low
ವಿಷಯವಾಗಿದೆ,ಅಂದರೆ,ವಿಷಯವಾಗಿದೆಅಂದರೆ,low
ಅಂದರೆ,ಇದು,ಅಂದರೆಇದು,low
ಇದು,ಅಂತರ್ಜಾಲವನ್ನು,ಇದುಅಂತರ್ಜಾಲವನ್ನು,low
ಅಂತರ್ಜಾಲವನ್ನು,ಬಳಸುವ,ಅಂತರ್ಜಾಲವನ್ನುಬಳಸುವ,low
ಬಳಸುವ,ಹಾಗೂ,ಬಳಸುವಹಾಗೂ,low
ಹಾಗೂ,ನಿರ್ದಿಷ್ಟ,ಹಾಗೂನಿರ್ದಿಷ್ಟ,low
ನಿರ್ದಿಷ್ಟ,ಸಾಫ್ಟ್,ನಿರ್ದಿಷ್ಟಸಾಫ್ಟ್,low
ವೇರ್,ಕಾನ್ಫಿಗರೇಶನ್,ವೇರ್ಕಾನ್ಫಿಗರೇಶನ್,low
ಕಾನ್ಫಿಗರೇಶನ್,ಗಳು,ಕಾನ್ಫಿಗರೇಶನ್ಗಳು,low
ಅಥವಾ,ಅಧಿಕಾರದ,ಅಥವಾಅಧಿಕಾರದ,low
ಅಧಿಕಾರದ,ಅಗತ್ಯವಿರುವ,ಅಧಿಕಾರದಅಗತ್ಯವಿರುವ,low
ಅಗತ್ಯವಿರುವ,ಓವರ್,ಅಗತ್ಯವಿರುವಓವರ್,low
ಓವರ್,ಲೇ,ಓವರ್ಲೇ,low
ಲೇ,ನೆಟ್,ಲೇನೆಟ್,low
ವರ್ಕ್,ಆಗಿದೆ,ವರ್ಕ್ಆಗಿದೆ,low
ಆಗಿದೆ,ಡಾರ್ಕ್,ಆಗಿದೆಡಾರ್ಕ್,low
ಮೂಲಕ,ಖಾಸಗಿ,ಮೂಲಕಖಾಸಗಿ,low
ಖಾಸಗಿ,ಕಂಪ್ಯೂಟರ್,ಖಾಸಗಿಕಂಪ್ಯೂಟರ್,low
ಕಂಪ್ಯೂಟರ್,ನೆಟ್,ಕಂಪ್ಯೂಟರ್ನೆಟ್,low
ಗಳು,ಬಳಕೆದಾರರ,ಗಳುಬಳಕೆದಾರರ,low
ಬಳಕೆದಾರರ,ಸ್ಥಳದಂತಹ,ಬಳಕೆದಾರರಸ್ಥಳದಂತಹ,low
ಸ್ಥಳದಂತಹ,ಗುರುತಿಸುವ,ಸ್ಥಳದಂತಹಗುರುತಿಸುವ,low
ಗುರುತಿಸುವ,ಮಾಹಿತಿಯನ್ನು,ಗುರುತಿಸುವಮಾಹಿತಿಯನ್ನು,low
ಮಾಹಿತಿಯನ್ನು,ಬಹಿರಂಗಪಡಿಸದೆ,ಮಾಹಿತಿಯನ್ನುಬಹಿರಂಗಪಡಿಸದೆ,low
ಬಹಿರಂಗಪಡಿಸದೆ,ಅನಾಮಧೇಯವಾಗಿ,ಬಹಿರಂಗಪಡಿಸದೆಅನಾಮಧೇಯವಾಗಿ,low
ಅನಾಮಧೇಯವಾಗಿ,ಸಂವಹನ,ಅನಾಮಧೇಯವಾಗಿಸಂವಹನ,low
ಸಂವಹನ,ಮಾಡಬಹುದು,ಸಂವಹನಮಾಡಬಹುದು,low
ಮತ್ತು,ವ್ಯವಹಾರವನ್ನು,ಮತ್ತುವ್ಯವಹಾರವನ್ನು,low
ವ್ಯವಹಾರವನ್ನು,ನಡೆಸಬಹುದು,ವ್ಯವಹಾರವನ್ನುನಡೆಸಬಹುದು,low
ನಡೆಸಬಹುದು,ಡಾರ್ಕ್,ನಡೆಸಬಹುದುಡಾರ್ಕ್,low
ವೆಬ್,ಎಂಬುದು,ವೆಬ್ಎಂಬುದು,low
ಎಂಬುದು,ಡೀಪ್,ಎಂಬುದುಡೀಪ್,low
ಒಂದು,ಸಣ್ಣ,ಒಂದುಸಣ್ಣ,low
ರೂಪಿಸುತ್ತದೆ,ವೆಬ್,ರೂಪಿಸುತ್ತದೆವೆಬ್,low
ಭಾಗವು,ವೆಬ್,ಭಾಗವುವೆಬ್,low
ವೆಬ್,ಸರ್ಚ್,ವೆಬ್ಸರ್ಚ್,low
ಸರ್ಚ್,ಇಂಜಿನ್,ಸರ್ಚ್ಇಂಜಿನ್,low
ಇಂಜಿನ್,ಗಳಿಂದ,ಇಂಜಿನ್ಗಳಿಂದ,low
ಗಳಿಂದ,ಸೂಚ್ಯಂಕವಾಗಿಲ್ಲ,ಗಳಿಂದಸೂಚ್ಯಂಕವಾಗಿಲ್ಲ,low
ಸೂಚ್ಯಂಕವಾಗಿಲ್ಲ,ಆದಾಗ್ಯೂ,ಸೂಚ್ಯಂಕವಾಗಿಲ್ಲಆದಾಗ್ಯೂ,low
ಆದಾಗ್ಯೂ,ಕೆಲವೊಮ್ಮೆ,ಆದಾಗ್ಯೂಕೆಲವೊಮ್ಮೆ,low
ಕೆಲವೊಮ್ಮೆ,ಡೀಪ್,ಕೆಲವೊಮ್ಮೆಡೀಪ್,low
ವೆಬ್,ಎಂಬ,ವೆಬ್ಎಂಬ,low
ಪದವನ್ನು,ನಿರ್ದಿಷ್ಟವಾಗಿ,ಪದವನ್ನುನಿರ್ದಿಷ್ಟವಾಗಿ,low
ನಿರ್ದಿಷ್ಟವಾಗಿ,ಡಾರ್ಕ್,ನಿರ್ದಿಷ್ಟವಾಗಿಡಾರ್ಕ್,low
ಗೆ,ಉಲ್ಲೇಖಿಸಲು,ಗೆಉಲ್ಲೇಖಿಸಲು,low
ಉಲ್ಲೇಖಿಸಲು,ತಪ್ಪಾಗಿ,ಉಲ್ಲೇಖಿಸಲುತಪ್ಪಾಗಿ,low
ತಪ್ಪಾಗಿ,ಬಳಸಲಾಗುತ್ತದೆ,ತಪ್ಪಾಗಿಬಳಸಲಾಗುತ್ತದೆ,low
ಬಳಸಲಾಗುತ್ತದೆ,ಡಾರ್ಕ್,ಬಳಸಲಾಗುತ್ತದೆಡಾರ್ಕ್,low
ಅನ್ನು,ರೂಪಿಸುವ,ಅನ್ನುರೂಪಿಸುವ,low
ರೂಪಿಸುವ,ಡಾರ್ಕ್,ರೂಪಿಸುವಡಾರ್ಕ್,low
ನೆಟ್,ಗಳು,ನೆಟ್ಗಳು,low
ಗಳು,ಸಣ್ಣ,ಗಳುಸಣ್ಣ,low
ಸಣ್ಣ,ಫ್ರೆಂಡ್,ಸಣ್ಣಫ್ರೆಂಡ್,low
ಫ್ರೆಂಡ್,ಟು,ಫ್ರೆಂಡ್ಟು,low
ಟು,ಫ್ರೆಂಡ್,ಟುಫ್ರೆಂಡ್,low
ಫ್ರೆಂಡ್,ಪೀರ್,ಫ್ರೆಂಡ್ಪೀರ್,low
ಪೀರ್,ಟು,ಪೀರ್ಟು,low
ಟು,ಪೀರ್,ಟುಪೀರ್,low
ಪೀರ್,ನೆಟ್,ಪೀರ್ನೆಟ್,low
ಗಳು,ಜೊತೆಗೆ,ಗಳುಜೊತೆಗೆ,low
ಜೊತೆಗೆ,ಸಾರ್ವಜನಿಕ,ಜೊತೆಗೆಸಾರ್ವಜನಿಕ,low
ಸಾರ್ವಜನಿಕ,ಸಂಸ್ಥೆಗಳು,ಸಾರ್ವಜನಿಕಸಂಸ್ಥೆಗಳು,low
ಮತ್ತು,ವ್ಯಕ್ತಿಗಳಿಂದ,ಮತ್ತುವ್ಯಕ್ತಿಗಳಿಂದ,low
ವ್ಯಕ್ತಿಗಳಿಂದ,ನಿರ್ವಹಿಸಲ್ಪಡುವ,ವ್ಯಕ್ತಿಗಳಿಂದನಿರ್ವಹಿಸಲ್ಪಡುವ,low
ನಿರ್ವಹಿಸಲ್ಪಡುವ,ಟಾರ್,ನಿರ್ವಹಿಸಲ್ಪಡುವಟಾರ್,low
ಟಾರ್,ಫ್ರೀನೆಟ್,ಟಾರ್ಫ್ರೀನೆಟ್,low
ಫ್ರೀನೆಟ್,ಐಟುಪಿ,ಫ್ರೀನೆಟ್ಐಟುಪಿ,low
ಐಟುಪಿ,ಮತ್ತು,ಐಟುಪಿಮತ್ತು,low
ಮತ್ತು,ರೈಫಲ್,ಮತ್ತುರೈಫಲ್,low
ರೈಫಲ್,ನಂತಹ,ರೈಫಲ್ನಂತಹ,low
ನಂತಹ,ದೊಡ್ಡ,ನಂತಹದೊಡ್ಡ,low
ದೊಡ್ಡ,ಜನಪ್ರಿಯ,ದೊಡ್ಡಜನಪ್ರಿಯ,low
ಜನಪ್ರಿಯ,ನೆಟ್,ಜನಪ್ರಿಯನೆಟ್,low
ವರ್ಕ್,ಗಳನ್ನು,ವರ್ಕ್ಗಳನ್ನು,low
ಗಳನ್ನು,ಒಳಗೊಂಡಿವೆ,ಗಳನ್ನುಒಳಗೊಂಡಿವೆ,low
ಒಳಗೊಂಡಿವೆ,ಡಾರ್ಕ್,ಒಳಗೊಂಡಿವೆಡಾರ್ಕ್,low
ಬಳಕೆದಾರರು,ಸಾಮಾನ್ಯ,ಬಳಕೆದಾರರುಸಾಮಾನ್ಯ,low
ಅನ್ನು,ಅದರ,ಅನ್ನುಅದರ,low
ಅದರ,ಎನ್,ಅದರಎನ್,low
ಕ್ರಿಪ್ಟ್,ಮಾಡದ,ಕ್ರಿಪ್ಟ್ಮಾಡದ,low
ಮಾಡದ,ಸ್ವಭಾವದ,ಮಾಡದಸ್ವಭಾವದ,low
ಸ್ವಭಾವದ,ಕಾರಣದಿಂದ,ಸ್ವಭಾವದಕಾರಣದಿಂದ,low
ಕಾರಣದಿಂದ,ಕ್ಲಿಯರ್,ಕಾರಣದಿಂದಕ್ಲಿಯರ್,low
ಕ್ಲಿಯರ್,ನೆಟ್,ಕ್ಲಿಯರ್ನೆಟ್,low
ನೆಟ್,ಎಂದು,ನೆಟ್ಎಂದು,low
ಎಂದು,ಉಲ್ಲೇಖಿಸುತ್ತಾರೆ,ಎಂದುಉಲ್ಲೇಖಿಸುತ್ತಾರೆ,low
ಉಲ್ಲೇಖಿಸುತ್ತಾರೆ,ಟಾರ್,ಉಲ್ಲೇಖಿಸುತ್ತಾರೆಟಾರ್,low
ಟಾರ್,ಡಾರ್ಕ್,ಟಾರ್ಡಾರ್ಕ್,low
ವೆಬ್,ಅಥವಾ,ವೆಬ್ಅಥವಾ,low
ಅಥವಾ,ಆನಿಯನ್,ಅಥವಾಆನಿಯನ್,low
ಆನಿಯನ್,ಲ್ಯಾಂಡ್,ಆನಿಯನ್ಲ್ಯಾಂಡ್,low
ಲ್ಯಾಂಡ್,ನೆಟ್,ಲ್ಯಾಂಡ್ನೆಟ್,low
ಮಟ್ಟದ,ಡೊಮೇನ್,ಮಟ್ಟದಡೊಮೇನ್,low
ಡೊಮೇನ್,ಪ್ರತ್ಯಯ,ಡೊಮೇನ್ಪ್ರತ್ಯಯ,low
ಪ್ರತ್ಯಯ,ಆನಿಯನ್,ಪ್ರತ್ಯಯಆನಿಯನ್,low
ಆನಿಯನ್,ಅಡಿಯಲ್ಲಿ,ಆನಿಯನ್ಅಡಿಯಲ್ಲಿ,low
ಅಡಿಯಲ್ಲಿ,ಆನಿಯನ್,ಅಡಿಯಲ್ಲಿಆನಿಯನ್,low
ಟ್ರಾಫಿಕ್,ಅನಾಮಧೇಯತೆಯ,ಟ್ರಾಫಿಕ್ಅನಾಮಧೇಯತೆಯ,low
ಅನಾಮಧೇಯತೆಯ,ತಂತ್ರವನ್ನು,ಅನಾಮಧೇಯತೆಯತಂತ್ರವನ್ನು,low
ತಂತ್ರವನ್ನು,ಬಳಸಲಾಗುತ್ತದೆ,ತಂತ್ರವನ್ನುಬಳಸಲಾಗುತ್ತದೆ,low
ಬಳಸಲಾಗುತ್ತದೆ,ಪರಿಭಾಷೆ,ಬಳಸಲಾಗುತ್ತದೆಪರಿಭಾಷೆ,low
ಪರಿಭಾಷೆ,ವ್ಯಾಖ್ಯಾನ,ಪರಿಭಾಷೆವ್ಯಾಖ್ಯಾನ,low
ವ್ಯಾಖ್ಯಾನ,ಡಾರ್ಕ್,ವ್ಯಾಖ್ಯಾನಡಾರ್ಕ್,low
ಅನ್ನು,ಸಾಮಾನ್ಯವಾಗಿ,ಅನ್ನುಸಾಮಾನ್ಯವಾಗಿ,low
ಸಾಮಾನ್ಯವಾಗಿ,ಡೀಪ್,ಸಾಮಾನ್ಯವಾಗಿಡೀಪ್,low
ವೆಬ್,ನೊಂದಿಗೆ,ವೆಬ್ನೊಂದಿಗೆ,low
ನೊಂದಿಗೆ,ಗೊಂದಲಗೊಳಿಸಲಾಗುತ್ತದೆ,ನೊಂದಿಗೆಗೊಂದಲಗೊಳಿಸಲಾಗುತ್ತದೆ,low
ಗೊಂದಲಗೊಳಿಸಲಾಗುತ್ತದೆ,ವೆಬ್,ಗೊಂದಲಗೊಳಿಸಲಾಗುತ್ತದೆವೆಬ್,low
ಭಾಗಗಳನ್ನು,ಸರ್ಚ್,ಭಾಗಗಳನ್ನುಸರ್ಚ್,low
ಸರ್ಚ್,ಎಂಜಿನ್,ಸರ್ಚ್ಎಂಜಿನ್,low
ಎಂಜಿನ್,ಗಳು,ಎಂಜಿನ್ಗಳು,low
ಗಳು,ಸೂಚಿಕೆ,ಗಳುಸೂಚಿಕೆ,low
ಸೂಚಿಕೆ,ಮಾಡುವುದಿಲ್ಲ,ಸೂಚಿಕೆಮಾಡುವುದಿಲ್ಲ,low
ಮಾಡುವುದಿಲ್ಲ,ಹುಡುಕಬಹುದು,ಮಾಡುವುದಿಲ್ಲಹುಡುಕಬಹುದು,low
ಹುಡುಕಬಹುದು,ಡಾರ್ಕ್,ಹುಡುಕಬಹುದುಡಾರ್ಕ್,low
ವೆಬ್,ಪದವು,ವೆಬ್ಪದವು,low
ಪದವು,ಮೊದಲು,ಪದವುಮೊದಲು,low
ಮೊದಲು,೨೦೦೯,ಮೊದಲು೨೦೦೯,low
೨೦೦೯,ರಲ್ಲಿ,೨೦೦೯ರಲ್ಲಿ,low
ರಲ್ಲಿ,ಹೊರಹೊಮ್ಮಿತು,ರಲ್ಲಿಹೊರಹೊಮ್ಮಿತು,low
ಹೊರಹೊಮ್ಮಿತು,ಆದಾಗ್ಯೂ,ಹೊರಹೊಮ್ಮಿತುಆದಾಗ್ಯೂ,low
ಆದಾಗ್ಯೂ,ನಿಜವಾದ,ಆದಾಗ್ಯೂನಿಜವಾದ,low
ನಿಜವಾದ,ಡಾರ್ಕ್,ನಿಜವಾದಡಾರ್ಕ್,low
ವೆಬ್,ಯಾವಾಗ,ವೆಬ್ಯಾವಾಗ,low
ಯಾವಾಗ,ಹೊರಹೊಮ್ಮಿತು,ಯಾವಾಗಹೊರಹೊಮ್ಮಿತು,low
ಹೊರಹೊಮ್ಮಿತು,ಎಂಬುದು,ಹೊರಹೊಮ್ಮಿತುಎಂಬುದು,low
ಎಂಬುದು,ತಿಳಿದಿಲ್ಲ,ಎಂಬುದುತಿಳಿದಿಲ್ಲ,low
ತಿಳಿದಿಲ್ಲ,ಅನೇಕ,ತಿಳಿದಿಲ್ಲಅನೇಕ,low
ಅನೇಕ,ಇಂಟರ್ನೆಟ್,ಅನೇಕಇಂಟರ್ನೆಟ್,low
ಇಂಟರ್ನೆಟ್,ಬಳಕೆದಾರರು,ಇಂಟರ್ನೆಟ್ಬಳಕೆದಾರರು,low
ಬಳಕೆದಾರರು,ಸರ್ಫೇಸ್,ಬಳಕೆದಾರರುಸರ್ಫೇಸ್,low
ಸರ್ಫೇಸ್,ವೆಬ್,ಸರ್ಫೇಸ್ವೆಬ್,low
ಅನ್ನು,ಮಾತ್ರ,ಅನ್ನುಮಾತ್ರ,low
ಮಾತ್ರ,ಬಳಸುತ್ತಾರೆ,ಮಾತ್ರಬಳಸುತ್ತಾರೆ,low
ಡೇಟಾವನ್ನು,ಸಾಮಾನ್ಯ,ಡೇಟಾವನ್ನುಸಾಮಾನ್ಯ,low
ವೆಬ್,ಬ್ರೌಸರ್,ವೆಬ್ಬ್ರೌಸರ್,low
ಮೂಲಕ,ಪ್ರವೇಶಿಸಬಹುದು,ಮೂಲಕಪ್ರವೇಶಿಸಬಹುದು,low
ಪ್ರವೇಶಿಸಬಹುದು,ಡಾರ್ಕ್,ಪ್ರವೇಶಿಸಬಹುದುಡಾರ್ಕ್,low
ವೆಬ್,ಡೀಪ್,ವೆಬ್ಡೀಪ್,low
ರೂಪಿಸುತ್ತದೆ,ಆದರೆ,ರೂಪಿಸುತ್ತದೆಆದರೆ,low
ಆದರೆ,ಅದರ,ಆದರೆಅದರ,low
ಅದರ,ವಿಷಯವನ್ನು,ಅದರವಿಷಯವನ್ನು,low
ವಿಷಯವನ್ನು,ಪ್ರವೇಶಿಸಲು,ವಿಷಯವನ್ನುಪ್ರವೇಶಿಸಲು,low
ಪ್ರವೇಶಿಸಲು,ಕಸ್ಟಮ್,ಪ್ರವೇಶಿಸಲುಕಸ್ಟಮ್,low
ಕಸ್ಟಮ್,ಸಾಫ್ಟ್,ಕಸ್ಟಮ್ಸಾಫ್ಟ್,low
ವೇರ್,ಅಗತ್ಯವಿದೆ,ವೇರ್ಅಗತ್ಯವಿದೆ,low
ಗೊಂದಲವು,ಕನಿಷ್ಟ,ಗೊಂದಲವುಕನಿಷ್ಟ,low
ಕನಿಷ್ಟ,೨೦೦೯,ಕನಿಷ್ಟ೨೦೦೯,low
ಹಿಂದಿನದು,ಅಲ್ಲಿಂದೀಚೆಗೆ,ಹಿಂದಿನದುಅಲ್ಲಿಂದೀಚೆಗೆ,low
ಅಲ್ಲಿಂದೀಚೆಗೆ,ವಿಶೇಷವಾಗಿ,ಅಲ್ಲಿಂದೀಚೆಗೆವಿಶೇಷವಾಗಿ,low
ವಿಶೇಷವಾಗಿ,ಸಿಲ್ಕ್,ವಿಶೇಷವಾಗಿಸಿಲ್ಕ್,low
ರೋಡ್,ವರದಿಯಲ್ಲಿ,ರೋಡ್ವರದಿಯಲ್ಲಿ,low
ಎರಡು,ಪದಗಳನ್ನು,ಎರಡುಪದಗಳನ್ನು,low
ಪದಗಳನ್ನು,ಹೆಚ್ಚಾಗಿ,ಪದಗಳನ್ನುಹೆಚ್ಚಾಗಿ,low
ಹೆಚ್ಚಾಗಿ,ಸಂಯೋಜಿಸಲಾಗಿದೆ,ಹೆಚ್ಚಾಗಿಸಂಯೋಜಿಸಲಾಗಿದೆ,low
ಸಂಯೋಜಿಸಲಾಗಿದೆ,ಆದಾಗ್ಯೂ,ಸಂಯೋಜಿಸಲಾಗಿದೆಆದಾಗ್ಯೂ,low
ಆದಾಗ್ಯೂ,ಅವುಗಳನ್ನು,ಆದಾಗ್ಯೂಅವುಗಳನ್ನು,low
ಅವುಗಳನ್ನು,ಪ್ರತ್ಯೇಕಿಸಬೇಕೆಂಬ,ಅವುಗಳನ್ನುಪ್ರತ್ಯೇಕಿಸಬೇಕೆಂಬ,low
ಪ್ರತ್ಯೇಕಿಸಬೇಕೆಂಬ,ಶಿಫಾರಸ್ಸುಗಳು,ಪ್ರತ್ಯೇಕಿಸಬೇಕೆಂಬಶಿಫಾರಸ್ಸುಗಳು,low
ಶಿಫಾರಸ್ಸುಗಳು,ಇವೆ,ಶಿಫಾರಸ್ಸುಗಳುಇವೆ,low
ಇವೆ,ಡಾರ್ಕ್,ಇವೆಡಾರ್ಕ್,low
ನೆಟ್,ವೆಬ್,ನೆಟ್ವೆಬ್,low
ಗಳು,ಎಂದೂ,ಗಳುಎಂದೂ,low
ಎಂದೂ,ಕರೆಯಲ್ಪಡುವ,ಎಂದೂಕರೆಯಲ್ಪಡುವ,low
ಅನ್ನು,ಟಾರ್,ಅನ್ನುಟಾರ್,low
ಟಾರ್,ದಿ,ಟಾರ್ದಿ,low
ದಿ,ಆನಿಯನ್,ದಿಆನಿಯನ್,low
ರೂಟಿಂಗ್,ಯೋಜನೆ,ರೂಟಿಂಗ್ಯೋಜನೆ,low
ಯೋಜನೆ,ನಂತಹ,ಯೋಜನೆನಂತಹ,low
ನಂತಹ,ನೆಟ್,ನಂತಹನೆಟ್,low
ವರ್ಕ್,ಗಳ,ವರ್ಕ್ಗಳ,low
ಮೂಲಕ,ಮಾತ್ರ,ಮೂಲಕಮಾತ್ರ,low
ಮಾತ್ರ,ಪ್ರವೇಶಿಸಬಹುದು,ಮಾತ್ರಪ್ರವೇಶಿಸಬಹುದು,low
ಪ್ರವೇಶಿಸಬಹುದು,ಅದು,ಪ್ರವೇಶಿಸಬಹುದುಅದು,low
ಅದು,ಡಾರ್ಕ್,ಅದುಡಾರ್ಕ್,low
ವೆಬ್,ಗಾಗಿ,ವೆಬ್ಗಾಗಿ,low
ಗಾಗಿ,ವಿಶೇಷವಾಗಿ,ಗಾಗಿವಿಶೇಷವಾಗಿ,low
ವಿಶೇಷವಾಗಿ,ರಚಿಸಲಾಗಿದೆ,ವಿಶೇಷವಾಗಿರಚಿಸಲಾಗಿದೆ,low
ರಚಿಸಲಾಗಿದೆ,ಟಾರ್,ರಚಿಸಲಾಗಿದೆಟಾರ್,low
ಬ್ರೌಸರ್,ಮತ್ತು,ಬ್ರೌಸರ್ಮತ್ತು,low
ಮತ್ತು,ಟಾರ್,ಮತ್ತುಟಾರ್,low
ಟಾರ್,ಪ್ರವೇಶಿಸಬಹುದಾದ,ಟಾರ್ಪ್ರವೇಶಿಸಬಹುದಾದ,low
ಪ್ರವೇಶಿಸಬಹುದಾದ,ಸೈಟ್,ಪ್ರವೇಶಿಸಬಹುದಾದಸೈಟ್,low
ಗಳನ್ನು,ಡಾರ್ಕ್,ಗಳನ್ನುಡಾರ್ಕ್,low
ನೆಟ್,ಬಳಕೆದಾರರಲ್ಲಿ,ನೆಟ್ಬಳಕೆದಾರರಲ್ಲಿ,low
ಬಳಕೆದಾರರಲ್ಲಿ,ವ್ಯಾಪಕವಾಗಿ,ಬಳಕೆದಾರರಲ್ಲಿವ್ಯಾಪಕವಾಗಿ,low
ವ್ಯಾಪಕವಾಗಿ,ಬಳಸಲಾಗುತ್ತದೆ,ವ್ಯಾಪಕವಾಗಿಬಳಸಲಾಗುತ್ತದೆ,low
ಬಳಸಲಾಗುತ್ತದೆ,ಮತ್ತು,ಬಳಸಲಾಗುತ್ತದೆಮತ್ತು,low
ಇದನ್ನು,ಆನಿಯನ್,ಇದನ್ನುಆನಿಯನ್,low
ಆನಿಯನ್,ಡೊಮೇನ್,ಆನಿಯನ್ಡೊಮೇನ್,low
ಡೊಮೇನ್,ನಿಂದ,ಡೊಮೇನ್ನಿಂದ,low
ನಿಂದ,ಗುರುತಿಸಬಹುದು,ನಿಂದಗುರುತಿಸಬಹುದು,low
ಗುರುತಿಸಬಹುದು,ಟಾರ್,ಗುರುತಿಸಬಹುದುಟಾರ್,low
ಗಳು,ಬಳಕೆದಾರರಿಗೆ,ಗಳುಬಳಕೆದಾರರಿಗೆ,low
ಬಳಕೆದಾರರಿಗೆ,ಎನ್,ಬಳಕೆದಾರರಿಗೆಎನ್,low
ಕ್ರಿಪ್ಟ್,ಮಾಡಲಾದ,ಕ್ರಿಪ್ಟ್ಮಾಡಲಾದ,low
ಮಾಡಲಾದ,ಪ್ರವೇಶ,ಮಾಡಲಾದಪ್ರವೇಶ,low
ಪ್ರವೇಶ,ಮಾರ್ಗಗಳನ್ನು,ಪ್ರವೇಶಮಾರ್ಗಗಳನ್ನು,low
ಮಾರ್ಗಗಳನ್ನು,ರಚಿಸುತ್ತವೆ,ಮಾರ್ಗಗಳನ್ನುರಚಿಸುತ್ತವೆ,low
ರಚಿಸುತ್ತವೆ,ಮತ್ತು,ರಚಿಸುತ್ತವೆಮತ್ತು,low
ಅವರ,ಡಾರ್ಕ್,ಅವರಡಾರ್ಕ್,low
ವೆಬ್,ಹುಡುಕಾಟಗಳು,ವೆಬ್ಹುಡುಕಾಟಗಳು,low
ಹುಡುಕಾಟಗಳು,ಮತ್ತು,ಹುಡುಕಾಟಗಳುಮತ್ತು,low
ಮತ್ತು,ಕ್ರಿಯೆಗಳು,ಮತ್ತುಕ್ರಿಯೆಗಳು,low
ಕ್ರಿಯೆಗಳು,ಅನಾಮಧೇಯವಾಗಿರಲು,ಕ್ರಿಯೆಗಳುಅನಾಮಧೇಯವಾಗಿರಲು,low
ಅನಾಮಧೇಯವಾಗಿರಲು,ಅನುವು,ಅನಾಮಧೇಯವಾಗಿರಲುಅನುವು,low
ಮಾಡಿಕೊಡುತ್ತದೆ,ಡಾರ್ಕ್,ಮಾಡಿಕೊಡುತ್ತದೆಡಾರ್ಕ್,low
ಬಳಕೆದಾರರ,ಗುರುತುಗಳು,ಬಳಕೆದಾರರಗುರುತುಗಳು,low
ಗುರುತುಗಳು,ಮತ್ತು,ಗುರುತುಗಳುಮತ್ತು,low
ಮತ್ತು,ಸ್ಥಳಗಳು,ಮತ್ತುಸ್ಥಳಗಳು,low
ಸ್ಥಳಗಳು,ಅನಾಮಧೇಯವಾಗಿರುತ್ತವೆ,ಸ್ಥಳಗಳುಅನಾಮಧೇಯವಾಗಿರುತ್ತವೆ,low
ಅನಾಮಧೇಯವಾಗಿರುತ್ತವೆ,ಮತ್ತು,ಅನಾಮಧೇಯವಾಗಿರುತ್ತವೆಮತ್ತು,low
ಮತ್ತು,ಲೇಯರ್ಡ್,ಮತ್ತುಲೇಯರ್ಡ್,low
ಲೇಯರ್ಡ್,ಎನ್,ಲೇಯರ್ಡ್ಎನ್,low
ಕ್ರಿಪ್ಶನ್,ಸಿಸ್ಟಮ್,ಕ್ರಿಪ್ಶನ್ಸಿಸ್ಟಮ್,low
ಸಿಸ್ಟಮ್,ನಿಂದಾಗಿ,ಸಿಸ್ಟಮ್ನಿಂದಾಗಿ,low
ನಿಂದಾಗಿ,ಟ್ರ್ಯಾಕ್,ನಿಂದಾಗಿಟ್ರ್ಯಾಕ್,low
ಮಾಡಲು,ಸಾಧ್ಯವಿಲ್ಲ,ಮಾಡಲುಸಾಧ್ಯವಿಲ್ಲ,low
ಸಾಧ್ಯವಿಲ್ಲ,ಡಾರ್ಕ್,ಸಾಧ್ಯವಿಲ್ಲಡಾರ್ಕ್,low
ನೆಟ್,ಎನ್,ನೆಟ್ಎನ್,low
ಕ್ರಿಪ್ಶನ್,ತಂತ್ರಜ್ಞಾನವು,ಕ್ರಿಪ್ಶನ್ತಂತ್ರಜ್ಞಾನವು,low
ತಂತ್ರಜ್ಞಾನವು,ಹೆಚ್ಚಿನ,ತಂತ್ರಜ್ಞಾನವುಹೆಚ್ಚಿನ,low
ಹೆಚ್ಚಿನ,ಸಂಖ್ಯೆಯ,ಹೆಚ್ಚಿನಸಂಖ್ಯೆಯ,low
ಸಂಖ್ಯೆಯ,ಮಧ್ಯಂತರ,ಸಂಖ್ಯೆಯಮಧ್ಯಂತರ,low
ಮಧ್ಯಂತರ,ಸರ್ವರ್,ಮಧ್ಯಂತರಸರ್ವರ್,low
ಸರ್ವರ್,ಗಳ,ಸರ್ವರ್ಗಳ,low
ಮೂಲಕ,ಬಳಕೆದಾರರ,ಮೂಲಕಬಳಕೆದಾರರ,low
ಬಳಕೆದಾರರ,ಡೇಟಾವನ್ನು,ಬಳಕೆದಾರರಡೇಟಾವನ್ನು,low
ಡೇಟಾವನ್ನು,ರೂಟ್,ಡೇಟಾವನ್ನುರೂಟ್,low
ರೂಟ್,ಮಾಡುತ್ತದೆ,ರೂಟ್ಮಾಡುತ್ತದೆ,low
ಮಾಡುತ್ತದೆ,ಇದು,ಮಾಡುತ್ತದೆಇದು,low
ಇದು,ಬಳಕೆದಾರರ,ಇದುಬಳಕೆದಾರರ,low
ಬಳಕೆದಾರರ,ಗುರುತನ್ನು,ಬಳಕೆದಾರರಗುರುತನ್ನು,low
ಗುರುತನ್ನು,ರಕ್ಷಿಸುತ್ತದೆ,ಗುರುತನ್ನುರಕ್ಷಿಸುತ್ತದೆ,low
ರಕ್ಷಿಸುತ್ತದೆ,ಮತ್ತು,ರಕ್ಷಿಸುತ್ತದೆಮತ್ತು,low
ಅನಾಮಧೇಯತೆಯನ್ನು,ಖಾತರಿಪಡಿಸುತ್ತದೆ,ಅನಾಮಧೇಯತೆಯನ್ನುಖಾತರಿಪಡಿಸುತ್ತದೆ,low
ಖಾತರಿಪಡಿಸುತ್ತದೆ,ರವಾನೆಯಾದ,ಖಾತರಿಪಡಿಸುತ್ತದೆರವಾನೆಯಾದ,low
ರವಾನೆಯಾದ,ಮಾಹಿತಿಯನ್ನು,ರವಾನೆಯಾದಮಾಹಿತಿಯನ್ನು,low
ಮಾಹಿತಿಯನ್ನು,ಸ್ಕೀಮ್,ಮಾಹಿತಿಯನ್ನುಸ್ಕೀಮ್,low
ಸ್ಕೀಮ್,ನಲ್ಲಿನ,ಸ್ಕೀಮ್ನಲ್ಲಿನ,low
ನಲ್ಲಿನ,ನಂತರದ,ನಲ್ಲಿನನಂತರದ,low
ನಂತರದ,ನೋಡ್,ನಂತರದನೋಡ್,low
ನೋಡ್,ನಿಂದ,ನೋಡ್ನಿಂದ,low
ನಿಂದ,ಮಾತ್ರ,ನಿಂದಮಾತ್ರ,low
ಮಾತ್ರ,ಡೀಕ್ರಿಪ್ಟ್,ಮಾತ್ರಡೀಕ್ರಿಪ್ಟ್,low
ಡೀಕ್ರಿಪ್ಟ್,ಮಾಡಬಹುದು,ಡೀಕ್ರಿಪ್ಟ್ಮಾಡಬಹುದು,low
ಮಾಡಬಹುದು,ಹೀಗೆ,ಮಾಡಬಹುದುಹೀಗೆ,low
ಹೀಗೆ,ಇದು,ಹೀಗೆಇದು,low
ಇದು,ನಿರ್ಗಮನ,ಇದುನಿರ್ಗಮನ,low
ನಿರ್ಗಮನ,ನೋಡ್,ನಿರ್ಗಮನನೋಡ್,low
ನೋಡ್,ಅನ್ನು,ನೋಡ್ಅನ್ನು,low
ಅನ್ನು,ತಲುಪುತ್ತದೆ,ಅನ್ನುತಲುಪುತ್ತದೆ,low
ತಲುಪುತ್ತದೆ,ಸಂಕೀರ್ಣವಾದ,ತಲುಪುತ್ತದೆಸಂಕೀರ್ಣವಾದ,low
ಸಂಕೀರ್ಣವಾದ,ವ್ಯವಸ್ಥೆಯು,ಸಂಕೀರ್ಣವಾದವ್ಯವಸ್ಥೆಯು,low
ವ್ಯವಸ್ಥೆಯು,ನೋಡ್,ವ್ಯವಸ್ಥೆಯುನೋಡ್,low
ನೋಡ್,ಮಾರ್ಗವನ್ನು,ನೋಡ್ಮಾರ್ಗವನ್ನು,low
ಮಾರ್ಗವನ್ನು,ಪುನರುತ್ಪಾದಿಸಲು,ಮಾರ್ಗವನ್ನುಪುನರುತ್ಪಾದಿಸಲು,low
ಪುನರುತ್ಪಾದಿಸಲು,ಮತ್ತು,ಪುನರುತ್ಪಾದಿಸಲುಮತ್ತು,low
ಮತ್ತು,ಲೇಯರ್,ಮತ್ತುಲೇಯರ್,low
ಲೇಯರ್,ಮೂಲಕ,ಲೇಯರ್ಮೂಲಕ,low
ಮೂಲಕ,ಮಾಹಿತಿಯನ್ನು,ಮೂಲಕಮಾಹಿತಿಯನ್ನು,low
ಮಾಹಿತಿಯನ್ನು,ಡೀಕ್ರಿಪ್ಟ್,ಮಾಹಿತಿಯನ್ನುಡೀಕ್ರಿಪ್ಟ್,low
ಡೀಕ್ರಿಪ್ಟ್,ಮಾಡಲು,ಡೀಕ್ರಿಪ್ಟ್ಮಾಡಲು,low
ಮಾಡಲು,ಅಸಾಧ್ಯವಾಗಿಸುತ್ತದೆ,ಮಾಡಲುಅಸಾಧ್ಯವಾಗಿಸುತ್ತದೆ,low
ಅಸಾಧ್ಯವಾಗಿಸುತ್ತದೆ,ಉನ್ನತ,ಅಸಾಧ್ಯವಾಗಿಸುತ್ತದೆಉನ್ನತ,low
ಮಟ್ಟದ,ಗೂಢಲಿಪೀಕರಣದ,ಮಟ್ಟದಗೂಢಲಿಪೀಕರಣದ,low
ಗೂಢಲಿಪೀಕರಣದ,ಕಾರಣದಿಂದಾಗಿ,ಗೂಢಲಿಪೀಕರಣದಕಾರಣದಿಂದಾಗಿ,low
ಕಾರಣದಿಂದಾಗಿ,ವೆಬ್,ಕಾರಣದಿಂದಾಗಿವೆಬ್,low
ತಮ್ಮ,ಬಳಕೆದಾರರ,ತಮ್ಮಬಳಕೆದಾರರ,low
ಬಳಕೆದಾರರ,ಜಿಯೋಲೊಕೇಶನ್,ಬಳಕೆದಾರರಜಿಯೋಲೊಕೇಶನ್,low
ಜಿಯೋಲೊಕೇಶನ್,ಮತ್ತು,ಜಿಯೋಲೊಕೇಶನ್ಮತ್ತು,low
ಪಿ,ಅನ್ನು,ಪಿಅನ್ನು,low
ಅನ್ನು,ಟ್ರ್ಯಾಕ್,ಅನ್ನುಟ್ರ್ಯಾಕ್,low
ಮಾಡಲು,ಸಾಧ್ಯವಾಗುವುದಿಲ್ಲ,ಮಾಡಲುಸಾಧ್ಯವಾಗುವುದಿಲ್ಲ,low
ಸಾಧ್ಯವಾಗುವುದಿಲ್ಲ,ಮತ್ತು,ಸಾಧ್ಯವಾಗುವುದಿಲ್ಲಮತ್ತು,low
ಮತ್ತು,ಬಳಕೆದಾರರು,ಮತ್ತುಬಳಕೆದಾರರು,low
ಬಳಕೆದಾರರು,ಹೋಸ್ಟ್,ಬಳಕೆದಾರರುಹೋಸ್ಟ್,low
ಹೋಸ್ಟ್,ಕುರಿತು,ಹೋಸ್ಟ್ಕುರಿತು,low
ಮಾಹಿತಿಯನ್ನು,ಪಡೆಯಲು,ಮಾಹಿತಿಯನ್ನುಪಡೆಯಲು,low
ಪಡೆಯಲು,ಸಾಧ್ಯವಾಗುವುದಿಲ್ಲ,ಪಡೆಯಲುಸಾಧ್ಯವಾಗುವುದಿಲ್ಲ,low
ಸಾಧ್ಯವಾಗುವುದಿಲ್ಲ,ಹೀಗಾಗಿ,ಸಾಧ್ಯವಾಗುವುದಿಲ್ಲಹೀಗಾಗಿ,low
ಹೀಗಾಗಿ,ಡಾರ್ಕ್,ಹೀಗಾಗಿಡಾರ್ಕ್,low
ಬಳಕೆದಾರರ,ನಡುವಿನ,ಬಳಕೆದಾರರನಡುವಿನ,low
ನಡುವಿನ,ಸಂವಹನವು,ನಡುವಿನಸಂವಹನವು,low
ಸಂವಹನವು,ಹೆಚ್ಚು,ಸಂವಹನವುಹೆಚ್ಚು,low
ಹೆಚ್ಚು,ಎನ್,ಹೆಚ್ಚುಎನ್,low
ಕ್ರಿಪ್ಟ್,ಆಗಿದ್ದು,ಕ್ರಿಪ್ಟ್ಆಗಿದ್ದು,low
ಆಗಿದ್ದು,ಬಳಕೆದಾರರು,ಆಗಿದ್ದುಬಳಕೆದಾರರು,low
ಬಳಕೆದಾರರು,ಮಾತನಾಡಲು,ಬಳಕೆದಾರರುಮಾತನಾಡಲು,low
ಮಾತನಾಡಲು,ಬ್ಲಾಗ್,ಮಾತನಾಡಲುಬ್ಲಾಗ್,low
ಬ್ಲಾಗ್,ಮಾಡಲು,ಬ್ಲಾಗ್ಮಾಡಲು,low
ಮಾಡಲು,ಮತ್ತು,ಮಾಡಲುಮತ್ತು,low
ಮತ್ತು,ಫೈಲ್,ಮತ್ತುಫೈಲ್,low
ಫೈಲ್,ಗಳನ್ನು,ಫೈಲ್ಗಳನ್ನು,low
ಗಳನ್ನು,ಗೌಪ್ಯವಾಗಿ,ಗಳನ್ನುಗೌಪ್ಯವಾಗಿ,low
ಗೌಪ್ಯವಾಗಿ,ಹಂಚಿಕೊಳ್ಳಲು,ಗೌಪ್ಯವಾಗಿಹಂಚಿಕೊಳ್ಳಲು,low
ಹಂಚಿಕೊಳ್ಳಲು,ಅನುವು,ಹಂಚಿಕೊಳ್ಳಲುಅನುವು,low
ಮಾಡಿಕೊಡುತ್ತದೆ,ವಿಷಯ,ಮಾಡಿಕೊಡುತ್ತದೆವಿಷಯ,low
ವಿಷಯ,ಪೋರ್ಟ್ಸ್,ವಿಷಯಪೋರ್ಟ್ಸ್,low
ಪೋರ್ಟ್ಸ್,ಮೌತ್,ಪೋರ್ಟ್ಸ್ಮೌತ್,low
ಮೌತ್,ವಿಶ್ವವಿದ್ಯಾನಿಲಯದಿಂದ,ಮೌತ್ವಿಶ್ವವಿದ್ಯಾನಿಲಯದಿಂದ,low
ವಿಶ್ವವಿದ್ಯಾನಿಲಯದಿಂದ,ಗರೆಥ್,ವಿಶ್ವವಿದ್ಯಾನಿಲಯದಿಂದಗರೆಥ್,low
ಗರೆಥ್,ಓವನ್,ಗರೆಥ್ಓವನ್,low
ಓವನ್,ಅವರು,ಓವನ್ಅವರು,low
ಅವರು,ಡಿಸೆಂಬರ್,ಅವರುಡಿಸೆಂಬರ್,low
ಡಿಸೆಂಬರ್,೨೦೧೪,ಡಿಸೆಂಬರ್೨೦೧೪,low
ಅಧ್ಯಯನದಲ್ಲಿ,ಟಾರ್,ಅಧ್ಯಯನದಲ್ಲಿಟಾರ್,low
ನಲ್ಲಿ,ಸಾಮಾನ್ಯವಾಗಿ,ನಲ್ಲಿಸಾಮಾನ್ಯವಾಗಿ,low
ಸಾಮಾನ್ಯವಾಗಿ,ಹೋಸ್ಟ್,ಸಾಮಾನ್ಯವಾಗಿಹೋಸ್ಟ್,low
ಹೋಸ್ಟ್,ಮಾಡಲಾದ,ಹೋಸ್ಟ್ಮಾಡಲಾದ,low
ಮಾಡಲಾದ,ವಿಷಯವು,ಮಾಡಲಾದವಿಷಯವು,low
ವಿಷಯವು,ಮಕ್ಕಳ,ವಿಷಯವುಮಕ್ಕಳ,low
ಅಶ್ಲೀಲತೆ,ಬ್ಲ್ಯಾಕ್,ಅಶ್ಲೀಲತೆಬ್ಲ್ಯಾಕ್,low
ಬ್ಲ್ಯಾಕ್,ಮಾರುಕಟ್ಟೆಗಳಿಗೆ,ಬ್ಲ್ಯಾಕ್ಮಾರುಕಟ್ಟೆಗಳಿಗೆ,low
ಮಾರುಕಟ್ಟೆಗಳಿಗೆ,ಸಂಬಂಧಿಸಿವೆ,ಮಾರುಕಟ್ಟೆಗಳಿಗೆಸಂಬಂಧಿಸಿವೆ,low
ಸಂಬಂಧಿಸಿವೆ,ಹಾಗೂ,ಸಂಬಂಧಿಸಿವೆಹಾಗೂ,low
ಹಾಗೂ,ಹೆಚ್ಚಿನ,ಹಾಗೂಹೆಚ್ಚಿನ,low
ಹೆಚ್ಚಿನ,ದಟ್ಟಣೆಯನ್ನು,ಹೆಚ್ಚಿನದಟ್ಟಣೆಯನ್ನು,low
ದಟ್ಟಣೆಯನ್ನು,ಹೊಂದಿರುವ,ದಟ್ಟಣೆಯನ್ನುಹೊಂದಿರುವ,low
ಹೊಂದಿರುವ,ವೈಯಕ್ತಿಕ,ಹೊಂದಿರುವವೈಯಕ್ತಿಕ,low
ವೈಯಕ್ತಿಕ,ಸೈಟ್,ವೈಯಕ್ತಿಕಸೈಟ್,low
ಗಳು,ಬಾಟ್,ಗಳುಬಾಟ್,low
ಬಾಟ್,ನೆಟ್,ಬಾಟ್ನೆಟ್,low
ನೆಟ್,ಕಾರ್ಯಾಚರಣೆಗಳಿಗೆ,ನೆಟ್ಕಾರ್ಯಾಚರಣೆಗಳಿಗೆ,low
ಕಾರ್ಯಾಚರಣೆಗಳಿಗೆ,ಮೀಸಲಾಗಿವೆ,ಕಾರ್ಯಾಚರಣೆಗಳಿಗೆಮೀಸಲಾಗಿವೆ,low
ಮೀಸಲಾಗಿವೆ,ಎಂಬುದನ್ನು,ಮೀಸಲಾಗಿವೆಎಂಬುದನ್ನು,low
ಎಂಬುದನ್ನು,ಕಂಡುಹಿಡಿದರು,ಎಂಬುದನ್ನುಕಂಡುಹಿಡಿದರು,low
ಕಂಡುಹಿಡಿದರು,ಇದು,ಕಂಡುಹಿಡಿದರುಇದು,low
ಇದು,ಅನೇಕ,ಇದುಅನೇಕ,low
ಅನೇಕ,ವಿಶಲ್,ಅನೇಕವಿಶಲ್,low
ವಿಶಲ್,ಬ್ಲೋಯಿಂಗ್,ವಿಶಲ್ಬ್ಲೋಯಿಂಗ್,low
ಬ್ಲೋಯಿಂಗ್,ಸೈಟ್,ಬ್ಲೋಯಿಂಗ್ಸೈಟ್,low
ಗಳ,ಅಸ್ತಿತ್ವವನ್ನು,ಗಳಅಸ್ತಿತ್ವವನ್ನು,low
ಅಸ್ತಿತ್ವವನ್ನು,ಹಾಗೆಯೇ,ಅಸ್ತಿತ್ವವನ್ನುಹಾಗೆಯೇ,low
ಹಾಗೆಯೇ,ರಾಜಕೀಯ,ಹಾಗೆಯೇರಾಜಕೀಯ,low
ರಾಜಕೀಯ,ಚರ್ಚಾ,ರಾಜಕೀಯಚರ್ಚಾ,low
ಚರ್ಚಾ,ವೇದಿಕೆಗಳನ್ನು,ಚರ್ಚಾವೇದಿಕೆಗಳನ್ನು,low
ವೇದಿಕೆಗಳನ್ನು,ಸಹ,ವೇದಿಕೆಗಳನ್ನುಸಹ,low
ಸಹ,ನಿರ್ವಹಿಸುತ್ತವೆ,ಸಹನಿರ್ವಹಿಸುತ್ತವೆ,low
ನಿರ್ವಹಿಸುತ್ತವೆ,ಹಾಗೂ,ನಿರ್ವಹಿಸುತ್ತವೆಹಾಗೂ,low
ಹಾಗೂ,ಇದರಲ್ಲಿ,ಹಾಗೂಇದರಲ್ಲಿ,low
ಇದರಲ್ಲಿ,ಬಿಟ್,ಇದರಲ್ಲಿಬಿಟ್,low
ಕಾಯಿನ್,ಗೆ,ಕಾಯಿನ್ಗೆ,low
ಸಂಬಂಧಿಸಿದ,ಸೈಟ್,ಸಂಬಂಧಿಸಿದಸೈಟ್,low
ಗಳು,ವಂಚನೆ,ಗಳುವಂಚನೆ,low
ವಂಚನೆ,ಸಂಬಂಧಿತ,ವಂಚನೆಸಂಬಂಧಿತ,low
ಸಂಬಂಧಿತ,ಸೇವೆಗಳು,ಸಂಬಂಧಿತಸೇವೆಗಳು,low
ಸೇವೆಗಳು,ಮತ್ತು,ಸೇವೆಗಳುಮತ್ತು,low
ಮತ್ತು,ಮೇಲ್,ಮತ್ತುಮೇಲ್,low
ಮೇಲ್,ಆರ್ಡರ್,ಮೇಲ್ಆರ್ಡರ್,low
ಆರ್ಡರ್,ಸೇವೆಗಳು,ಆರ್ಡರ್ಸೇವೆಗಳು,low
ಸೇವೆಗಳು,ಅತ್ಯಂತ,ಸೇವೆಗಳುಅತ್ಯಂತ,low
ಅತ್ಯಂತ,ಸಮೃದ್ಧವಾಗಿವೆ,ಅತ್ಯಂತಸಮೃದ್ಧವಾಗಿವೆ,low
ಸಮೃದ್ಧವಾಗಿವೆ,ಡಿಸೆಂಬರ್,ಸಮೃದ್ಧವಾಗಿವೆಡಿಸೆಂಬರ್,low
ಡಿಸೆಂಬರ್,೨೦೨೦,ಡಿಸೆಂಬರ್೨೦೨೦,low
ಹೊತ್ತಿಗೆ,ಆನಿಯನ್,ಹೊತ್ತಿಗೆಆನಿಯನ್,low
ಆನಿಯನ್,ನಲ್ಲಿನ,ಆನಿಯನ್ನಲ್ಲಿನ,low
ನಲ್ಲಿನ,ಸಕ್ರಿಯ,ನಲ್ಲಿನಸಕ್ರಿಯ,low
ಸಕ್ರಿಯ,ಟಾರ್,ಸಕ್ರಿಯಟಾರ್,low
ಟಾರ್,ಸೈಟ್,ಟಾರ್ಸೈಟ್,low
ಗಳ,ಸಂಖ್ಯೆಯನ್ನು,ಗಳಸಂಖ್ಯೆಯನ್ನು,low
ಸಂಖ್ಯೆಯನ್ನು,೭೬,ಸಂಖ್ಯೆಯನ್ನು೭೬,low
೭೬,೩೦೦,೭೬೩೦೦,low
೩೦೦,ಎಂದು,೩೦೦ಎಂದು,low
ಎಂದು,ಅಂದಾಜಿಸಲಾಗಿದೆ,ಎಂದುಅಂದಾಜಿಸಲಾಗಿದೆ,low
ಅಂದಾಜಿಸಲಾಗಿದೆ,ಬಹಳಷ್ಟು,ಅಂದಾಜಿಸಲಾಗಿದೆಬಹಳಷ್ಟು,low
ಬಹಳಷ್ಟು,ಪ್ರತಿಗಳನ್ನು,ಬಹಳಷ್ಟುಪ್ರತಿಗಳನ್ನು,low
ಪ್ರತಿಗಳನ್ನು,ಒಳಗೊಂಡಿದೆ,ಪ್ರತಿಗಳನ್ನುಒಳಗೊಂಡಿದೆ,low
ಒಳಗೊಂಡಿದೆ,ಇವುಗಳಲ್ಲಿ,ಒಳಗೊಂಡಿದೆಇವುಗಳಲ್ಲಿ,low
ಇವುಗಳಲ್ಲಿ,೧೮,ಇವುಗಳಲ್ಲಿ೧೮,low
೧೮,೦೦೦,೧೮೦೦೦,low
೦೦೦,ಸೈಟ್,೦೦೦ಸೈಟ್,low
ಗಳು,ಮೂಲ,ಗಳುಮೂಲ,low
ಮೂಲ,ವಿಷಯವನ್ನು,ಮೂಲವಿಷಯವನ್ನು,low
ವಿಷಯವನ್ನು,ಹೊಂದಿರುತ್ತದೆ,ವಿಷಯವನ್ನುಹೊಂದಿರುತ್ತದೆ,low
ಹೊಂದಿರುತ್ತದೆ,ಜುಲೈ,ಹೊಂದಿರುತ್ತದೆಜುಲೈ,low
ಜುಲೈ,೨೦೧೭,ಜುಲೈ೨೦೧೭,low
೨೦೧೭,ರಲ್ಲಿ,೨೦೧೭ರಲ್ಲಿ,low
ರಲ್ಲಿ,ಟಾರ್,ರಲ್ಲಿಟಾರ್,low
ಟಾರ್,ಪ್ರಾಜೆಕ್ಟ್,ಟಾರ್ಪ್ರಾಜೆಕ್ಟ್,low
ಮೂರು,ಸಂಸ್ಥಾಪಕರಲ್ಲಿ,ಮೂರುಸಂಸ್ಥಾಪಕರಲ್ಲಿ,low
ಸಂಸ್ಥಾಪಕರಲ್ಲಿ,ಒಬ್ಬರಾದ,ಸಂಸ್ಥಾಪಕರಲ್ಲಿಒಬ್ಬರಾದ,low
ಒಬ್ಬರಾದ,ರೋಜರ್,ಒಬ್ಬರಾದರೋಜರ್,low
ರೋಜರ್,ಡಿಂಗ್ಲೆಡೈನ್,ರೋಜರ್ಡಿಂಗ್ಲೆಡೈನ್,low
ಡಿಂಗ್ಲೆಡೈನ್,ಫೇಸ್,ಡಿಂಗ್ಲೆಡೈನ್ಫೇಸ್,low
ಬುಕ್,ಅತಿದೊಡ್ಡ,ಬುಕ್ಅತಿದೊಡ್ಡ,low
ಅತಿದೊಡ್ಡ,ಗುಪ್ತ,ಅತಿದೊಡ್ಡಗುಪ್ತ,low
ಗುಪ್ತ,ಸೇವೆಯಾಗಿದೆ,ಗುಪ್ತಸೇವೆಯಾಗಿದೆ,low
ಸೇವೆಯಾಗಿದೆ,ಎಂದು,ಸೇವೆಯಾಗಿದೆಎಂದು,low
ಎಂದು,ಹೇಳಿದರು,ಎಂದುಹೇಳಿದರು,low
ಹೇಳಿದರು,ಡಾರ್ಕ್,ಹೇಳಿದರುಡಾರ್ಕ್,low
ವೆಬ್,ಟಾರ್,ವೆಬ್ಟಾರ್,low
ಟಾರ್,ನೆಟ್,ಟಾರ್ನೆಟ್,low
ವರ್ಕ್,ನಲ್ಲಿ,ವರ್ಕ್ನಲ್ಲಿ,low
ನಲ್ಲಿ,ಕೇವಲ,ನಲ್ಲಿಕೇವಲ,low
ನಷ್ಟು,ಟ್ರಾಫಿಕ್,ನಷ್ಟುಟ್ರಾಫಿಕ್,low
ಟ್ರಾಫಿಕ್,ಅನ್ನು,ಟ್ರಾಫಿಕ್ಅನ್ನು,low
ಅನ್ನು,ಒಳಗೊಂಡಿದೆ,ಅನ್ನುಒಳಗೊಂಡಿದೆ,low
ಒಳಗೊಂಡಿದೆ,ಲಂಡನ್,ಒಳಗೊಂಡಿದೆಲಂಡನ್,low
ಕಿಂಗ್ಸ್,ಕಾಲೇಜಿನ,ಕಿಂಗ್ಸ್ಕಾಲೇಜಿನ,low
ಕಾಲೇಜಿನ,ಸಂಶೋಧಕರ,ಕಾಲೇಜಿನಸಂಶೋಧಕರ,low
ಸಂಶೋಧಕರ,ಫೆಬ್ರವರಿ,ಸಂಶೋಧಕರಫೆಬ್ರವರಿ,low
ಫೆಬ್ರವರಿ,೨೦೧೬,ಫೆಬ್ರವರಿ೨೦೧೬,low
ಅಧ್ಯಯನವು,ಪರ್ಯಾಯ,ಅಧ್ಯಯನವುಪರ್ಯಾಯ,low
ಪರ್ಯಾಯ,ವರ್ಗದ,ಪರ್ಯಾಯವರ್ಗದ,low
ವರ್ಗದ,ಸೆಟ್,ವರ್ಗದಸೆಟ್,low
ಸೆಟ್,ನಿಂದ,ಸೆಟ್ನಿಂದ,low
ನಿಂದ,ವಿಷಯದ,ನಿಂದವಿಷಯದ,low
ಕೆಳಗಿನ,ವಿಭಜನೆಯನ್ನು,ಕೆಳಗಿನವಿಭಜನೆಯನ್ನು,low
ವಿಭಜನೆಯನ್ನು,ನೀಡುತ್ತದೆ,ವಿಭಜನೆಯನ್ನುನೀಡುತ್ತದೆ,low
ನೀಡುತ್ತದೆ,ಇದು,ನೀಡುತ್ತದೆಇದು,low
ಇದು,ಆನಿಯನ್,ಇದುಆನಿಯನ್,low
ಆನಿಯನ್,ಸೇವೆಗಳ,ಆನಿಯನ್ಸೇವೆಗಳ,low
ಸೇವೆಗಳ,ಅಕ್ರಮ,ಸೇವೆಗಳಅಕ್ರಮ,low
ಅಕ್ರಮ,ಬಳಕೆಯನ್ನು,ಅಕ್ರಮಬಳಕೆಯನ್ನು,low
ಬಳಕೆಯನ್ನು,ಎತ್ತಿ,ಬಳಕೆಯನ್ನುಎತ್ತಿ,low
ಎತ್ತಿ,ತೋರಿಸುತ್ತದೆ,ಎತ್ತಿತೋರಿಸುತ್ತದೆ,low
ತೋರಿಸುತ್ತದೆ,ರಾನ್,ತೋರಿಸುತ್ತದೆರಾನ್,low
ವೇರ್,ಕೆಲವು,ವೇರ್ಕೆಲವು,low
ಕೆಲವು,ಸುಲಿಗೆ,ಕೆಲವುಸುಲಿಗೆ,low
ಸುಲಿಗೆ,ಸಂಬಂಧಿತ,ಸುಲಿಗೆಸಂಬಂಧಿತ,low
ಸಂಬಂಧಿತ,ಪ್ರಕ್ರಿಯೆಗಳಲ್ಲಿ,ಸಂಬಂಧಿತಪ್ರಕ್ರಿಯೆಗಳಲ್ಲಿ,low
ಪ್ರಕ್ರಿಯೆಗಳಲ್ಲಿ,ಡಾರ್ಕ್,ಪ್ರಕ್ರಿಯೆಗಳಲ್ಲಿಡಾರ್ಕ್,low
ಅನ್ನು,ಸಹ,ಅನ್ನುಸಹ,low
ಸಹ,ಬಳಸಲಾಗುತ್ತದೆ,ಸಹಬಳಸಲಾಗುತ್ತದೆ,low
ಬಳಸಲಾಗುತ್ತದೆ,ವಾಸ್ತವವಾಗಿ,ಬಳಸಲಾಗುತ್ತದೆವಾಸ್ತವವಾಗಿ,low
ವಾಸ್ತವವಾಗಿ,ಹಲವಾರು,ವಾಸ್ತವವಾಗಿಹಲವಾರು,low
ಸೈಟ್,ಗಳಲ್ಲಿ,ಸೈಟ್ಗಳಲ್ಲಿ,low
ಗಳಲ್ಲಿ,ಡೇಟಾ,ಗಳಲ್ಲಿಡೇಟಾ,low
ಡೇಟಾ,ಮಾರಾಟ,ಡೇಟಾಮಾರಾಟ,low
ಮಾರಾಟ,ಸೈಟ್,ಮಾರಾಟಸೈಟ್,low
ಗಳು,ಸಾರ್ವಜನಿಕ,ಗಳುಸಾರ್ವಜನಿಕ,low
ಸಾರ್ವಜನಿಕ,ಡೇಟಾ,ಸಾರ್ವಜನಿಕಡೇಟಾ,low
ಡೇಟಾ,ರೆಪೊಸಿಟರಿ,ಡೇಟಾರೆಪೊಸಿಟರಿ,low
ರೆಪೊಸಿಟರಿ,ಸೈಟ್,ರೆಪೊಸಿಟರಿಸೈಟ್,low
ಗಳು,ರಾನ್,ಗಳುರಾನ್,low
ವೇರ್,ದಾಳಿಯಿಂದ,ವೇರ್ದಾಳಿಯಿಂದ,low
ದಾಳಿಯಿಂದ,ಡೇಟಾವನ್ನು,ದಾಳಿಯಿಂದಡೇಟಾವನ್ನು,low
ಡೇಟಾವನ್ನು,ವೀಕ್ಷಿಸುವುದು,ಡೇಟಾವನ್ನುವೀಕ್ಷಿಸುವುದು,low
ವೀಕ್ಷಿಸುವುದು,ಸಾಮಾನ್ಯವಾಗಿದೆ,ವೀಕ್ಷಿಸುವುದುಸಾಮಾನ್ಯವಾಗಿದೆ,low
ಸಾಮಾನ್ಯವಾಗಿದೆ,ಬೋಟ್,ಸಾಮಾನ್ಯವಾಗಿದೆಬೋಟ್,low
ನೆಟ್ಸ್,ಸೆನ್ಸಾರ್,ನೆಟ್ಸ್ಸೆನ್ಸಾರ್,low
ಸೆನ್ಸಾರ್,ಶಿಪ್,ಸೆನ್ಸಾರ್ಶಿಪ್,low
ಶಿಪ್,ನಿರೋಧಕ,ಶಿಪ್ನಿರೋಧಕ,low
ನಿರೋಧಕ,ಗುಪ್ತ,ನಿರೋಧಕಗುಪ್ತ,low
ಗುಪ್ತ,ಸೇವೆಯ,ಗುಪ್ತಸೇವೆಯ,low
ಸೇವೆಯ,ಆಧಾರದ,ಸೇವೆಯಆಧಾರದ,low
ಮೇಲೆ,ಬೋಟ್,ಮೇಲೆಬೋಟ್,low
ನೆಟ್ಸ್,ಗಳು,ನೆಟ್ಸ್ಗಳು,low
ಗಳು,ಸಾಮಾನ್ಯವಾಗಿ,ಗಳುಸಾಮಾನ್ಯವಾಗಿ,low
ಸಾಮಾನ್ಯವಾಗಿ,ತಮ್ಮ,ಸಾಮಾನ್ಯವಾಗಿತಮ್ಮ,low
ತಮ್ಮ,ಕಮಾಂಡ್,ತಮ್ಮಕಮಾಂಡ್,low
ಕಮಾಂಡ್,ಅಂಡ್,ಕಮಾಂಡ್ಅಂಡ್,low
ಅಂಡ್,ಕಂಟ್ರೋಲ್,ಅಂಡ್ಕಂಟ್ರೋಲ್,low
ಕಂಟ್ರೋಲ್,ಸರ್ವರ್,ಕಂಟ್ರೋಲ್ಸರ್ವರ್,low
ಸರ್ವರ್,ಗಳೊಂದಿಗೆ,ಸರ್ವರ್ಗಳೊಂದಿಗೆ,low
ಗಳೊಂದಿಗೆ,ರಚನೆಯಾಗುತ್ತವೆ,ಗಳೊಂದಿಗೆರಚನೆಯಾಗುತ್ತವೆ,low
ರಚನೆಯಾಗುತ್ತವೆ,ಇದು,ರಚನೆಯಾಗುತ್ತವೆಇದು,low
ಇದು,ದೊಡ್ಡ,ಇದುದೊಡ್ಡ,low
ದೊಡ್ಡ,ಪ್ರಮಾಣದ,ದೊಡ್ಡಪ್ರಮಾಣದ,low
ಪ್ರಮಾಣದ,ಬೋಟ್,ಪ್ರಮಾಣದಬೋಟ್,low
ಬೋಟ್,ಸಂಬಂಧಿತ,ಬೋಟ್ಸಂಬಂಧಿತ,low
ಸಂಬಂಧಿತ,ದಟ್ಟಣೆಯನ್ನು,ಸಂಬಂಧಿತದಟ್ಟಣೆಯನ್ನು,low
ದಟ್ಟಣೆಯನ್ನು,ಸೃಷ್ಟಿಸುತ್ತದೆ,ದಟ್ಟಣೆಯನ್ನುಸೃಷ್ಟಿಸುತ್ತದೆ,low
ಸೃಷ್ಟಿಸುತ್ತದೆ,ಡಾರ್ಕ್,ಸೃಷ್ಟಿಸುತ್ತದೆಡಾರ್ಕ್,low
ಮಾರುಕಟ್ಟೆಗಳು,ವಾಣಿಜ್ಯ,ಮಾರುಕಟ್ಟೆಗಳುವಾಣಿಜ್ಯ,low
ವಾಣಿಜ್ಯ,ಡಾರ್ಕ್,ವಾಣಿಜ್ಯಡಾರ್ಕ್,low
ಮಾರುಕಟ್ಟೆಗಳು,ಅಕ್ರಮ,ಮಾರುಕಟ್ಟೆಗಳುಅಕ್ರಮ,low
ಅಕ್ರಮ,ಸರಕುಗಳ,ಅಕ್ರಮಸರಕುಗಳ,low
ಸರಕುಗಳ,ವಹಿವಾಟುಗಳನಲ್ಲಿ,ಸರಕುಗಳವಹಿವಾಟುಗಳನಲ್ಲಿ,low
ವಹಿವಾಟುಗಳನಲ್ಲಿ,ಮಧ್ಯಸ್ಥಿಕೆ,ವಹಿವಾಟುಗಳನಲ್ಲಿಮಧ್ಯಸ್ಥಿಕೆ,low
ಮಧ್ಯಸ್ಥಿಕೆ,ವಹಿಸುತ್ತವೆ,ಮಧ್ಯಸ್ಥಿಕೆವಹಿಸುತ್ತವೆ,low
ವಹಿಸುತ್ತವೆ,ಮತ್ತು,ವಹಿಸುತ್ತವೆಮತ್ತು,low
ಸಾಮಾನ್ಯವಾಗಿ,ಬಿಟ್,ಸಾಮಾನ್ಯವಾಗಿಬಿಟ್,low
ಅನ್ನು,ಪಾವತಿಯಾಗಿ,ಅನ್ನುಪಾವತಿಯಾಗಿ,low
ಪಾವತಿಯಾಗಿ,ಬಳಸುತ್ತವೆ,ಪಾವತಿಯಾಗಿಬಳಸುತ್ತವೆ,low
ಮಾರುಕಟ್ಟೆಗಳು,ಸಿಲ್ಕ್,ಮಾರುಕಟ್ಟೆಗಳುಸಿಲ್ಕ್,low
ರೋಡ್,ಮತ್ತು,ರೋಡ್ಮತ್ತು,low
ಮತ್ತು,ಡಯಾಬೊಲಸ್,ಮತ್ತುಡಯಾಬೊಲಸ್,low
ಡಯಾಬೊಲಸ್,ಮಾರುಕಟ್ಟೆಯ,ಡಯಾಬೊಲಸ್ಮಾರುಕಟ್ಟೆಯ,low
ಮಾರುಕಟ್ಟೆಯ,ಜನಪ್ರಿಯತೆ,ಮಾರುಕಟ್ಟೆಯಜನಪ್ರಿಯತೆ,low
ಜನಪ್ರಿಯತೆ,ಮತ್ತು,ಜನಪ್ರಿಯತೆಮತ್ತು,low
ಮತ್ತು,ಕಾನೂನು,ಮತ್ತುಕಾನೂನು,low
ಕಾನೂನು,ಅಧಿಕಾರಿಗಳಿಂದ,ಕಾನೂನುಅಧಿಕಾರಿಗಳಿಂದ,low
ಅಧಿಕಾರಿಗಳಿಂದ,ಅದರ,ಅಧಿಕಾರಿಗಳಿಂದಅದರ,low
ಅದರ,ವಶಪಡಿಸಿಕೊಳ್ಳುವಿಕೆಯಿಂದ,ಅದರವಶಪಡಿಸಿಕೊಳ್ಳುವಿಕೆಯಿಂದ,low
ವಶಪಡಿಸಿಕೊಳ್ಳುವಿಕೆಯಿಂದ,ಪ್ರಾರಂಭವಾಗುವ,ವಶಪಡಿಸಿಕೊಳ್ಳುವಿಕೆಯಿಂದಪ್ರಾರಂಭವಾಗುವ,low
ಪ್ರಾರಂಭವಾಗುವ,ಗಮನಾರ್ಹ,ಪ್ರಾರಂಭವಾಗುವಗಮನಾರ್ಹ,low
ಗಮನಾರ್ಹ,ಮಾಧ್ಯಮ,ಗಮನಾರ್ಹಮಾಧ್ಯಮ,low
ಮಾಧ್ಯಮ,ಪ್ರಸಾರವನ್ನು,ಮಾಧ್ಯಮಪ್ರಸಾರವನ್ನು,low
ಪ್ರಸಾರವನ್ನು,ಆಕರ್ಷಿಸಿವೆ,ಪ್ರಸಾರವನ್ನುಆಕರ್ಷಿಸಿವೆ,low
ಆಕರ್ಷಿಸಿವೆ,ಸಿಲ್ಕ್,ಆಕರ್ಷಿಸಿವೆಸಿಲ್ಕ್,low
ರೋಡ್,೨೦೧೧,ರೋಡ್೨೦೧೧,low
೨೦೧೧,ರಲ್ಲಿ,೨೦೧೧ರಲ್ಲಿ,low
ರಲ್ಲಿ,ಹೊರಹೊಮ್ಮಿದ,ರಲ್ಲಿಹೊರಹೊಮ್ಮಿದ,low
ಹೊರಹೊಮ್ಮಿದ,ಮೊದಲ,ಹೊರಹೊಮ್ಮಿದಮೊದಲ,low
ಮೊದಲ,ಡಾರ್ಕ್,ಮೊದಲಡಾರ್ಕ್,low
ಮಾರುಕಟ್ಟೆ,ಸ್ಥಳಗಳಲ್ಲಿ,ಮಾರುಕಟ್ಟೆಸ್ಥಳಗಳಲ್ಲಿ,low
ಸ್ಥಳಗಳಲ್ಲಿ,ಒಂದಾಗಿದೆ,ಸ್ಥಳಗಳಲ್ಲಿಒಂದಾಗಿದೆ,low
ಒಂದಾಗಿದೆ,ಮತ್ತು,ಒಂದಾಗಿದೆಮತ್ತು,low
ಮತ್ತು,ಶಸ್ತ್ರಾಸ್ತ್ರಗಳು,ಮತ್ತುಶಸ್ತ್ರಾಸ್ತ್ರಗಳು,low
ಶಸ್ತ್ರಾಸ್ತ್ರಗಳು,ಹಾಗೂ,ಶಸ್ತ್ರಾಸ್ತ್ರಗಳುಹಾಗೂ,low
ಹಾಗೂ,ಗುರುತಿನ,ಹಾಗೂಗುರುತಿನ,low
ಗುರುತಿನ,ವಂಚನೆ,ಗುರುತಿನವಂಚನೆ,low
ವಂಚನೆ,ಸಂಪನ್ಮೂಲಗಳ,ವಂಚನೆಸಂಪನ್ಮೂಲಗಳ,low
ಸಂಪನ್ಮೂಲಗಳ,ವ್ಯಾಪಾರಕ್ಕೆ,ಸಂಪನ್ಮೂಲಗಳವ್ಯಾಪಾರಕ್ಕೆ,low
ವ್ಯಾಪಾರಕ್ಕೆ,ಅವಕಾಶ,ವ್ಯಾಪಾರಕ್ಕೆಅವಕಾಶ,low
ಮಾರುಕಟ್ಟೆಗಳು,ಅದರ,ಮಾರುಕಟ್ಟೆಗಳುಅದರ,low
ಅದರ,ಬಳಕೆದಾರರಿಗೆ,ಅದರಬಳಕೆದಾರರಿಗೆ,low
ಬಳಕೆದಾರರಿಗೆ,ಯಾವುದೇ,ಬಳಕೆದಾರರಿಗೆಯಾವುದೇ,low
ಯಾವುದೇ,ರಕ್ಷಣೆಯನ್ನು,ಯಾವುದೇರಕ್ಷಣೆಯನ್ನು,low
ರಕ್ಷಣೆಯನ್ನು,ಕೊಟ್ಟಿಲ್ಲ,ರಕ್ಷಣೆಯನ್ನುಕೊಟ್ಟಿಲ್ಲ,low
ಕೊಟ್ಟಿಲ್ಲ,ಹಾಗಾಗಿ,ಕೊಟ್ಟಿಲ್ಲಹಾಗಾಗಿ,low
ಹಾಗಾಗಿ,ಅಧಿಕಾರಿಗಳು,ಹಾಗಾಗಿಅಧಿಕಾರಿಗಳು,low
ಅಧಿಕಾರಿಗಳು,ಯಾವುದೇ,ಅಧಿಕಾರಿಗಳುಯಾವುದೇ,low
ಯಾವುದೇ,ಸಮಯದಲ್ಲಿ,ಯಾವುದೇಸಮಯದಲ್ಲಿ,low
ಸಮಯದಲ್ಲಿ,ಮುಚ್ಚಬಹುದು,ಸಮಯದಲ್ಲಿಮುಚ್ಚಬಹುದು,low
ಮಾರುಕಟ್ಟೆ,ಸ್ಥಳಗಳ,ಮಾರುಕಟ್ಟೆಸ್ಥಳಗಳ,low
ಸ್ಥಳಗಳ,ಮುಚ್ಚುವಿಕೆಯ,ಸ್ಥಳಗಳಮುಚ್ಚುವಿಕೆಯ,low
ಮುಚ್ಚುವಿಕೆಯ,ಹೊರತಾಗಿಯೂ,ಮುಚ್ಚುವಿಕೆಯಹೊರತಾಗಿಯೂ,low
ಹೊರತಾಗಿಯೂ,ಇತರರು,ಹೊರತಾಗಿಯೂಇತರರು,low
ಇತರರು,ತಮ್ಮ,ಇತರರುತಮ್ಮ,low
ತಮ್ಮ,ಸ್ಥಳದಲ್ಲಿ,ತಮ್ಮಸ್ಥಳದಲ್ಲಿ,low
ಸ್ಥಳದಲ್ಲಿ,ಪಾಪ್,ಸ್ಥಳದಲ್ಲಿಪಾಪ್,low
ಪಾಪ್,ಅಪ್,ಪಾಪ್ಅಪ್,low
ಅಪ್,ಮಾಡುತ್ತಾರೆ,ಅಪ್ಮಾಡುತ್ತಾರೆ,low
ಮಾಡುತ್ತಾರೆ,೨೦೨೦,ಮಾಡುತ್ತಾರೆ೨೦೨೦,low
ಹೊತ್ತಿಗೆ,ಕನಿಷ್ಠ,ಹೊತ್ತಿಗೆಕನಿಷ್ಠ,low
ಕನಿಷ್ಠ,೩೮,ಕನಿಷ್ಠ೩೮,low
೩೮,ಸಕ್ರಿಯ,೩೮ಸಕ್ರಿಯ,low
ಸಕ್ರಿಯ,ಡಾರ್ಕ್,ಸಕ್ರಿಯಡಾರ್ಕ್,low
ಮಾರುಕಟ್ಟೆ,ಸ್ಥಳಗಳಿವೆ,ಮಾರುಕಟ್ಟೆಸ್ಥಳಗಳಿವೆ,low
ಮಾರುಕಟ್ಟೆ,ಸ್ಥಳಗಳು,ಮಾರುಕಟ್ಟೆಸ್ಥಳಗಳು,low
ಸ್ಥಳಗಳು,ಈಬೇ,ಸ್ಥಳಗಳುಈಬೇ,low
ಈಬೇ,ಅಥವಾ,ಈಬೇಅಥವಾ,low
ಅಥವಾ,ಕ್ರೇಗ್ಸ್,ಅಥವಾಕ್ರೇಗ್ಸ್,low
ಕ್ರೇಗ್ಸ್,ಲಿಸ್ಟ್,ಕ್ರೇಗ್ಸ್ಲಿಸ್ಟ್,low
ಲಿಸ್ಟ್,ನಂತೆಯೇ,ಲಿಸ್ಟ್ನಂತೆಯೇ,low
ನಂತೆಯೇ,ಇರುತ್ತವೆ,ನಂತೆಯೇಇರುತ್ತವೆ,low
ಇರುತ್ತವೆ,ಅಲ್ಲಿ,ಇರುತ್ತವೆಅಲ್ಲಿ,low
ಅಲ್ಲಿ,ಬಳಕೆದಾರರು,ಅಲ್ಲಿಬಳಕೆದಾರರು,low
ಬಳಕೆದಾರರು,ಮಾರಾಟಗಾರರೊಂದಿಗೆ,ಬಳಕೆದಾರರುಮಾರಾಟಗಾರರೊಂದಿಗೆ,low
ಮಾರಾಟಗಾರರೊಂದಿಗೆ,ಸಂವಹನ,ಮಾರಾಟಗಾರರೊಂದಿಗೆಸಂವಹನ,low
ಸಂವಹನ,ನಡೆಸಬಹುದು,ಸಂವಹನನಡೆಸಬಹುದು,low
ನಡೆಸಬಹುದು,ಮತ್ತು,ನಡೆಸಬಹುದುಮತ್ತು,low
ಮತ್ತು,ಮಾರುಕಟ್ಟೆ,ಮತ್ತುಮಾರುಕಟ್ಟೆ,low
ಮಾರುಕಟ್ಟೆ,ಉತ್ಪನ್ನಗಳ,ಮಾರುಕಟ್ಟೆಉತ್ಪನ್ನಗಳ,low
ಉತ್ಪನ್ನಗಳ,ಬಗ್ಗೆ,ಉತ್ಪನ್ನಗಳಬಗ್ಗೆ,low
ಬಗ್ಗೆ,ವಿಮರ್ಶೆಗಳನ್ನು,ಬಗ್ಗೆವಿಮರ್ಶೆಗಳನ್ನು,low
ವಿಮರ್ಶೆಗಳನ್ನು,ಬಿಡಬಹುದು,ವಿಮರ್ಶೆಗಳನ್ನುಬಿಡಬಹುದು,low
ಬಿಡಬಹುದು,ಡಾರ್ಕ್,ಬಿಡಬಹುದುಡಾರ್ಕ್,low
ವೆಬ್,ಮಾರುಕಟ್ಟೆಗಳಲ್ಲಿನ,ವೆಬ್ಮಾರುಕಟ್ಟೆಗಳಲ್ಲಿನ,low
ಮಾರುಕಟ್ಟೆಗಳಲ್ಲಿನ,ಬೆಲೆ,ಮಾರುಕಟ್ಟೆಗಳಲ್ಲಿನಬೆಲೆ,low
ಬೆಲೆ,ವ್ಯತ್ಯಾಸಗಳ,ಬೆಲೆವ್ಯತ್ಯಾಸಗಳ,low
ವ್ಯತ್ಯಾಸಗಳ,ಮತ್ತು,ವ್ಯತ್ಯಾಸಗಳಮತ್ತು,low
ಮತ್ತು,ನೈಜ,ಮತ್ತುನೈಜ,low
ನೈಜ,ಜೀವನದಲ್ಲಿ,ನೈಜಜೀವನದಲ್ಲಿ,low
ಜೀವನದಲ್ಲಿ,ಅಥವಾ,ಜೀವನದಲ್ಲಿಅಥವಾ,low
ಅಥವಾ,ವರ್ಲ್ಡ್,ಅಥವಾವರ್ಲ್ಡ್,low
ವೆಬ್,ನಲ್ಲಿನ,ವೆಬ್ನಲ್ಲಿನ,low
ನಲ್ಲಿನ,ಬೆಲೆಗಳ,ನಲ್ಲಿನಬೆಲೆಗಳ,low
ಬೆಲೆಗಳ,ಪರೀಕ್ಷೆಯನ್ನು,ಬೆಲೆಗಳಪರೀಕ್ಷೆಯನ್ನು,low
ಪರೀಕ್ಷೆಯನ್ನು,ಪ್ರಯತ್ನಿಸಲಾಗಿದೆ,ಪರೀಕ್ಷೆಯನ್ನುಪ್ರಯತ್ನಿಸಲಾಗಿದೆ,low
ಪ್ರಯತ್ನಿಸಲಾಗಿದೆ,ಮತ್ತು,ಪ್ರಯತ್ನಿಸಲಾಗಿದೆಮತ್ತು,low
ನಲ್ಲಿ,ಸ್ವೀಕರಿಸಿದ,ನಲ್ಲಿಸ್ವೀಕರಿಸಿದ,low
ಸ್ವೀಕರಿಸಿದ,ಸರಕುಗಳ,ಸ್ವೀಕರಿಸಿದಸರಕುಗಳ,low
ಸರಕುಗಳ,ಗುಣಮಟ್ಟವನ್ನು,ಸರಕುಗಳಗುಣಮಟ್ಟವನ್ನು,low
ಗುಣಮಟ್ಟವನ್ನು,ಅಧ್ಯಯನ,ಗುಣಮಟ್ಟವನ್ನುಅಧ್ಯಯನ,low
ಅಧ್ಯಯನ,ಮಾಡಲು,ಅಧ್ಯಯನಮಾಡಲು,low
ಮಾಡಲು,ಪ್ರಯತ್ನಿಸಲಾಗಿದೆ,ಮಾಡಲುಪ್ರಯತ್ನಿಸಲಾಗಿದೆ,low
ಪ್ರಯತ್ನಿಸಲಾಗಿದೆ,೨೦೧೩,ಪ್ರಯತ್ನಿಸಲಾಗಿದೆ೨೦೧೩,low
೨೦೧೩,ರಿಂದ,೨೦೧೩ರಿಂದ,low
ರಿಂದ,೨೦೧೫,ರಿಂದ೨೦೧೫,low
ಮಾರ್ಚ್,ವರೆಗೆ,ಮಾರ್ಚ್ವರೆಗೆ,low
ವರೆಗೆ,ಸಕ್ರಿಯವಾಗಿರುವ,ವರೆಗೆಸಕ್ರಿಯವಾಗಿರುವ,low
ಸಕ್ರಿಯವಾಗಿರುವ,ಅತ್ಯಂತ,ಸಕ್ರಿಯವಾಗಿರುವಅತ್ಯಂತ,low
ಅತ್ಯಂತ,ಜನಪ್ರಿಯ,ಅತ್ಯಂತಜನಪ್ರಿಯ,low
ಜನಪ್ರಿಯ,ಕ್ರಿಪ್ಟೋ,ಜನಪ್ರಿಯಕ್ರಿಪ್ಟೋ,low
ಕ್ರಿಪ್ಟೋ,ಮಾರುಕಟ್ಟೆಗಳಲ್ಲಿ,ಕ್ರಿಪ್ಟೋಮಾರುಕಟ್ಟೆಗಳಲ್ಲಿ,low
ಮಾರುಕಟ್ಟೆಗಳಲ್ಲಿ,ಒಂದಾದ,ಮಾರುಕಟ್ಟೆಗಳಲ್ಲಿಒಂದಾದ,low
ಒಂದಾದ,ಎವಲ್ಯೂಷನ್,ಒಂದಾದಎವಲ್ಯೂಷನ್,low
ನಲ್ಲಿ,ಅಂತಹ,ನಲ್ಲಿಅಂತಹ,low
ಅಂತಹ,ಒಂದು,ಅಂತಹಒಂದು,low
ಒಂದು,ಅಧ್ಯಯನವನ್ನು,ಒಂದುಅಧ್ಯಯನವನ್ನು,low
ಅಧ್ಯಯನವನ್ನು,ನಡೆಸಲಾಯಿತು,ಅಧ್ಯಯನವನ್ನುನಡೆಸಲಾಯಿತು,low
ನಡೆಸಲಾಯಿತು,ಮರೆಮಾಚುವ,ನಡೆಸಲಾಯಿತುಮರೆಮಾಚುವ,low
ಮರೆಮಾಚುವ,ವಿಧಾನಗಳು,ಮರೆಮಾಚುವವಿಧಾನಗಳು,low
ವಿಧಾನಗಳು,ಮತ್ತು,ವಿಧಾನಗಳುಮತ್ತು,low
ಮತ್ತು,ಶಿಪ್ಪಿಂಗ್,ಮತ್ತುಶಿಪ್ಪಿಂಗ್,low
ಶಿಪ್ಪಿಂಗ್,ದೇಶದಂತಹ,ಶಿಪ್ಪಿಂಗ್ದೇಶದಂತಹ,low
ದೇಶದಂತಹ,ಡಿಜಿಟಲ್,ದೇಶದಂತಹಡಿಜಿಟಲ್,low
ಡಿಜಿಟಲ್,ಮಾಹಿತಿಯು,ಡಿಜಿಟಲ್ಮಾಹಿತಿಯು,low
ಮಾಹಿತಿಯು,ನಿಖರವಾಗಿ,ಮಾಹಿತಿಯುನಿಖರವಾಗಿ,low
ನಿಖರವಾಗಿ,ತೋರುತ್ತದೆ,ನಿಖರವಾಗಿತೋರುತ್ತದೆ,low
ತೋರುತ್ತದೆ,ಎಂದು,ತೋರುತ್ತದೆಎಂದು,low
ಎಂದು,ಅದು,ಎಂದುಅದು,low
ಅದು,ಕಂಡುಕೊಂಡಿದ್ದರೂ,ಅದುಕಂಡುಕೊಂಡಿದ್ದರೂ,low
ಕಂಡುಕೊಂಡಿದ್ದರೂ,ಅಧ್ಯಯನವು,ಕಂಡುಕೊಂಡಿದ್ದರೂಅಧ್ಯಯನವು,low
ಅಧ್ಯಯನವು,ಎವಲ್ಯೂಷನ್,ಅಧ್ಯಯನವುಎವಲ್ಯೂಷನ್,low
ನಲ್ಲಿ,ಮಾರಾಟವಾದ,ನಲ್ಲಿಮಾರಾಟವಾದ,low
ಮಾರಾಟವಾದ,ಅಕ್ರಮ,ಮಾರಾಟವಾದಅಕ್ರಮ,low
ಔಷಧಿಗಳ,ಗುಣಮಟ್ಟದ,ಔಷಧಿಗಳಗುಣಮಟ್ಟದ,low
ಗುಣಮಟ್ಟದ,ಸಮಸ್ಯೆಗಳನ್ನು,ಗುಣಮಟ್ಟದಸಮಸ್ಯೆಗಳನ್ನು,low
ಸಮಸ್ಯೆಗಳನ್ನು,ಬಹಿರಂಗಪಡಿಸಿದೆ,ಸಮಸ್ಯೆಗಳನ್ನುಬಹಿರಂಗಪಡಿಸಿದೆ,low
ಬಹಿರಂಗಪಡಿಸಿದೆ,ಅಕ್ರಮ,ಬಹಿರಂಗಪಡಿಸಿದೆಅಕ್ರಮ,low
ಔಷಧಿಗಳ,ಶುದ್ಧತೆಯು,ಔಷಧಿಗಳಶುದ್ಧತೆಯು,low
ಶುದ್ಧತೆಯು,ಆಯಾ,ಶುದ್ಧತೆಯುಆಯಾ,low
ಆಯಾ,ಪಟ್ಟಿಗಳಲ್ಲಿ,ಆಯಾಪಟ್ಟಿಗಳಲ್ಲಿ,low
ಪಟ್ಟಿಗಳಲ್ಲಿ,ಸೂಚಿಸಲಾದ,ಪಟ್ಟಿಗಳಲ್ಲಿಸೂಚಿಸಲಾದ,low
ಸೂಚಿಸಲಾದ,ಮಾಹಿತಿಗಿಂತ,ಸೂಚಿಸಲಾದಮಾಹಿತಿಗಿಂತ,low
ಮಾಹಿತಿಗಿಂತ,ಭಿನ್ನವಾಗಿದೆ,ಮಾಹಿತಿಗಿಂತಭಿನ್ನವಾಗಿದೆ,low
ಭಿನ್ನವಾಗಿದೆ,ಎಂದು,ಭಿನ್ನವಾಗಿದೆಎಂದು,low
ಎಂದು,ಹೇಳಿದೆ,ಎಂದುಹೇಳಿದೆ,low
ಮಾರುಕಟ್ಟೆ,ಸ್ಥಳಗಳನ್ನು,ಮಾರುಕಟ್ಟೆಸ್ಥಳಗಳನ್ನು,low
ಸ್ಥಳಗಳನ್ನು,ಪ್ರವೇಶಿಸಲು,ಸ್ಥಳಗಳನ್ನುಪ್ರವೇಶಿಸಲು,low
ಪ್ರವೇಶಿಸಲು,ಗ್ರಾಹಕ,ಪ್ರವೇಶಿಸಲುಗ್ರಾಹಕ,low
ಗ್ರಾಹಕ,ಪ್ರೇರಣೆಗಳು,ಗ್ರಾಹಕಪ್ರೇರಣೆಗಳು,low
ಪ್ರೇರಣೆಗಳು,ಮತ್ತು,ಪ್ರೇರಣೆಗಳುಮತ್ತು,low
ಮತ್ತು,ಅವುಗಳ,ಮತ್ತುಅವುಗಳ,low
ಅವುಗಳ,ಬಳಕೆಗೆ,ಅವುಗಳಬಳಕೆಗೆ,low
ಬಳಕೆಗೆ,ಸಂಬಂಧಿಸಿದ,ಬಳಕೆಗೆಸಂಬಂಧಿಸಿದ,low
ಸಂಬಂಧಿಸಿದ,ಅಂಶಗಳ,ಸಂಬಂಧಿಸಿದಅಂಶಗಳ,low
ಅಂಶಗಳ,ಬಗ್ಗೆ,ಅಂಶಗಳಬಗ್ಗೆ,low
ಬಗ್ಗೆ,ಕಡಿಮೆ,ಬಗ್ಗೆಕಡಿಮೆ,low
ಕಡಿಮೆ,ತಿಳಿದಿದೆ,ಕಡಿಮೆತಿಳಿದಿದೆ,low
ತಿಳಿದಿದೆ,ಬಿಟ್,ತಿಳಿದಿದೆಬಿಟ್,low
ಸೇವೆಗಳು,ಕರೆನ್ಸಿಯ,ಸೇವೆಗಳುಕರೆನ್ಸಿಯ,low
ಕರೆನ್ಸಿಯ,ನಮ್ಯತೆ,ಕರೆನ್ಸಿಯನಮ್ಯತೆ,low
ನಮ್ಯತೆ,ಮತ್ತು,ನಮ್ಯತೆಮತ್ತು,low
ಮತ್ತು,ಸಂಬಂಧಿತ,ಮತ್ತುಸಂಬಂಧಿತ,low
ಸಂಬಂಧಿತ,ಅನಾಮಧೇಯತೆಯಿಂದಾಗಿ,ಸಂಬಂಧಿತಅನಾಮಧೇಯತೆಯಿಂದಾಗಿ,low
ಅನಾಮಧೇಯತೆಯಿಂದಾಗಿ,ಡಾರ್ಕ್,ಅನಾಮಧೇಯತೆಯಿಂದಾಗಿಡಾರ್ಕ್,low
ವೆಬ್,ಮಾರುಕಟ್ಟೆಗಳಲ್ಲಿ,ವೆಬ್ಮಾರುಕಟ್ಟೆಗಳಲ್ಲಿ,low
ಮಾರುಕಟ್ಟೆಗಳಲ್ಲಿ,ಬಳಸಲಾಗುವ,ಮಾರುಕಟ್ಟೆಗಳಲ್ಲಿಬಳಸಲಾಗುವ,low
ಬಳಸಲಾಗುವ,ಪ್ರಮುಖ,ಬಳಸಲಾಗುವಪ್ರಮುಖ,low
ಪ್ರಮುಖ,ಕ್ರಿಪ್ಟೋಕರೆನ್ಸಿಗಳಲ್ಲಿ,ಪ್ರಮುಖಕ್ರಿಪ್ಟೋಕರೆನ್ಸಿಗಳಲ್ಲಿ,low
ಕ್ರಿಪ್ಟೋಕರೆನ್ಸಿಗಳಲ್ಲಿ,ಬಿಟ್,ಕ್ರಿಪ್ಟೋಕರೆನ್ಸಿಗಳಲ್ಲಿಬಿಟ್,low
ಕಾಯಿನ್,ಒಂದಾಗಿದೆ,ಕಾಯಿನ್ಒಂದಾಗಿದೆ,low
ಒಂದಾಗಿದೆ,ಬಿಟ್,ಒಂದಾಗಿದೆಬಿಟ್,low
ಕಾಯಿನ್,ನೊಂದಿಗೆ,ಕಾಯಿನ್ನೊಂದಿಗೆ,low
ನೊಂದಿಗೆ,ಜನರು,ನೊಂದಿಗೆಜನರು,low
ಜನರು,ತಮ್ಮ,ಜನರುತಮ್ಮ,low
ತಮ್ಮ,ಉದ್ದೇಶಗಳನ್ನು,ತಮ್ಮಉದ್ದೇಶಗಳನ್ನು,low
ಉದ್ದೇಶಗಳನ್ನು,ಮತ್ತು,ಉದ್ದೇಶಗಳನ್ನುಮತ್ತು,low
ಅವರ,ಗುರುತನ್ನು,ಅವರಗುರುತನ್ನು,low
ಗುರುತನ್ನು,ಮರೆಮಾಡಬಹುದು,ಗುರುತನ್ನುಮರೆಮಾಡಬಹುದು,low
ಮರೆಮಾಡಬಹುದು,ಬಿಟ್,ಮರೆಮಾಡಬಹುದುಬಿಟ್,low
ಅನ್ನು,ಆನ್,ಅನ್ನುಆನ್,low
ಲೈನ್,ಆಟದ,ಲೈನ್ಆಟದ,low
ಆಟದ,ಕರೆನ್ಸಿಯಾಗಿ,ಆಟದಕರೆನ್ಸಿಯಾಗಿ,low
ಕರೆನ್ಸಿಯಾಗಿ,ಪರಿವರ್ತಿಸುವ,ಕರೆನ್ಸಿಯಾಗಿಪರಿವರ್ತಿಸುವ,low
ಪರಿವರ್ತಿಸುವ,ಡಿಜಿಟಲ್,ಪರಿವರ್ತಿಸುವಡಿಜಿಟಲ್,low
ಡಿಜಿಟಲ್,ಕರೆನ್ಸಿ,ಡಿಜಿಟಲ್ಕರೆನ್ಸಿ,low
ಕರೆನ್ಸಿ,ವಿನಿಮಯಕಾರಕ,ಕರೆನ್ಸಿವಿನಿಮಯಕಾರಕ,low
ವಿನಿಮಯಕಾರಕ,ಸೇವೆಯನ್ನು,ವಿನಿಮಯಕಾರಕಸೇವೆಯನ್ನು,low
ಸೇವೆಯನ್ನು,ಬಳಸುವುದು,ಸೇವೆಯನ್ನುಬಳಸುವುದು,low
ಬಳಸುವುದು,ಸಾಮಾನ್ಯ,ಬಳಸುವುದುಸಾಮಾನ್ಯ,low
ಸಾಮಾನ್ಯ,ವಿಧಾನವಾಗಿದೆ,ಸಾಮಾನ್ಯವಿಧಾನವಾಗಿದೆ,low
ವಿಧಾನವಾಗಿದೆ,ಉದಾಹರಣೆಗೆ,ವಿಧಾನವಾಗಿದೆಉದಾಹರಣೆಗೆ,low
ಉದಾಹರಣೆಗೆ,ವರ್ಲ್ಡ್,ಉದಾಹರಣೆಗೆವರ್ಲ್ಡ್,low
ವರ್ಲ್ಡ್,ಆಫ್,ವರ್ಲ್ಡ್ಆಫ್,low
ಆಫ್,ವಾರ್,ಆಫ್ವಾರ್,low
ವಾರ್,ಕ್ರಾಫ್ಟ್,ವಾರ್ಕ್ರಾಫ್ಟ್,low
ಕ್ರಾಫ್ಟ್,ನಲ್ಲಿ,ಕ್ರಾಫ್ಟ್ನಲ್ಲಿ,low
ನಲ್ಲಿ,ಚಿನ್ನದ,ನಲ್ಲಿಚಿನ್ನದ,low
ಚಿನ್ನದ,ನಾಣ್ಯಗಳು,ಚಿನ್ನದನಾಣ್ಯಗಳು,low
ನಾಣ್ಯಗಳು,ನಂತರ,ನಾಣ್ಯಗಳುನಂತರ,low
ನಂತರ,ಅದನ್ನು,ನಂತರಅದನ್ನು,low
ಅದನ್ನು,ಫಿಯೆಟ್,ಅದನ್ನುಫಿಯೆಟ್,low
ಫಿಯೆಟ್,ಕರೆನ್ಸಿಯಾಗಿ,ಫಿಯೆಟ್ಕರೆನ್ಸಿಯಾಗಿ,low
ಕರೆನ್ಸಿಯಾಗಿ,ಪರಿವರ್ತಿಸಲಾಗುತ್ತದೆ,ಕರೆನ್ಸಿಯಾಗಿಪರಿವರ್ತಿಸಲಾಗುತ್ತದೆ,low
ಪರಿವರ್ತಿಸಲಾಗುತ್ತದೆ,ಟಂಬ್ಲರ್,ಪರಿವರ್ತಿಸಲಾಗುತ್ತದೆಟಂಬ್ಲರ್,low
ಟಂಬ್ಲರ್,ಗಳಂತಹ,ಟಂಬ್ಲರ್ಗಳಂತಹ,low
ಗಳಂತಹ,ಬಿಟ್,ಗಳಂತಹಬಿಟ್,low
ಸೇವೆಗಳು,ಸಾಮಾನ್ಯವಾಗಿ,ಸೇವೆಗಳುಸಾಮಾನ್ಯವಾಗಿ,low
ಸಾಮಾನ್ಯವಾಗಿ,ಟಾರ್,ಸಾಮಾನ್ಯವಾಗಿಟಾರ್,low
ನಲ್ಲಿ,ಲಭ್ಯವಿರುತ್ತವೆ,ನಲ್ಲಿಲಭ್ಯವಿರುತ್ತವೆ,low
ಲಭ್ಯವಿರುತ್ತವೆ,ಮತ್ತು,ಲಭ್ಯವಿರುತ್ತವೆಮತ್ತು,low
ಮತ್ತು,ಕೆಲವು,ಮತ್ತುಕೆಲವು,low
ಕೆಲವು,ಗ್ರಾಮ್ಸ್,ಕೆಲವುಗ್ರಾಮ್ಸ್,low
ಗ್ರಾಮ್ಸ್,ನಂತಹವು,ಗ್ರಾಮ್ಸ್ನಂತಹವು,low
ನಂತಹವು,ಡಾರ್ಕ್,ನಂತಹವುಡಾರ್ಕ್,low
ಮಾರುಕಟ್ಟೆ,ಏಕೀಕರಣವನ್ನು,ಮಾರುಕಟ್ಟೆಏಕೀಕರಣವನ್ನು,low
ಏಕೀಕರಣವನ್ನು,ನೀಡುತ್ತವೆ,ಏಕೀಕರಣವನ್ನುನೀಡುತ್ತವೆ,low
ನೀಡುತ್ತವೆ,ಇಎಸ್ಎಸ್ಇಸಿಯ,ನೀಡುತ್ತವೆಇಎಸ್ಎಸ್ಇಸಿಯ,low
ಇಎಸ್ಎಸ್ಇಸಿಯ,ಸಂಶೋಧನಾ,ಇಎಸ್ಎಸ್ಇಸಿಯಸಂಶೋಧನಾ,low
ಸಂಶೋಧನಾ,ಸಹವರ್ತಿ,ಸಂಶೋಧನಾಸಹವರ್ತಿ,low
ಸಹವರ್ತಿ,ಜೀನ್,ಸಹವರ್ತಿಜೀನ್,low
ಜೀನ್,ಲೌಪ್,ಜೀನ್ಲೌಪ್,low
ಲೌಪ್,ರಿಚೆಟ್,ಲೌಪ್ರಿಚೆಟ್,low
ರಿಚೆಟ್,ಕೈಗೊಂಡ,ರಿಚೆಟ್ಕೈಗೊಂಡ,low
ಕೈಗೊಂಡ,ಮತ್ತು,ಕೈಗೊಂಡಮತ್ತು,low
ಮತ್ತು,ಯುನೈಟೆಡ್,ಮತ್ತುಯುನೈಟೆಡ್,low
ಯುನೈಟೆಡ್,ನೇಷನ್ಸ್,ಯುನೈಟೆಡ್ನೇಷನ್ಸ್,low
ನೇಷನ್ಸ್,ಆಫೀಸ್,ನೇಷನ್ಸ್ಆಫೀಸ್,low
ಆಫೀಸ್,ಆನ್,ಆಫೀಸ್ಆನ್,low
ಆನ್,ಡ್ರಗ್ಸ್,ಆನ್ಡ್ರಗ್ಸ್,low
ಡ್ರಗ್ಸ್,ಅಂಡ್,ಡ್ರಗ್ಸ್ಅಂಡ್,low
ಅಂಡ್,ಕ್ರೈಮ್,ಅಂಡ್ಕ್ರೈಮ್,low
ಕ್ರೈಮ್,ನೊಂದಿಗೆ,ಕ್ರೈಮ್ನೊಂದಿಗೆ,low
ನೊಂದಿಗೆ,ನಡೆಸಿದ,ನೊಂದಿಗೆನಡೆಸಿದ,low
ನಡೆಸಿದ,ಸಂಶೋಧನಾ,ನಡೆಸಿದಸಂಶೋಧನಾ,low
ಸಂಶೋಧನಾ,ಅಧ್ಯಯನವು,ಸಂಶೋಧನಾಅಧ್ಯಯನವು,low
ಅಧ್ಯಯನವು,ಮನಿ,ಅಧ್ಯಯನವುಮನಿ,low
ಮನಿ,ಲಾಂಡರಿಂಗ್,ಮನಿಲಾಂಡರಿಂಗ್,low
ಲಾಂಡರಿಂಗ್,ಉದ್ದೇಶಗಳಿಗಾಗಿ,ಲಾಂಡರಿಂಗ್ಉದ್ದೇಶಗಳಿಗಾಗಿ,low
ಉದ್ದೇಶಗಳಿಗಾಗಿ,ಬಿಟ್,ಉದ್ದೇಶಗಳಿಗಾಗಿಬಿಟ್,low
ಕಾಯಿನ್,ಟಂಬ್ಲರ್,ಕಾಯಿನ್ಟಂಬ್ಲರ್,low
ಟಂಬ್ಲರ್,ಗಳ,ಟಂಬ್ಲರ್ಗಳ,low
ಗಳ,ಬಳಕೆಯಲ್ಲಿ,ಗಳಬಳಕೆಯಲ್ಲಿ,low
ಬಳಕೆಯಲ್ಲಿ,ಹೊಸ,ಬಳಕೆಯಲ್ಲಿಹೊಸ,low
ಹೊಸ,ಪ್ರವೃತ್ತಿಗಳನ್ನು,ಹೊಸಪ್ರವೃತ್ತಿಗಳನ್ನು,low
ಪ್ರವೃತ್ತಿಗಳನ್ನು,ಎತ್ತಿ,ಪ್ರವೃತ್ತಿಗಳನ್ನುಎತ್ತಿ,low
ಎತ್ತಿ,ತೋರಿಸಿದೆ,ಎತ್ತಿತೋರಿಸಿದೆ,low
ತೋರಿಸಿದೆ,ಡಿಜಿಟಲ್,ತೋರಿಸಿದೆಡಿಜಿಟಲ್,low
ಡಿಜಿಟಲ್,ಜಗತ್ತಿನಲ್ಲಿ,ಡಿಜಿಟಲ್ಜಗತ್ತಿನಲ್ಲಿ,low
ಜಗತ್ತಿನಲ್ಲಿ,ಅದರ,ಜಗತ್ತಿನಲ್ಲಿಅದರ,low
ಅದರ,ಪ್ರಸ್ತುತತೆಯಿಂದಾಗಿ,ಅದರಪ್ರಸ್ತುತತೆಯಿಂದಾಗಿ,low
ಪ್ರಸ್ತುತತೆಯಿಂದಾಗಿ,ಬಿಟ್,ಪ್ರಸ್ತುತತೆಯಿಂದಾಗಿಬಿಟ್,low
ಕಾಯಿನ್,ಬಳಕೆದಾರರಿಗೆ,ಕಾಯಿನ್ಬಳಕೆದಾರರಿಗೆ,low
ಬಳಕೆದಾರರಿಗೆ,ಕಂಪನಿಗಳನ್ನು,ಬಳಕೆದಾರರಿಗೆಕಂಪನಿಗಳನ್ನು,low
ಕಂಪನಿಗಳನ್ನು,ಸ್ಕ್ಯಾಮ್,ಕಂಪನಿಗಳನ್ನುಸ್ಕ್ಯಾಮ್,low
ಸ್ಕ್ಯಾಮ್,ಮಾಡಲು,ಸ್ಕ್ಯಾಮ್ಮಾಡಲು,low
ಮಾಡಲು,ಇದು,ಮಾಡಲುಇದು,low
ಇದು,ಜನಪ್ರಿಯ,ಇದುಜನಪ್ರಿಯ,low
ಜನಪ್ರಿಯ,ಉತ್ಪನ್ನವಾಗಿದೆ,ಜನಪ್ರಿಯಉತ್ಪನ್ನವಾಗಿದೆ,low
ಉತ್ಪನ್ನವಾಗಿದೆ,೨೦೧೪,ಉತ್ಪನ್ನವಾಗಿದೆ೨೦೧೪,low
೨೦೧೪,ರಲ್ಲಿ,೨೦೧೪ರಲ್ಲಿ,low
ರಲ್ಲಿ,ಬಿಟ್,ರಲ್ಲಿಬಿಟ್,low
ಕಾಯಿನ್,ಹೊರಹೊಮ್ಮಿದ,ಕಾಯಿನ್ಹೊರಹೊಮ್ಮಿದ,low
ಹೊರಹೊಮ್ಮಿದ,ನಂತರ,ಹೊರಹೊಮ್ಮಿದನಂತರ,low
ನಂತರ,ಡಿ,ನಂತರಡಿ,low
ಡಿ,ಡಿ,ಡಿಡಿ,low
ನಂತಹ,ಸೈಬರ್,ನಂತಹಸೈಬರ್,low
ಕ್ರಿಮಿನಲ್,ಗುಂಪುಗಳು,ಕ್ರಿಮಿನಲ್ಗುಂಪುಗಳು,low
ಗುಂಪುಗಳು,ಕಂಪನಿಗಳ,ಗುಂಪುಗಳುಕಂಪನಿಗಳ,low
ಕಂಪನಿಗಳ,ಮೇಲೆ,ಕಂಪನಿಗಳಮೇಲೆ,low
ಮೇಲೆ,೧೪೦,ಮೇಲೆ೧೪೦,low
೧೪೦,ಕ್ಕೂ,೧೪೦ಕ್ಕೂ,low
ಹೆಚ್ಚು,ಸೈಬರ್,ಹೆಚ್ಚುಸೈಬರ್,low
ಸೈಬರ್,ದಾಳಿಗಳಿಗೆ,ಸೈಬರ್ದಾಳಿಗಳಿಗೆ,low
ದಾಳಿಗಳಿಗೆ,ಕಾರಣವಾಗಿವೆ,ದಾಳಿಗಳಿಗೆಕಾರಣವಾಗಿವೆ,low
ದಾಳಿಗಳು,ಇತರ,ದಾಳಿಗಳುಇತರ,low
ಇತರ,ಸೈಬರ್,ಇತರಸೈಬರ್,low
ಕ್ರಿಮಿನಲ್,ಗುಂಪುಗಳ,ಕ್ರಿಮಿನಲ್ಗುಂಪುಗಳ,low
ಗುಂಪುಗಳ,ರಚನೆಗೆ,ಗುಂಪುಗಳರಚನೆಗೆ,low
ರಚನೆಗೆ,ಮತ್ತು,ರಚನೆಗೆಮತ್ತು,low
ಮತ್ತು,ಸೈಬರ್,ಮತ್ತುಸೈಬರ್,low
ಸೈಬರ್,ಸುಲಿಗೆಗೆ,ಸೈಬರ್ಸುಲಿಗೆಗೆ,low
ಸುಲಿಗೆಗೆ,ಕಾರಣವಾಗಿವೆ,ಸುಲಿಗೆಗೆಕಾರಣವಾಗಿವೆ,low
ಕಾರಣವಾಗಿವೆ,ಹ್ಯಾಕಿಂಗ್,ಕಾರಣವಾಗಿವೆಹ್ಯಾಕಿಂಗ್,low
ಹ್ಯಾಕಿಂಗ್,ಗುಂಪುಗಳು,ಹ್ಯಾಕಿಂಗ್ಗುಂಪುಗಳು,low
ಗುಂಪುಗಳು,ಮತ್ತು,ಗುಂಪುಗಳುಮತ್ತು,low
ಮತ್ತು,ಸೇವೆಗಳು,ಮತ್ತುಸೇವೆಗಳು,low
ಸೇವೆಗಳು,ಅನೇಕ,ಸೇವೆಗಳುಅನೇಕ,low
ಅನೇಕ,ಹ್ಯಾಕರ್,ಅನೇಕಹ್ಯಾಕರ್,low
ಹ್ಯಾಕರ್,ಗಳು,ಹ್ಯಾಕರ್ಗಳು,low
ತಮ್ಮ,ಸೇವೆಗಳನ್ನು,ತಮ್ಮಸೇವೆಗಳನ್ನು,low
ಸೇವೆಗಳನ್ನು,ಪ್ರತ್ಯೇಕವಾಗಿ,ಸೇವೆಗಳನ್ನುಪ್ರತ್ಯೇಕವಾಗಿ,low
ಪ್ರತ್ಯೇಕವಾಗಿ,ಅಥವಾ,ಪ್ರತ್ಯೇಕವಾಗಿಅಥವಾ,low
ಅಥವಾ,ಗುಂಪುಗಳ,ಅಥವಾಗುಂಪುಗಳ,low
ಗುಂಪುಗಳ,ಭಾಗವಾಗಿ,ಗುಂಪುಗಳಭಾಗವಾಗಿ,low
ಭಾಗವಾಗಿ,ಮಾರಾಟ,ಭಾಗವಾಗಿಮಾರಾಟ,low
ಮಾರಾಟ,ಮಾಡುತ್ತಾರೆ,ಮಾರಾಟಮಾಡುತ್ತಾರೆ,low
ಮಾಡುತ್ತಾರೆ,ಅಂತಹ,ಮಾಡುತ್ತಾರೆಅಂತಹ,low
ಅಂತಹ,ಗುಂಪುಗಳಲ್ಲಿ,ಅಂತಹಗುಂಪುಗಳಲ್ಲಿ,low
ಗುಂಪುಗಳಲ್ಲಿ,ಎಕ್ಸ್,ಗುಂಪುಗಳಲ್ಲಿಎಕ್ಸ್,low
ಎಕ್ಸ್,ಡೆಡಿಕ್,ಎಕ್ಸ್ಡೆಡಿಕ್,low
ಡೆಡಿಕ್,ಹ್ಯಾಕ್,ಡೆಡಿಕ್ಹ್ಯಾಕ್,low
ಹ್ಯಾಕ್,ಫಾರಮ್,ಹ್ಯಾಕ್ಫಾರಮ್,low
ಫಾರಮ್,ಟ್ರೋಜನ್,ಫಾರಮ್ಟ್ರೋಜನ್,low
ಟ್ರೋಜನ್,ಫೋರ್ಜ್,ಟ್ರೋಜನ್ಫೋರ್ಜ್,low
ಫೋರ್ಜ್,ಮಜಫಕ,ಫೋರ್ಜ್ಮಜಫಕ,low
ಮಜಫಕ,ಡಾರ್ಕ್,ಮಜಫಕಡಾರ್ಕ್,low
ಡಾರ್ಕ್,ಓಡ್,ಡಾರ್ಕ್ಓಡ್,low
ಓಡ್,ಮತ್ತು,ಓಡ್ಮತ್ತು,low
ರಿಯಲ್,ಡೀಲ್,ರಿಯಲ್ಡೀಲ್,low
ಡೀಲ್,ಡಾರ್ಕ್,ಡೀಲ್ಡಾರ್ಕ್,low
ಮಾರುಕಟ್ಟೆ,ಸೇರಿವೆ,ಮಾರುಕಟ್ಟೆಸೇರಿವೆ,low
ಸೇರಿವೆ,ಕೆಲವರು,ಸೇರಿವೆಕೆಲವರು,low
ಕೆಲವರು,ಸ್ಪಷ್ಟ,ಕೆಲವರುಸ್ಪಷ್ಟ,low
ಸ್ಪಷ್ಟ,ಶಿಶುಕಾಮಿಗಳನ್ನು,ಸ್ಪಷ್ಟಶಿಶುಕಾಮಿಗಳನ್ನು,low
ಶಿಶುಕಾಮಿಗಳನ್ನು,ಪತ್ತೆಹಚ್ಚಲು,ಶಿಶುಕಾಮಿಗಳನ್ನುಪತ್ತೆಹಚ್ಚಲು,low
ಪತ್ತೆಹಚ್ಚಲು,ಮತ್ತು,ಪತ್ತೆಹಚ್ಚಲುಮತ್ತು,low
ಮತ್ತು,ಸುಲಿಗೆ,ಮತ್ತುಸುಲಿಗೆ,low
ಸುಲಿಗೆ,ಮಾಡಲು,ಸುಲಿಗೆಮಾಡಲು,low
ಮಾಡಲು,ಹೆಸರುವಾಸಿಯಾಗಿದ್ದಾರೆ,ಮಾಡಲುಹೆಸರುವಾಸಿಯಾಗಿದ್ದಾರೆ,low
ಹೆಸರುವಾಸಿಯಾಗಿದ್ದಾರೆ,ಡಾರ್ಕ್,ಹೆಸರುವಾಸಿಯಾಗಿದ್ದಾರೆಡಾರ್ಕ್,low
ನಲ್ಲಿ,ಹಣಕಾಸು,ನಲ್ಲಿಹಣಕಾಸು,low
ಹಣಕಾಸು,ಸಂಸ್ಥೆಗಳು,ಹಣಕಾಸುಸಂಸ್ಥೆಗಳು,low
ಮತ್ತು,ಬ್ಯಾಂಕ್,ಮತ್ತುಬ್ಯಾಂಕ್,low
ಬ್ಯಾಂಕ್,ಗಳಿಗೆ,ಬ್ಯಾಂಕ್ಗಳಿಗೆ,low
ಗಳಿಗೆ,ಸೈಬರ್,ಗಳಿಗೆಸೈಬರ್,low
ಸೈಬರ್,ಅಪರಾಧಗಳು,ಸೈಬರ್ಅಪರಾಧಗಳು,low
ಅಪರಾಧಗಳು,ಮತ್ತು,ಅಪರಾಧಗಳುಮತ್ತು,low
ಮತ್ತು,ಹ್ಯಾಕಿಂಗ್,ಮತ್ತುಹ್ಯಾಕಿಂಗ್,low
ಹ್ಯಾಕಿಂಗ್,ಸೇವೆಗಳನ್ನು,ಹ್ಯಾಕಿಂಗ್ಸೇವೆಗಳನ್ನು,low
ಸೇವೆಗಳನ್ನು,ಸಹ,ಸೇವೆಗಳನ್ನುಸಹ,low
ಸಹ,ನೀಡಲಾಗಿದೆ,ಸಹನೀಡಲಾಗಿದೆ,low
ನೀಡಲಾಗಿದೆ,ವಿವಿಧ,ನೀಡಲಾಗಿದೆವಿವಿಧ,low
ವಿವಿಧ,ಸರ್ಕಾರಿ,ವಿವಿಧಸರ್ಕಾರಿ,low
ಸರ್ಕಾರಿ,ಮತ್ತು,ಸರ್ಕಾರಿಮತ್ತು,low
ಮತ್ತು,ಖಾಸಗಿ,ಮತ್ತುಖಾಸಗಿ,low
ಖಾಸಗಿ,ಸಂಸ್ಥೆಗಳ,ಖಾಸಗಿಸಂಸ್ಥೆಗಳ,low
ಸಂಸ್ಥೆಗಳ,ಮೂಲಕ,ಸಂಸ್ಥೆಗಳಮೂಲಕ,low
ಚಟುವಟಿಕೆಯನ್ನು,ಮೇಲ್ವಿಚಾರಣೆ,ಚಟುವಟಿಕೆಯನ್ನುಮೇಲ್ವಿಚಾರಣೆ,low
ಮಾಡುವ,ಪ್ರಯತ್ನಗಳನ್ನು,ಮಾಡುವಪ್ರಯತ್ನಗಳನ್ನು,low
ಪ್ರಯತ್ನಗಳನ್ನು,ಮಾಡಲಾಗಿದೆ,ಪ್ರಯತ್ನಗಳನ್ನುಮಾಡಲಾಗಿದೆ,low
ಮಾಡಲಾಗಿದೆ,ಮತ್ತು,ಮಾಡಲಾಗಿದೆಮತ್ತು,low
ಮತ್ತು,ಬಳಸಿದ,ಮತ್ತುಬಳಸಿದ,low
ಬಳಸಿದ,ಉಪಕರಣಗಳ,ಬಳಸಿದಉಪಕರಣಗಳ,low
ಉಪಕರಣಗಳ,ಪರೀಕ್ಷೆಯನ್ನು,ಉಪಕರಣಗಳಪರೀಕ್ಷೆಯನ್ನು,low
ಪರೀಕ್ಷೆಯನ್ನು,ಪ್ರೊಸೆಡಿಯಾ,ಪರೀಕ್ಷೆಯನ್ನುಪ್ರೊಸೆಡಿಯಾ,low
ಪ್ರೊಸೆಡಿಯಾ,ಕಂಪ್ಯೂಟರ್,ಪ್ರೊಸೆಡಿಯಾಕಂಪ್ಯೂಟರ್,low
ಕಂಪ್ಯೂಟರ್,ಸೈನ್ಸ್,ಕಂಪ್ಯೂಟರ್ಸೈನ್ಸ್,low
ಸೈನ್ಸ್,ಜರ್ನಲ್,ಸೈನ್ಸ್ಜರ್ನಲ್,low
ಜರ್ನಲ್,ನಲ್ಲಿ,ಜರ್ನಲ್ನಲ್ಲಿ,low
ನಲ್ಲಿ,ಕಾಣಬಹುದು,ನಲ್ಲಿಕಾಣಬಹುದು,low
ಕಾಣಬಹುದು,ಡಾರ್ಕ್,ಕಾಣಬಹುದುಡಾರ್ಕ್,low
ಅನ್ನು,ಬಳಸಿಕೊಳ್ಳುವ,ಅನ್ನುಬಳಸಿಕೊಳ್ಳುವ,low
ಬಳಸಿಕೊಳ್ಳುವ,ಮೂಲಕ,ಬಳಸಿಕೊಳ್ಳುವಮೂಲಕ,low
ಮೂಲಕ,ಇಂಟರ್ನೆಟ್,ಮೂಲಕಇಂಟರ್ನೆಟ್,low
ಇಂಟರ್ನೆಟ್,ಪ್ರಮಾಣದ,ಇಂಟರ್ನೆಟ್ಪ್ರಮಾಣದ,low
ಪ್ರಮಾಣದ,ಡಿಎನ್ಎಸ್,ಪ್ರಮಾಣದಡಿಎನ್ಎಸ್,low
ಡಿಎನ್ಎಸ್,ಡಿಸ್ಟ್ರಿಬ್ಯೂಟೆಡ್,ಡಿಎನ್ಎಸ್ಡಿಸ್ಟ್ರಿಬ್ಯೂಟೆಡ್,low
ಡಿಸ್ಟ್ರಿಬ್ಯೂಟೆಡ್,ರಿಫ್ಲೆಕ್ಷನ್,ಡಿಸ್ಟ್ರಿಬ್ಯೂಟೆಡ್ರಿಫ್ಲೆಕ್ಷನ್,low
ರಿಫ್ಲೆಕ್ಷನ್,ಡೆನಿಲ್,ರಿಫ್ಲೆಕ್ಷನ್ಡೆನಿಲ್,low
ಡೆನಿಲ್,ಆಫ್,ಡೆನಿಲ್ಆಫ್,low
ಆಫ್,ಸರ್ವೀಸ್,ಆಫ್ಸರ್ವೀಸ್,low
ಸರ್ವೀಸ್,ಡಿ,ಸರ್ವೀಸ್ಡಿ,low
ಡಿ,ಆರ್,ಡಿಆರ್,low
ಆರ್,ಡೋಸ್,ಆರ್ಡೋಸ್,low
ಡೋಸ್,ದಾಳಿಗಳನ್ನು,ಡೋಸ್ದಾಳಿಗಳನ್ನು,low
ದಾಳಿಗಳನ್ನು,ಸಹ,ದಾಳಿಗಳನ್ನುಸಹ,low
ಸಹ,ಮಾಡಲಾಗಿದೆ,ಸಹಮಾಡಲಾಗಿದೆ,low
ಮಾಡಲಾಗಿದೆ,ಟ್ರೋಜನ್,ಮಾಡಲಾಗಿದೆಟ್ರೋಜನ್,low
ಟ್ರೋಜನ್,ಹಾರ್ಸ್,ಟ್ರೋಜನ್ಹಾರ್ಸ್,low
ಹಾರ್ಸ್,ಗಳು,ಹಾರ್ಸ್ಗಳು,low
ಅಥವಾ,ಬ್ಯಾಕ್,ಅಥವಾಬ್ಯಾಕ್,low
ಬ್ಯಾಕ್,ಡೋರ್,ಬ್ಯಾಕ್ಡೋರ್,low
ಡೋರ್,ಗಳಿಂದ,ಡೋರ್ಗಳಿಂದ,low
ಗಳಿಂದ,ಸೋಂಕಿತವಾಗಿರುವ,ಗಳಿಂದಸೋಂಕಿತವಾಗಿರುವ,low
ಸೋಂಕಿತವಾಗಿರುವ,ಡೌನ್,ಸೋಂಕಿತವಾಗಿರುವಡೌನ್,low
ಡೌನ್,ಲೋಡ್,ಡೌನ್ಲೋಡ್,low
ಲೋಡ್,ಗಾಗಿ,ಲೋಡ್ಗಾಗಿ,low
ಗಾಗಿ,ಉಪಕರಣಗಳನ್ನು,ಗಾಗಿಉಪಕರಣಗಳನ್ನು,low
ಉಪಕರಣಗಳನ್ನು,ನೀಡುವ,ಉಪಕರಣಗಳನ್ನುನೀಡುವ,low
ನೀಡುವ,ಅನೇಕ,ನೀಡುವಅನೇಕ,low
ಅನೇಕ,ಆನಿಯನ್,ಅನೇಕಆನಿಯನ್,low
ಆನಿಯನ್,ಸೈಟ್,ಆನಿಯನ್ಸೈಟ್,low
ಗಳು,ಸಹ,ಗಳುಸಹ,low
ಸಹ,ಇವೆ,ಸಹಇವೆ,low
ಇವೆ,ಇತ್ತೀಚೆಗೆ,ಇವೆಇತ್ತೀಚೆಗೆ,low
ಇತ್ತೀಚೆಗೆ,೨೦೧೩,ಇತ್ತೀಚೆಗೆ೨೦೧೩,low
೨೦೧೩,ರಲ್ಲಿ,೨೦೧೩ರಲ್ಲಿ,low
ರಲ್ಲಿ,ಡಾರ್ಕ್,ರಲ್ಲಿಡಾರ್ಕ್,low
ನಲ್ಲಿ,ಸುಮಾರು,ನಲ್ಲಿಸುಮಾರು,low
ಸುಮಾರು,೧೦೦,ಸುಮಾರು೧೦೦,low
೧೦೦,೦೦೦,೧೦೦೦೦೦,low
೦೦೦,ಚಾಟ್,೦೦೦ಚಾಟ್,low
ಜಿಪಿಟಿ,ಬಳಕೆದಾರರ,ಜಿಪಿಟಿಬಳಕೆದಾರರ,low
ಬಳಕೆದಾರರ,ಲಾಗಿನ್,ಬಳಕೆದಾರರಲಾಗಿನ್,low
ಲಾಗಿನ್,ಮಾಹಿತಿಯನ್ನು,ಲಾಗಿನ್ಮಾಹಿತಿಯನ್ನು,low
ಮಾಹಿತಿಯನ್ನು,ಮಾರಾಟ,ಮಾಹಿತಿಯನ್ನುಮಾರಾಟ,low
ಮಾರಾಟ,ಮಾಡಲಾಗಿದೆ,ಮಾರಾಟಮಾಡಲಾಗಿದೆ,low
ಮಾಡಲಾಗಿದೆ,ಹೆಚ್ಚುವರಿಯಾಗಿ,ಮಾಡಲಾಗಿದೆಹೆಚ್ಚುವರಿಯಾಗಿ,low
ಹೆಚ್ಚುವರಿಯಾಗಿ,ಸಂಶೋಧಕರ,ಹೆಚ್ಚುವರಿಯಾಗಿಸಂಶೋಧಕರ,low
ಸಂಶೋಧಕರ,ಅಭಿಪ್ರಾಯದಲ್ಲಿ,ಸಂಶೋಧಕರಅಭಿಪ್ರಾಯದಲ್ಲಿ,low
ಅಭಿಪ್ರಾಯದಲ್ಲಿ,ರಾಜಿ,ಅಭಿಪ್ರಾಯದಲ್ಲಿರಾಜಿ,low
ರಾಜಿ,ಮಾಡಿಕೊಂಡ,ರಾಜಿಮಾಡಿಕೊಂಡ,low
ಮಾಡಿಕೊಂಡ,ಹೆಚ್ಚಿನ,ಮಾಡಿಕೊಂಡಹೆಚ್ಚಿನ,low
ಹೆಚ್ಚಿನ,ಚಾಟ್,ಹೆಚ್ಚಿನಚಾಟ್,low
ಜಿಪಿಟಿ,ಪಾಸ್ವರ್ಡ್,ಜಿಪಿಟಿಪಾಸ್ವರ್ಡ್,low
ಪಾಸ್ವರ್ಡ್,ಗಳನ್ನು,ಪಾಸ್ವರ್ಡ್ಗಳನ್ನು,low
ಗಳನ್ನು,ಡೇಟಾ,ಗಳನ್ನುಡೇಟಾ,low
ಡೇಟಾ,ಕದಿಯುವ,ಡೇಟಾಕದಿಯುವ,low
ಕದಿಯುವ,ವೈರಸ್,ಕದಿಯುವವೈರಸ್,low
ವೈರಸ್,ರಕೂನ್,ವೈರಸ್ರಕೂನ್,low
ರಕೂನ್,ಹೊರತೆಗೆದಿದೆ,ರಕೂನ್ಹೊರತೆಗೆದಿದೆ,low
ಹೊರತೆಗೆದಿದೆ,ಎಂದು,ಹೊರತೆಗೆದಿದೆಎಂದು,low
ಎಂದು,ದಾಖಲೆಗಳು,ಎಂದುದಾಖಲೆಗಳು,low
ದಾಖಲೆಗಳು,ತೋರಿಸಿವೆ,ದಾಖಲೆಗಳುತೋರಿಸಿವೆ,low
ತೋರಿಸಿವೆ,ಹಣಕಾಸು,ತೋರಿಸಿವೆಹಣಕಾಸು,low
ಹಣಕಾಸು,ಮತ್ತು,ಹಣಕಾಸುಮತ್ತು,low
ವಂಚನೆ,ಝೆಬ್ರಿಕ್ಸ್,ವಂಚನೆಝೆಬ್ರಿಕ್ಸ್,low
ಝೆಬ್ರಿಕ್ಸ್,ಕನ್ಸಲ್ಟಿಂಗ್,ಝೆಬ್ರಿಕ್ಸ್ಕನ್ಸಲ್ಟಿಂಗ್,low
ಅಧ್ಯಕ್ಷ,ಮತ್ತು,ಅಧ್ಯಕ್ಷಮತ್ತು,low
ಮತ್ತು,ಸಂಸ್ಥಾಪಕ,ಮತ್ತುಸಂಸ್ಥಾಪಕ,low
ಸಂಸ್ಥಾಪಕ,ಸ್ಕಾಟ್,ಸಂಸ್ಥಾಪಕಸ್ಕಾಟ್,low
ಸ್ಕಾಟ್,ಡ್ಯುವೆಕ್,ಸ್ಕಾಟ್ಡ್ಯುವೆಕ್,low
ಡ್ಯುವೆಕ್,ಅವರು,ಡ್ಯುವೆಕ್ಅವರು,low
ಅವರು,ರಷ್ಯಾದ,ಅವರುರಷ್ಯಾದ,low
ರಷ್ಯಾದ,ಎಲೆಕ್ಟ್ರಾನಿಕ್,ರಷ್ಯಾದಎಲೆಕ್ಟ್ರಾನಿಕ್,low
ಎಲೆಕ್ಟ್ರಾನಿಕ್,ಕರೆನ್ಸಿಗಳಾದ,ಎಲೆಕ್ಟ್ರಾನಿಕ್ಕರೆನ್ಸಿಗಳಾದ,low
ಕರೆನ್ಸಿಗಳಾದ,ವೆಬ್,ಕರೆನ್ಸಿಗಳಾದವೆಬ್,low
ವೆಬ್,ಮನಿ,ವೆಬ್ಮನಿ,low
ಮನಿ,ಮತ್ತು,ಮನಿಮತ್ತು,low
ಮತ್ತು,ಪರ್ಫೆಕ್ಟ್,ಮತ್ತುಪರ್ಫೆಕ್ಟ್,low
ಪರ್ಫೆಕ್ಟ್,ಮನಿಗಳು,ಪರ್ಫೆಕ್ಟ್ಮನಿಗಳು,low
ಮನಿಗಳು,ಹೆಚ್ಚಿನ,ಮನಿಗಳುಹೆಚ್ಚಿನ,low
ಹೆಚ್ಚಿನ,ಕಾನೂನುಬಾಹಿರ,ಹೆಚ್ಚಿನಕಾನೂನುಬಾಹಿರ,low
ಕಾನೂನುಬಾಹಿರ,ಕ್ರಮಗಳ,ಕಾನೂನುಬಾಹಿರಕ್ರಮಗಳ,low
ಕ್ರಮಗಳ,ಹಿಂದೆ,ಕ್ರಮಗಳಹಿಂದೆ,low
ಹಿಂದೆ,ಇವೆ,ಹಿಂದೆಇವೆ,low
ಇವೆ,ಎಂದು,ಇವೆಎಂದು,low
ಎಂದು,ಹೇಳುತ್ತಾರೆ,ಎಂದುಹೇಳುತ್ತಾರೆ,low
ಹೇಳುತ್ತಾರೆ,ಏಪ್ರಿಲ್,ಹೇಳುತ್ತಾರೆಏಪ್ರಿಲ್,low
ಏಪ್ರಿಲ್,೨೦೧೫,ಏಪ್ರಿಲ್೨೦೧೫,low
ರಲ್ಲಿ,ಫ್ಲ್ಯಾಶ್,ರಲ್ಲಿಫ್ಲ್ಯಾಶ್,low
ಫ್ಲ್ಯಾಶ್,ಪಾಯಿಂಟ್,ಫ್ಲ್ಯಾಶ್ಪಾಯಿಂಟ್,low
ಪಾಯಿಂಟ್,ತಮ್ಮ,ಪಾಯಿಂಟ್ತಮ್ಮ,low
ತಮ್ಮ,ಗ್ರಾಹಕರಿಗೆ,ತಮ್ಮಗ್ರಾಹಕರಿಗೆ,low
ಗ್ರಾಹಕರಿಗೆ,ಆಳವಾದ,ಗ್ರಾಹಕರಿಗೆಆಳವಾದ,low
ಆಳವಾದ,ಮತ್ತು,ಆಳವಾದಮತ್ತು,low
ವೆಬ್,ನಿಂದ,ವೆಬ್ನಿಂದ,low
ನಿಂದ,ಗುಪ್ತಚರವನ್ನು,ನಿಂದಗುಪ್ತಚರವನ್ನು,low
ಗುಪ್ತಚರವನ್ನು,ಸಂಗ್ರಹಿಸಲು,ಗುಪ್ತಚರವನ್ನುಸಂಗ್ರಹಿಸಲು,low
ಸಂಗ್ರಹಿಸಲು,ಸಹಾಯ,ಸಂಗ್ರಹಿಸಲುಸಹಾಯ,low
ಮಿಲಿಯನ್,ಡಾಲರ್,ಮಿಲಿಯನ್ಡಾಲರ್,low
ಡಾಲರ್,ಹೂಡಿಕೆಯನ್ನು,ಡಾಲರ್ಹೂಡಿಕೆಯನ್ನು,low
ಹೂಡಿಕೆಯನ್ನು,ಪಡೆಯಿತು,ಹೂಡಿಕೆಯನ್ನುಪಡೆಯಿತು,low
ಪಡೆಯಿತು,ಹಲವಾರು,ಪಡೆಯಿತುಹಲವಾರು,low
ಹಲವಾರು,ಕಾರ್ಡಿಂಗ್,ಹಲವಾರುಕಾರ್ಡಿಂಗ್,low
ಕಾರ್ಡಿಂಗ್,ಫೋರಮ್,ಕಾರ್ಡಿಂಗ್ಫೋರಮ್,low
ಫೋರಮ್,ಗಳು,ಫೋರಮ್ಗಳು,low
ಗಳು,ಪೇ,ಗಳುಪೇ,low
ಪೇ,ಪಾಲ್,ಪೇಪಾಲ್,low
ಪಾಲ್,ಮತ್ತು,ಪಾಲ್ಮತ್ತು,low
ಮತ್ತು,ಬಿಟ್,ಮತ್ತುಬಿಟ್,low
ಕಾಯಿನ್,ವ್ಯಾಪಾರ,ಕಾಯಿನ್ವ್ಯಾಪಾರ,low
ವ್ಯಾಪಾರ,ವೆಬ್,ವ್ಯಾಪಾರವೆಬ್,low
ವಂಚನೆ,ಮತ್ತು,ವಂಚನೆಮತ್ತು,low
ಮತ್ತು,ನಕಲಿ,ಮತ್ತುನಕಲಿ,low
ನಕಲಿ,ಸೇವೆಗಳಿವೆ,ನಕಲಿಸೇವೆಗಳಿವೆ,low
ಸೇವೆಗಳಿವೆ,ಅಂತಹ,ಸೇವೆಗಳಿವೆಅಂತಹ,low
ಅಂತಹ,ಹಲವಾರು,ಅಂತಹಹಲವಾರು,low
ಹಲವಾರು,ಸೈಟ್,ಹಲವಾರುಸೈಟ್,low
ಗಳು,ಹಗರಣಗಳಾಗಿವೆ,ಗಳುಹಗರಣಗಳಾಗಿವೆ,low
ಹಗರಣಗಳಾಗಿವೆ,ಕ್ಲೋನ್,ಹಗರಣಗಳಾಗಿವೆಕ್ಲೋನ್,low
ಕ್ಲೋನ್,ಮಾಡಿದ,ಕ್ಲೋನ್ಮಾಡಿದ,low
ಮಾಡಿದ,ವೆಬ್,ಮಾಡಿದವೆಬ್,low
ಇತರ,ಸ್ಕ್ಯಾಮ್,ಇತರಸ್ಕ್ಯಾಮ್,low
ಸ್ಕ್ಯಾಮ್,ಸೈಟ್,ಸ್ಕ್ಯಾಮ್ಸೈಟ್,low
ಮೂಲಕ,ಫಿಶಿಂಗ್,ಮೂಲಕಫಿಶಿಂಗ್,low
ಫಿಶಿಂಗ್,ಹಲವಾರು,ಫಿಶಿಂಗ್ಹಲವಾರು,low
ನೆಟ್,ಮಾರುಕಟ್ಟೆಗಳೊಂದಿಗೆ,ನೆಟ್ಮಾರುಕಟ್ಟೆಗಳೊಂದಿಗೆ,low
ಮಾರುಕಟ್ಟೆಗಳೊಂದಿಗೆ,ಸಾಮಾನ್ಯವಾಗಿ,ಮಾರುಕಟ್ಟೆಗಳೊಂದಿಗೆಸಾಮಾನ್ಯವಾಗಿ,low
ಸಾಮಾನ್ಯವಾಗಿ,ಮೋಸದ,ಸಾಮಾನ್ಯವಾಗಿಮೋಸದ,low
ಮೋಸದ,ಯು,ಮೋಸದಯು,low
ಯು,ಆರ್,ಯುಆರ್,low
ಆರ್,ಎಲ್,ಆರ್ಎಲ್,low
ಎಲ್,ಗಳೊಂದಿಗೆ,ಎಲ್ಗಳೊಂದಿಗೆ,low
ಗಳೊಂದಿಗೆ,ಜಾಹೀರಾತು,ಗಳೊಂದಿಗೆಜಾಹೀರಾತು,low
ಜಾಹೀರಾತು,ನೀಡಲಾಗುತ್ತದೆ,ಜಾಹೀರಾತುನೀಡಲಾಗುತ್ತದೆ,low
ನೀಡಲಾಗುತ್ತದೆ,ಕಾನೂನುಬಾಹಿರ,ನೀಡಲಾಗುತ್ತದೆಕಾನೂನುಬಾಹಿರ,low
ಕಾನೂನುಬಾಹಿರ,ಅಶ್ಲೀಲತೆ,ಕಾನೂನುಬಾಹಿರಅಶ್ಲೀಲತೆ,low
ನಲ್ಲಿ,ಹೆಚ್ಚು,ನಲ್ಲಿಹೆಚ್ಚು,low
ಹೆಚ್ಚು,ಜನಪ್ರಿಯತೆಯನ್ನು,ಹೆಚ್ಚುಜನಪ್ರಿಯತೆಯನ್ನು,low
ಜನಪ್ರಿಯತೆಯನ್ನು,ಹೊಂದಿರುವ,ಜನಪ್ರಿಯತೆಯನ್ನುಹೊಂದಿರುವ,low
ಹೊಂದಿರುವ,ವಿಷಯದ,ಹೊಂದಿರುವವಿಷಯದ,low
ವಿಷಯದ,ಪ್ರಕಾರವು,ವಿಷಯದಪ್ರಕಾರವು,low
ಪ್ರಕಾರವು,ಕಾನೂನುಬಾಹಿರ,ಪ್ರಕಾರವುಕಾನೂನುಬಾಹಿರ,low
ಕಾನೂನುಬಾಹಿರ,ಅಶ್ಲೀಲತೆಯಾಗಿದೆ,ಕಾನೂನುಬಾಹಿರಅಶ್ಲೀಲತೆಯಾಗಿದೆ,low
ಅಶ್ಲೀಲತೆಯಾಗಿದೆ,ಹೆಚ್ಚು,ಅಶ್ಲೀಲತೆಯಾಗಿದೆಹೆಚ್ಚು,low
ಹೆಚ್ಚು,ನಿರ್ದಿಷ್ಟವಾಗಿ,ಹೆಚ್ಚುನಿರ್ದಿಷ್ಟವಾಗಿ,low
ನಿರ್ದಿಷ್ಟವಾಗಿ,ಮಕ್ಕಳ,ನಿರ್ದಿಷ್ಟವಾಗಿಮಕ್ಕಳ,low
ನಲ್ಲಿ,ಹುಡುಕಲು,ನಲ್ಲಿಹುಡುಕಲು,low
ಹುಡುಕಲು,ಕಷ್ಟವಾಗಿದ್ದರೂ,ಹುಡುಕಲುಕಷ್ಟವಾಗಿದ್ದರೂ,low
ಕಷ್ಟವಾಗಿದ್ದರೂ,ಅದರ,ಕಷ್ಟವಾಗಿದ್ದರೂಅದರ,low
ಅದರ,ಸುಮಾರು,ಅದರಸುಮಾರು,low
ಸುಮಾರು,೮೦,ಸುಮಾರು೮೦,low
೮೦,ವೆಬ್,೮೦ವೆಬ್,low
ವೆಬ್,ಟ್ರಾಫಿಕ್,ವೆಬ್ಟ್ರಾಫಿಕ್,low
ಟ್ರಾಫಿಕ್,ಮಕ್ಕಳ,ಟ್ರಾಫಿಕ್ಮಕ್ಕಳ,low
ಅಶ್ಲೀಲತೆಯನ್ನು,ಪ್ರವೇಶಿಸಲು,ಅಶ್ಲೀಲತೆಯನ್ನುಪ್ರವೇಶಿಸಲು,low
ಪ್ರವೇಶಿಸಲು,ಸಂಬಂಧಿಸಿದೆ,ಪ್ರವೇಶಿಸಲುಸಂಬಂಧಿಸಿದೆ,low
ಸಂಬಂಧಿಸಿದೆ,೧೦೦,ಸಂಬಂಧಿಸಿದೆ೧೦೦,low
೧೦೦,ಜಿಬಿ,೧೦೦ಜಿಬಿ,low
ಜಿಬಿ,ಗಿಂತ,ಜಿಬಿಗಿಂತ,low
ಗಿಂತ,ಹೆಚ್ಚು,ಗಿಂತಹೆಚ್ಚು,low
ಹೆಚ್ಚು,ಮಕ್ಕಳ,ಹೆಚ್ಚುಮಕ್ಕಳ,low
ಅಶ್ಲೀಲ,ಮಾಧ್ಯಮವನ್ನು,ಅಶ್ಲೀಲಮಾಧ್ಯಮವನ್ನು,low
ಮಾಧ್ಯಮವನ್ನು,ಹೊಂದಿ,ಮಾಧ್ಯಮವನ್ನುಹೊಂದಿ,low
ಹೊಂದಿ,ಸುಮಾರು,ಹೊಂದಿಸುಮಾರು,low
ಸುಮಾರು,೧೫,ಸುಮಾರು೧೫,low
೧೫,೦೦೦,೧೫೦೦೦,low
೦೦೦,ಸದಸ್ಯರನ್ನು,೦೦೦ಸದಸ್ಯರನ್ನು,low
ಹೊಂದಿರುವ,ಲೋಲಿತಾ,ಹೊಂದಿರುವಲೋಲಿತಾ,low
ಲೋಲಿತಾ,ಸಿಟಿ,ಲೋಲಿತಾಸಿಟಿ,low
ಸಿಟಿ,ಎಂಬ,ಸಿಟಿಎಂಬ,low
ಅನ್ನು,ತೆಗೆದುಹಾಕಲಾಗಿದೆ,ಅನ್ನುತೆಗೆದುಹಾಕಲಾಗಿದೆ,low
ತೆಗೆದುಹಾಕಲಾಗಿದೆ,ಆಗಾಗ್ಗೆ,ತೆಗೆದುಹಾಕಲಾಗಿದೆಆಗಾಗ್ಗೆ,low
ಆಗಾಗ್ಗೆ,ಸೈಟ್,ಆಗಾಗ್ಗೆಸೈಟ್,low
ಸೈಟ್,ಗೆ,ಸೈಟ್ಗೆ,low
ಗೆ,ರಾಜಿ,ಗೆರಾಜಿ,low
ರಾಜಿ,ಮಾಡಿಕೊಳ್ಳುವ,ರಾಜಿಮಾಡಿಕೊಳ್ಳುವ,low
ಮಾಡಿಕೊಳ್ಳುವ,ಮೂಲಕ,ಮಾಡಿಕೊಳ್ಳುವಮೂಲಕ,low
ಮೂಲಕ,ಮತ್ತು,ಮೂಲಕಮತ್ತು,low
ಮತ್ತು,ಬಳಕೆದಾರರ,ಮತ್ತುಬಳಕೆದಾರರ,low
ಪಿ,ವಿಳಾಸಗಳನ್ನು,ಪಿವಿಳಾಸಗಳನ್ನು,low
ವಿಳಾಸಗಳನ್ನು,ಟ್ರ್ಯಾಕ್,ವಿಳಾಸಗಳನ್ನುಟ್ರ್ಯಾಕ್,low
ಟ್ರ್ಯಾಕ್,ಮಾಡುವ,ಟ್ರ್ಯಾಕ್ಮಾಡುವ,low
ಮೂಲಕ,ಮಕ್ಕಳ,ಮೂಲಕಮಕ್ಕಳ,low
ಅಶ್ಲೀಲತೆಯನ್ನು,ವಿತರಿಸುವ,ಅಶ್ಲೀಲತೆಯನ್ನುವಿತರಿಸುವ,low
ವಿತರಿಸುವ,ಸೈಟ್,ವಿತರಿಸುವಸೈಟ್,low
ಗಳ,ವಿರುದ್ಧ,ಗಳವಿರುದ್ಧ,low
ವಿರುದ್ಧ,ನಿಯಮಿತ,ವಿರುದ್ಧನಿಯಮಿತ,low
ನಿಯಮಿತ,ಕಾನೂನು,ನಿಯಮಿತಕಾನೂನು,low
ಕಾನೂನು,ಕ್ರಮ,ಕಾನೂನುಕ್ರಮ,low
ಕ್ರಮ,ಜಾರಿಯಿದೆ,ಕ್ರಮಜಾರಿಯಿದೆ,low
ಜಾರಿಯಿದೆ,೨೦೧೫,ಜಾರಿಯಿದೆ೨೦೧೫,low
ರಲ್ಲಿ,ಎಫ್,ರಲ್ಲಿಎಫ್,low
ಎಫ್,ಬಿಐ,ಎಫ್ಬಿಐ,low
ಬಿಐ,ತನಿಖೆ,ಬಿಐತನಿಖೆ,low
ತನಿಖೆ,ನಡೆಸಿತು,ತನಿಖೆನಡೆಸಿತು,low
ನಡೆಸಿತು,ಮತ್ತು,ನಡೆಸಿತುಮತ್ತು,low
ಮತ್ತು,ಪ್ಲೇಪೆನ್,ಮತ್ತುಪ್ಲೇಪೆನ್,low
ಪ್ಲೇಪೆನ್,ಎಂಬ,ಪ್ಲೇಪೆನ್ಎಂಬ,low
ಅನ್ನು,ತೆಗೆದುಹಾಕಿತು,ಅನ್ನುತೆಗೆದುಹಾಕಿತು,low
ಹೆಚ್ಚು,ಸದಸ್ಯರನ್ನು,ಹೆಚ್ಚುಸದಸ್ಯರನ್ನು,low
ಹೊಂದಿರುವ,ಡಾರ್ಕ್,ಹೊಂದಿರುವಡಾರ್ಕ್,low
ನಲ್ಲಿ,ಪ್ಲೇಪೆನ್,ನಲ್ಲಿಪ್ಲೇಪೆನ್,low
ಪ್ಲೇಪೆನ್,ಅತಿದೊಡ್ಡ,ಪ್ಲೇಪೆನ್ಅತಿದೊಡ್ಡ,low
ಅಶ್ಲೀಲ,ವೆಬ್,ಅಶ್ಲೀಲವೆಬ್,low
ಸೈಟ್,ಆಗಿತ್ತು,ಸೈಟ್ಆಗಿತ್ತು,low
ಆಗಿತ್ತು,ಸೈಟ್,ಆಗಿತ್ತುಸೈಟ್,low
ಗಳು,ಮಾರ್ಗದರ್ಶಿಗಳು,ಗಳುಮಾರ್ಗದರ್ಶಿಗಳು,low
ಮಾರ್ಗದರ್ಶಿಗಳು,ವೇದಿಕೆಗಳು,ಮಾರ್ಗದರ್ಶಿಗಳುವೇದಿಕೆಗಳು,low
ವೇದಿಕೆಗಳು,ಮತ್ತು,ವೇದಿಕೆಗಳುಮತ್ತು,low
ಮತ್ತು,ಸಮುದಾಯ,ಮತ್ತುಸಮುದಾಯ,low
ಸಮುದಾಯ,ನಿಯಂತ್ರಣದ,ಸಮುದಾಯನಿಯಂತ್ರಣದ,low
ನಿಯಂತ್ರಣದ,ಸಂಕೀರ್ಣ,ನಿಯಂತ್ರಣದಸಂಕೀರ್ಣ,low
ಸಂಕೀರ್ಣ,ವ್ಯವಸ್ಥೆಗಳನ್ನು,ಸಂಕೀರ್ಣವ್ಯವಸ್ಥೆಗಳನ್ನು,low
ವ್ಯವಸ್ಥೆಗಳನ್ನು,ಬಳಸುತ್ತವೆ,ವ್ಯವಸ್ಥೆಗಳನ್ನುಬಳಸುತ್ತವೆ,low
ಬಳಸುತ್ತವೆ,ಇತರ,ಬಳಸುತ್ತವೆಇತರ,low
ಇತರ,ವಿಷಯವು,ಇತರವಿಷಯವು,low
ವಿಷಯವು,ಲೈಂಗಿಕ,ವಿಷಯವುಲೈಂಗಿಕ,low
ಲೈಂಗಿಕ,ಚಿತ್ರಹಿಂಸೆ,ಲೈಂಗಿಕಚಿತ್ರಹಿಂಸೆ,low
ಚಿತ್ರಹಿಂಸೆ,ಮತ್ತು,ಚಿತ್ರಹಿಂಸೆಮತ್ತು,low
ಮತ್ತು,ಪ್ರಾಣಿಗಳನ್ನು,ಮತ್ತುಪ್ರಾಣಿಗಳನ್ನು,low
ಪ್ರಾಣಿಗಳನ್ನು,ಕೊಲ್ಲುವುದು,ಪ್ರಾಣಿಗಳನ್ನುಕೊಲ್ಲುವುದು,low
ಕೊಲ್ಲುವುದು,ಮತ್ತು,ಕೊಲ್ಲುವುದುಮತ್ತು,low
ಮತ್ತು,ಸೇಡು,ಮತ್ತುಸೇಡು,low
ಸೇಡು,ತೀರಿಸಿಕೊಳ್ಳುವ,ಸೇಡುತೀರಿಸಿಕೊಳ್ಳುವ,low
ತೀರಿಸಿಕೊಳ್ಳುವ,ಅಶ್ಲೀಲತೆಯನ್ನು,ತೀರಿಸಿಕೊಳ್ಳುವಅಶ್ಲೀಲತೆಯನ್ನು,low
ಅಶ್ಲೀಲತೆಯನ್ನು,ಒಳಗೊಂಡಿರುತ್ತದೆ,ಅಶ್ಲೀಲತೆಯನ್ನುಒಳಗೊಂಡಿರುತ್ತದೆ,low
ಒಳಗೊಂಡಿರುತ್ತದೆ,ಮೇ,ಒಳಗೊಂಡಿರುತ್ತದೆಮೇ,low
ಮೇ,೨೦೨೧,ಮೇ೨೦೨೧,low
೨೦೨೧,ರಲ್ಲಿ,೨೦೨೧ರಲ್ಲಿ,low
ರಲ್ಲಿ,ಬಾಯ್,ರಲ್ಲಿಬಾಯ್,low
ಬಾಯ್,ಸ್ಟೌನ್,ಬಾಯ್ಸ್ಟೌನ್,low
ಸ್ಟೌನ್,ಎಂದು,ಸ್ಟೌನ್ಎಂದು,low
ಎಂದು,ಕರೆಯಲ್ಪಡುವ,ಎಂದುಕರೆಯಲ್ಪಡುವ,low
ನಲ್ಲಿ,ವಿಶ್ವದ,ನಲ್ಲಿವಿಶ್ವದ,low
ವಿಶ್ವದ,ಅತಿದೊಡ್ಡ,ವಿಶ್ವದಅತಿದೊಡ್ಡ,low
ಅಶ್ಲೀಲ,ನೆಟ್,ಅಶ್ಲೀಲನೆಟ್,low
ವರ್ಕ್,ಗಳಲ್ಲಿ,ವರ್ಕ್ಗಳಲ್ಲಿ,low
ಗಳಲ್ಲಿ,ಒಂದನ್ನು,ಗಳಲ್ಲಿಒಂದನ್ನು,low
ಒಂದನ್ನು,ಕಿತ್ತುಹಾಕಿದ್ದೇವೆ,ಒಂದನ್ನುಕಿತ್ತುಹಾಕಿದ್ದೇವೆ,low
ಕಿತ್ತುಹಾಕಿದ್ದೇವೆ,ಎಂದು,ಕಿತ್ತುಹಾಕಿದ್ದೇವೆಎಂದು,low
ಎಂದು,ಜರ್ಮನ್,ಎಂದುಜರ್ಮನ್,low
ಜರ್ಮನ್,ಪೊಲೀಸರು,ಜರ್ಮನ್ಪೊಲೀಸರು,low
ಪೊಲೀಸರು,ಹೇಳಿದ್ದರು,ಪೊಲೀಸರುಹೇಳಿದ್ದರು,low
ಹೆಚ್ಚು,ನೋಂದಾಯಿತ,ಹೆಚ್ಚುನೋಂದಾಯಿತ,low
ನೋಂದಾಯಿತ,ಬಳಕೆದಾರರನ್ನು,ನೋಂದಾಯಿತಬಳಕೆದಾರರನ್ನು,low
ಬಳಕೆದಾರರನ್ನು,ಹೊಂದಿತ್ತು,ಬಳಕೆದಾರರನ್ನುಹೊಂದಿತ್ತು,low
ಜಾಲವನ್ನು,ನಡೆಸುತ್ತಿರುವ,ಜಾಲವನ್ನುನಡೆಸುತ್ತಿರುವ,low
ನಡೆಸುತ್ತಿರುವ,ಶಂಕೆಯ,ನಡೆಸುತ್ತಿರುವಶಂಕೆಯ,low
ಶಂಕೆಯ,ಮೇಲೆ,ಶಂಕೆಯಮೇಲೆ,low
ಮೇಲೆ,ಪರಾಗ್ವೆ,ಮೇಲೆಪರಾಗ್ವೆ,low
ಪರಾಗ್ವೆ,ಮೂಲದ,ಪರಾಗ್ವೆಮೂಲದ,low
ಮೂಲದ,ವ್ಯಕ್ತಿ,ಮೂಲದವ್ಯಕ್ತಿ,low
ವ್ಯಕ್ತಿ,ಸೇರಿದಂತೆ,ವ್ಯಕ್ತಿಸೇರಿದಂತೆ,low
ಸೇರಿದಂತೆ,ನಾಲ್ವರನ್ನು,ಸೇರಿದಂತೆನಾಲ್ವರನ್ನು,low
ನಾಲ್ವರನ್ನು,ದಾಳಿಯಲ್ಲಿ,ನಾಲ್ವರನ್ನುದಾಳಿಯಲ್ಲಿ,low
ದಾಳಿಯಲ್ಲಿ,ಬಂಧಿಸಲಾಗಿತ್ತು,ದಾಳಿಯಲ್ಲಿಬಂಧಿಸಲಾಗಿತ್ತು,low
ಬಂಧಿಸಲಾಗಿತ್ತು,ಜರ್ಮನ್,ಬಂಧಿಸಲಾಗಿತ್ತುಜರ್ಮನ್,low
ಜರ್ಮನ್,ನೇತೃತ್ವದ,ಜರ್ಮನ್ನೇತೃತ್ವದ,low
ನೇತೃತ್ವದ,ಗುಪ್ತಚರ,ನೇತೃತ್ವದಗುಪ್ತಚರ,low
ಗುಪ್ತಚರ,ಕಾರ್ಯಾಚರಣೆಯಲ್ಲಿ,ಗುಪ್ತಚರಕಾರ್ಯಾಚರಣೆಯಲ್ಲಿ,low
ಕಾರ್ಯಾಚರಣೆಯಲ್ಲಿ,ಹಲವಾರು,ಕಾರ್ಯಾಚರಣೆಯಲ್ಲಿಹಲವಾರು,low
ಹಲವಾರು,ಶಿಶುಕಾಮಿ,ಹಲವಾರುಶಿಶುಕಾಮಿ,low
ಶಿಶುಕಾಮಿ,ಚಾಟ್,ಶಿಶುಕಾಮಿಚಾಟ್,low
ಚಾಟ್,ಸೈಟ್,ಚಾಟ್ಸೈಟ್,low
ಗಳನ್ನು,ಸಹ,ಗಳನ್ನುಸಹ,low
ಸಹ,ತೆಗೆದುಹಾಕಲಾಗಿದೆ,ಸಹತೆಗೆದುಹಾಕಲಾಗಿದೆ,low
ತೆಗೆದುಹಾಕಲಾಗಿದೆ,ಎಂದು,ತೆಗೆದುಹಾಕಲಾಗಿದೆಎಂದು,low
ಎಂದು,ಯುರೋಪೋಲ್,ಎಂದುಯುರೋಪೋಲ್,low
ಯುರೋಪೋಲ್,ಹೇಳಿದೆ,ಯುರೋಪೋಲ್ಹೇಳಿದೆ,low
ಹೇಳಿದೆ,ಭಯೋತ್ಪಾದನೆ,ಹೇಳಿದೆಭಯೋತ್ಪಾದನೆ,low
ಭಯೋತ್ಪಾದನೆ,೧೯೯೦,ಭಯೋತ್ಪಾದನೆ೧೯೯೦,low
ದಶಕದಲ್ಲಿಯೇ,ಭಯೋತ್ಪಾದಕ,ದಶಕದಲ್ಲಿಯೇಭಯೋತ್ಪಾದಕ,low
ಭಯೋತ್ಪಾದಕ,ಸಂಘಟನೆಗಳು,ಭಯೋತ್ಪಾದಕಸಂಘಟನೆಗಳು,low
ಸಂಘಟನೆಗಳು,ಅಂತರ್ಜಾಲವನ್ನು,ಸಂಘಟನೆಗಳುಅಂತರ್ಜಾಲವನ್ನು,low
ಅಂತರ್ಜಾಲವನ್ನು,ಪ್ರವೇಶಿಸಿದವು,ಅಂತರ್ಜಾಲವನ್ನುಪ್ರವೇಶಿಸಿದವು,low
ಪ್ರವೇಶಿಸಿದವು,ಆದಾಗ್ಯೂ,ಪ್ರವೇಶಿಸಿದವುಆದಾಗ್ಯೂ,low
ಆದಾಗ್ಯೂ,ಡಾರ್ಕ್,ಆದಾಗ್ಯೂಡಾರ್ಕ್,low
ಸಂಸ್ಥೆಗಳನ್ನು,ಅನಾಮಧೇಯತೆ,ಸಂಸ್ಥೆಗಳನ್ನುಅನಾಮಧೇಯತೆ,low
ಅನಾಮಧೇಯತೆ,ನಿಯಂತ್ರಣದ,ಅನಾಮಧೇಯತೆನಿಯಂತ್ರಣದ,low
ನಿಯಂತ್ರಣದ,ಕೊರತೆ,ನಿಯಂತ್ರಣದಕೊರತೆ,low
ಕೊರತೆ,ಸಾಮಾಜಿಕ,ಕೊರತೆಸಾಮಾಜಿಕ,low
ಸಾಮಾಜಿಕ,ಸಂವಹನ,ಸಾಮಾಜಿಕಸಂವಹನ,low
ಸಂವಹನ,ಮತ್ತು,ಸಂವಹನಮತ್ತು,low
ಮತ್ತು,ಸುಲಭ,ಮತ್ತುಸುಲಭ,low
ಸುಲಭ,ಪ್ರವೇಶದ,ಸುಲಭಪ್ರವೇಶದ,low
ಪ್ರವೇಶದ,ಕಾರಣದಿಂದಾಗಿ,ಪ್ರವೇಶದಕಾರಣದಿಂದಾಗಿ,low
ಕಾರಣದಿಂದಾಗಿ,ಆಕರ್ಷಿಸಿತು,ಕಾರಣದಿಂದಾಗಿಆಕರ್ಷಿಸಿತು,low
ಗುಂಪುಗಳು,ಭಯೋತ್ಪಾದಕ,ಗುಂಪುಗಳುಭಯೋತ್ಪಾದಕ,low
ಭಯೋತ್ಪಾದಕ,ದಾಳಿಗಳನ್ನು,ಭಯೋತ್ಪಾದಕದಾಳಿಗಳನ್ನು,low
ದಾಳಿಗಳನ್ನು,ಪ್ರೇರೇಪಿಸಲು,ದಾಳಿಗಳನ್ನುಪ್ರೇರೇಪಿಸಲು,low
ಪ್ರೇರೇಪಿಸಲು,ಡಾರ್ಕ್,ಪ್ರೇರೇಪಿಸಲುಡಾರ್ಕ್,low
ವೆಬ್,ನಲ್ಲಿರುವ,ವೆಬ್ನಲ್ಲಿರುವ,low
ನಲ್ಲಿರುವ,ಚಾಟ್,ನಲ್ಲಿರುವಚಾಟ್,low
ಚಾಟ್,ಪ್ಲಾಟ್,ಚಾಟ್ಪ್ಲಾಟ್,low
ಫಾರ್ಮ್,ಗಳ,ಫಾರ್ಮ್ಗಳ,low
ಗಳ,ಲಾಭವನ್ನು,ಗಳಲಾಭವನ್ನು,low
ಲಾಭವನ್ನು,ಪಡೆದುಕೊಳ್ಳುತ್ತಿವೆ,ಲಾಭವನ್ನುಪಡೆದುಕೊಳ್ಳುತ್ತಿವೆ,low
ಪಡೆದುಕೊಳ್ಳುತ್ತಿವೆ,ಗುಂಪುಗಳು,ಪಡೆದುಕೊಳ್ಳುತ್ತಿವೆಗುಂಪುಗಳು,low
ಗುಂಪುಗಳು,ಹೌ,ಗುಂಪುಗಳುಹೌ,low
ಹೌ,ಟು,ಹೌಟು,low
ಟು,ಮಾರ್ಗದರ್ಶಿಗಳನ್ನು,ಟುಮಾರ್ಗದರ್ಶಿಗಳನ್ನು,low
ಮಾರ್ಗದರ್ಶಿಗಳನ್ನು,ಪೋಸ್ಟ್,ಮಾರ್ಗದರ್ಶಿಗಳನ್ನುಪೋಸ್ಟ್,low
ಪೋಸ್ಟ್,ಮಾಡುತ್ತವೆ,ಪೋಸ್ಟ್ಮಾಡುತ್ತವೆ,low
ಮಾಡುತ್ತವೆ,ಜನರು,ಮಾಡುತ್ತವೆಜನರು,low
ಜನರು,ಹೇಗೆ,ಜನರುಹೇಗೆ,low
ಹೇಗೆ,ಭಯೋತ್ಪಾದಕರಾಗಬೇಕು,ಹೇಗೆಭಯೋತ್ಪಾದಕರಾಗಬೇಕು,low
ಭಯೋತ್ಪಾದಕರಾಗಬೇಕು,ಮತ್ತು,ಭಯೋತ್ಪಾದಕರಾಗಬೇಕುಮತ್ತು,low
ಮತ್ತು,ತಮ್ಮ,ಮತ್ತುತಮ್ಮ,low
ತಮ್ಮ,ಗುರುತನ್ನು,ತಮ್ಮಗುರುತನ್ನು,low
ಗುರುತನ್ನು,ಮರೆಮಾಡಬೇಕು,ಗುರುತನ್ನುಮರೆಮಾಡಬೇಕು,low
ಮರೆಮಾಡಬೇಕು,ಎಂದು,ಮರೆಮಾಡಬೇಕುಎಂದು,low
ಎಂದು,ಕಲಿಸುತ್ತಾರೆ,ಎಂದುಕಲಿಸುತ್ತಾರೆ,low
ಕಲಿಸುತ್ತಾರೆ,ಡಾರ್ಕ್,ಕಲಿಸುತ್ತಾರೆಡಾರ್ಕ್,low
ವೆಬ್,ಭಯೋತ್ಪಾದಕ,ವೆಬ್ಭಯೋತ್ಪಾದಕ,low
ಭಯೋತ್ಪಾದಕ,ಪ್ರಚಾರ,ಭಯೋತ್ಪಾದಕಪ್ರಚಾರ,low
ಪ್ರಚಾರ,ಮಾರ್ಗದರ್ಶನ,ಪ್ರಚಾರಮಾರ್ಗದರ್ಶನ,low
ಮಾರ್ಗದರ್ಶನ,ಮಾಹಿತಿ,ಮಾರ್ಗದರ್ಶನಮಾಹಿತಿ,low
ಮಾಹಿತಿ,ಮತ್ತು,ಮಾಹಿತಿಮತ್ತು,low
ಮತ್ತು,ಮುಖ್ಯವಾಗಿ,ಮತ್ತುಮುಖ್ಯವಾಗಿ,low
ಮುಖ್ಯವಾಗಿ,ಧನಸಹಾಯಕ್ಕೆ,ಮುಖ್ಯವಾಗಿಧನಸಹಾಯಕ್ಕೆ,low
ಧನಸಹಾಯಕ್ಕೆ,ವೇದಿಕೆಯಾಯಿತು,ಧನಸಹಾಯಕ್ಕೆವೇದಿಕೆಯಾಯಿತು,low
ವೇದಿಕೆಯಾಯಿತು,ಬಿಟ್,ವೇದಿಕೆಯಾಯಿತುಬಿಟ್,low
ಪರಿಚಯದೊಂದಿಗೆ,ಅನಾಮಧೇಯ,ಪರಿಚಯದೊಂದಿಗೆಅನಾಮಧೇಯ,low
ಅನಾಮಧೇಯ,ವಹಿವಾಟುಗಳನ್ನು,ಅನಾಮಧೇಯವಹಿವಾಟುಗಳನ್ನು,low
ವಹಿವಾಟುಗಳನ್ನು,ರಚಿಸಲಾಯಿತು,ವಹಿವಾಟುಗಳನ್ನುರಚಿಸಲಾಯಿತು,low
ರಚಿಸಲಾಯಿತು,ಇದು,ರಚಿಸಲಾಯಿತುಇದು,low
ಇದು,ಅನಾಮಧೇಯ,ಇದುಅನಾಮಧೇಯ,low
ಅನಾಮಧೇಯ,ದೇಣಿಗೆ,ಅನಾಮಧೇಯದೇಣಿಗೆ,low
ದೇಣಿಗೆ,ಮತ್ತು,ದೇಣಿಗೆಮತ್ತು,low
ಮತ್ತು,ಧನಸಹಾಯಕ್ಕೆ,ಮತ್ತುಧನಸಹಾಯಕ್ಕೆ,low
ಧನಸಹಾಯಕ್ಕೆ,ಅವಕಾಶ,ಧನಸಹಾಯಕ್ಕೆಅವಕಾಶ,low
ಅವಕಾಶ,ಮಾಡಿಕೊಟ್ಟಿತು,ಅವಕಾಶಮಾಡಿಕೊಟ್ಟಿತು,low
ಮಾಡಿಕೊಟ್ಟಿತು,ಬಿಟ್,ಮಾಡಿಕೊಟ್ಟಿತುಬಿಟ್,low
ಕಾಯಿನ್,ಸ್ವೀಕರಿಸುವ,ಕಾಯಿನ್ಸ್ವೀಕರಿಸುವ,low
ಸ್ವೀಕರಿಸುವ,ಮೂಲಕ,ಸ್ವೀಕರಿಸುವಮೂಲಕ,low
ಮೂಲಕ,ಭಯೋತ್ಪಾದಕರು,ಮೂಲಕಭಯೋತ್ಪಾದಕರು,low
ಭಯೋತ್ಪಾದಕರು,ಈಗ,ಭಯೋತ್ಪಾದಕರುಈಗ,low
ಈಗ,ಶಸ್ತ್ರಾಸ್ತ್ರಗಳನ್ನು,ಈಗಶಸ್ತ್ರಾಸ್ತ್ರಗಳನ್ನು,low
ಶಸ್ತ್ರಾಸ್ತ್ರಗಳನ್ನು,ಖರೀದಿಸಲು,ಶಸ್ತ್ರಾಸ್ತ್ರಗಳನ್ನುಖರೀದಿಸಲು,low
ಖರೀದಿಸಲು,ಹಣವನ್ನು,ಖರೀದಿಸಲುಹಣವನ್ನು,low
ಹಣವನ್ನು,ನೀಡಲು,ಹಣವನ್ನುನೀಡಲು,low
ನೀಡಲು,ಸಾಧ್ಯವಾಯಿತು,ನೀಡಲುಸಾಧ್ಯವಾಯಿತು,low
ಸಾಧ್ಯವಾಯಿತು,೨೦೧೮,ಸಾಧ್ಯವಾಯಿತು೨೦೧೮,low
೨೦೧೮,ರಲ್ಲಿ,೨೦೧೮ರಲ್ಲಿ,low
ರಲ್ಲಿ,ಅಹ್ಮದ್,ರಲ್ಲಿಅಹ್ಮದ್,low
ಅಹ್ಮದ್,ಸರ್ಸೂರ್,ಅಹ್ಮದ್ಸರ್ಸೂರ್,low
ಸರ್ಸೂರ್,ಎಂಬ,ಸರ್ಸೂರ್ಎಂಬ,low
ಎಂಬ,ವ್ಯಕ್ತಿಯು,ಎಂಬವ್ಯಕ್ತಿಯು,low
ವ್ಯಕ್ತಿಯು,ಸ್ಫೋಟಕಗಳನ್ನು,ವ್ಯಕ್ತಿಯುಸ್ಫೋಟಕಗಳನ್ನು,low
ಸ್ಫೋಟಕಗಳನ್ನು,ಖರೀದಿಸಲು,ಸ್ಫೋಟಕಗಳನ್ನುಖರೀದಿಸಲು,low
ಖರೀದಿಸಲು,ಮತ್ತು,ಖರೀದಿಸಲುಮತ್ತು,low
ಮತ್ತು,ಸಿರಿಯನ್,ಮತ್ತುಸಿರಿಯನ್,low
ಸಿರಿಯನ್,ಭಯೋತ್ಪಾದಕರಿಗೆ,ಸಿರಿಯನ್ಭಯೋತ್ಪಾದಕರಿಗೆ,low
ಭಯೋತ್ಪಾದಕರಿಗೆ,ಸಹಾಯ,ಭಯೋತ್ಪಾದಕರಿಗೆಸಹಾಯ,low
ಮಾಡಲು,ಸ್ನೈಪರ್,ಮಾಡಲುಸ್ನೈಪರ್,low
ಸ್ನೈಪರ್,ಗಳನ್ನು,ಸ್ನೈಪರ್ಗಳನ್ನು,low
ಗಳನ್ನು,ನೇಮಿಸಿಕೊಳ್ಳಲು,ಗಳನ್ನುನೇಮಿಸಿಕೊಳ್ಳಲು,low
ನೇಮಿಸಿಕೊಳ್ಳಲು,ಪ್ರಯತ್ನಿಸಿದ್ದಕ್ಕಾಗಿ,ನೇಮಿಸಿಕೊಳ್ಳಲುಪ್ರಯತ್ನಿಸಿದ್ದಕ್ಕಾಗಿ,low
ಪ್ರಯತ್ನಿಸಿದ್ದಕ್ಕಾಗಿ,ಮತ್ತು,ಪ್ರಯತ್ನಿಸಿದ್ದಕ್ಕಾಗಿಮತ್ತು,low
ಮೂಲಕ,ಅವರಿಗೆ,ಮೂಲಕಅವರಿಗೆ,low
ಅವರಿಗೆ,ಹಣಕಾಸಿನ,ಅವರಿಗೆಹಣಕಾಸಿನ,low
ಹಣಕಾಸಿನ,ನೆರವು,ಹಣಕಾಸಿನನೆರವು,low
ನೆರವು,ನೀಡಲು,ನೆರವುನೀಡಲು,low
ನೀಡಲು,ಪ್ರಯತ್ನಿಸಿದ್ದಕ್ಕಾಗಿ,ನೀಡಲುಪ್ರಯತ್ನಿಸಿದ್ದಕ್ಕಾಗಿ,low
ಪ್ರಯತ್ನಿಸಿದ್ದಕ್ಕಾಗಿ,ಅವನ,ಪ್ರಯತ್ನಿಸಿದ್ದಕ್ಕಾಗಿಅವನ,low
ಅವನ,ಮೇಲೆ,ಅವನಮೇಲೆ,low
ಮೇಲೆ,ಆರೋಪ,ಮೇಲೆಆರೋಪ,low
ಆರೋಪ,ಹೊರಿಸಲಾಯಿತು,ಆರೋಪಹೊರಿಸಲಾಯಿತು,low
ಹೊರಿಸಲಾಯಿತು,ಆಪರೇಷನ್,ಹೊರಿಸಲಾಯಿತುಆಪರೇಷನ್,low
ಆಪರೇಷನ್,ಒನಿಮಸ್,ಆಪರೇಷನ್ಒನಿಮಸ್,low
ಒನಿಮಸ್,ನಲ್ಲಿ,ಒನಿಮಸ್ನಲ್ಲಿ,low
ನಲ್ಲಿ,ವಶಪಡಿಸಿಕೊಂಡ,ನಲ್ಲಿವಶಪಡಿಸಿಕೊಂಡ,low
ವಶಪಡಿಸಿಕೊಂಡ,ನಕಲಿ,ವಶಪಡಿಸಿಕೊಂಡನಕಲಿ,low
ನಕಲಿ,ಸೇರಿದಂತೆ,ನಕಲಿಸೇರಿದಂತೆ,low
ಸೇರಿದಂತೆ,ಐಸಿಐಎಲ್,ಸೇರಿದಂತೆಐಸಿಐಎಲ್,low
ಐಸಿಐಎಲ್,ಐಎಸ್,ಐಸಿಐಎಲ್ಐಎಸ್,low
ಐಎಸ್,ಐಎಸ್,ಐಎಸ್ಐಎಸ್,low
ಐಎಸ್,ನಿಂದ,ಐಎಸ್ನಿಂದ,low
ನಿಂದ,ಬಳಸಲಾಗಿದೆ,ನಿಂದಬಳಸಲಾಗಿದೆ,low
ಬಳಸಲಾಗಿದೆ,ಎಂದು,ಬಳಸಲಾಗಿದೆಎಂದು,low
ಎಂದು,ಹೇಳಿಕೊಳ್ಳುವ,ಎಂದುಹೇಳಿಕೊಳ್ಳುವ,low
ಹೇಳಿಕೊಳ್ಳುವ,ಕೆಲವು,ಹೇಳಿಕೊಳ್ಳುವಕೆಲವು,low
ಕೆಲವು,ನೈಜ,ಕೆಲವುನೈಜ,low
ನೈಜ,ಮತ್ತು,ನೈಜಮತ್ತು,low
ಮತ್ತು,ಮೋಸದ,ಮತ್ತುಮೋಸದ,low
ಮೋಸದ,ವೆಬ್,ಮೋಸದವೆಬ್,low
ಗಳಿವೆ,ತಂತ್ರಜ್ಞಾನದ,ಗಳಿವೆತಂತ್ರಜ್ಞಾನದ,low
ತಂತ್ರಜ್ಞಾನದ,ಹೆಚ್ಚಳದೊಂದಿಗೆ,ತಂತ್ರಜ್ಞಾನದಹೆಚ್ಚಳದೊಂದಿಗೆ,low
ಹೆಚ್ಚಳದೊಂದಿಗೆ,ತಂತ್ರಜ್ಞಾನದ,ಹೆಚ್ಚಳದೊಂದಿಗೆತಂತ್ರಜ್ಞಾನದ,low
ತಂತ್ರಜ್ಞಾನದ,ದೌರ್ಬಲ್ಯಗಳ,ತಂತ್ರಜ್ಞಾನದದೌರ್ಬಲ್ಯಗಳ,low
ದೌರ್ಬಲ್ಯಗಳ,ಮೇಲೆ,ದೌರ್ಬಲ್ಯಗಳಮೇಲೆ,low
ಮೇಲೆ,ದಾಳಿ,ಮೇಲೆದಾಳಿ,low
ದಾಳಿ,ಮಾಡುವ,ದಾಳಿಮಾಡುವ,low
ಮೂಲಕ,ಸೈಬರ್,ಮೂಲಕಸೈಬರ್,low
ಸೈಬರ್,ಭಯೋತ್ಪಾದಕರು,ಸೈಬರ್ಭಯೋತ್ಪಾದಕರು,low
ಭಯೋತ್ಪಾದಕರು,ಪ್ರವರ್ಧಮಾನಕ್ಕೆ,ಭಯೋತ್ಪಾದಕರುಪ್ರವರ್ಧಮಾನಕ್ಕೆ,low
ಪ್ರವರ್ಧಮಾನಕ್ಕೆ,ಬರಲು,ಪ್ರವರ್ಧಮಾನಕ್ಕೆಬರಲು,low
ಬರಲು,ಅವಕಾಶ,ಬರಲುಅವಕಾಶ,low
ಮಾಡಿಕೊಟ್ಟಿದೆ,ನವೆಂಬರ್,ಮಾಡಿಕೊಟ್ಟಿದೆನವೆಂಬರ್,low
ನವೆಂಬರ್,೨೦೧೫,ನವೆಂಬರ್೨೦೧೫,low
ಪ್ಯಾರಿಸ್,ದಾಳಿಯ,ಪ್ಯಾರಿಸ್ದಾಳಿಯ,low
ದಾಳಿಯ,ಹಿನ್ನೆಲೆಯಲ್ಲಿ,ದಾಳಿಯಹಿನ್ನೆಲೆಯಲ್ಲಿ,low
ಹಿನ್ನೆಲೆಯಲ್ಲಿ,ಅಂತಹ,ಹಿನ್ನೆಲೆಯಲ್ಲಿಅಂತಹ,low
ಅಂತಹ,ಸೈಟ್,ಅಂತಹಸೈಟ್,low
ಅನ್ನು,ಅನಾಮಧೇಯ,ಅನ್ನುಅನಾಮಧೇಯ,low
ಅನಾಮಧೇಯ,ಸಂಯೋಜಿತ,ಅನಾಮಧೇಯಸಂಯೋಜಿತ,low
ಸಂಯೋಜಿತ,ಹ್ಯಾಕರ್,ಸಂಯೋಜಿತಹ್ಯಾಕರ್,low
ಹ್ಯಾಕರ್,ಗ್ರೂಪ್,ಹ್ಯಾಕರ್ಗ್ರೂಪ್,low
ಗ್ರೂಪ್,ಘೋಸ್ಟ್,ಗ್ರೂಪ್ಘೋಸ್ಟ್,low
ಘೋಸ್ಟ್,ಸೆಕ್,ಘೋಸ್ಟ್ಸೆಕ್,low
ಸೆಕ್,ಹ್ಯಾಕ್,ಸೆಕ್ಹ್ಯಾಕ್,low
ಹ್ಯಾಕ್,ಮಾಡಿತು,ಹ್ಯಾಕ್ಮಾಡಿತು,low
ಮಾಡಿತು,ಮತ್ತು,ಮಾಡಿತುಮತ್ತು,low
ಮತ್ತು,ಅದನ್ನು,ಮತ್ತುಅದನ್ನು,low
ಅದನ್ನು,ಪ್ರೊಜಾಕ್,ಅದನ್ನುಪ್ರೊಜಾಕ್,low
ಪ್ರೊಜಾಕ್,ಗಾಗಿ,ಪ್ರೊಜಾಕ್ಗಾಗಿ,low
ಗಾಗಿ,ಜಾಹೀರಾತಿನೊಂದಿಗೆ,ಗಾಗಿಜಾಹೀರಾತಿನೊಂದಿಗೆ,low
ಜಾಹೀರಾತಿನೊಂದಿಗೆ,ಬದಲಾಯಿಸಲಾಯಿತು,ಜಾಹೀರಾತಿನೊಂದಿಗೆಬದಲಾಯಿಸಲಾಯಿತು,low
ಬದಲಾಯಿಸಲಾಯಿತು,ರಾವ್ತಿ,ಬದಲಾಯಿಸಲಾಯಿತುರಾವ್ತಿ,low
ರಾವ್ತಿ,ಶಾಕ್ಸ್,ರಾವ್ತಿಶಾಕ್ಸ್,low
ಶಾಕ್ಸ್,ಇಸ್ಲಾಮಿಸ್ಟ್,ಶಾಕ್ಸ್ಇಸ್ಲಾಮಿಸ್ಟ್,low
ಇಸ್ಲಾಮಿಸ್ಟ್,ಗುಂಪು,ಇಸ್ಲಾಮಿಸ್ಟ್ಗುಂಪು,low
ಗುಂಪು,ಒಂದು,ಗುಂಪುಒಂದು,low
ಒಂದು,ಸಮಯದಲ್ಲಿ,ಒಂದುಸಮಯದಲ್ಲಿ,low
ಸಮಯದಲ್ಲಿ,ಡಾರ್ಕ್,ಸಮಯದಲ್ಲಿಡಾರ್ಕ್,low
ನಲ್ಲಿ,ಕಾರ್ಯನಿರ್ವಹಿಸುತ್ತಿರುವುದು,ನಲ್ಲಿಕಾರ್ಯನಿರ್ವಹಿಸುತ್ತಿರುವುದು,low
ಕಾರ್ಯನಿರ್ವಹಿಸುತ್ತಿರುವುದು,ಕಂಡುಬಂದಿದೆ,ಕಾರ್ಯನಿರ್ವಹಿಸುತ್ತಿರುವುದುಕಂಡುಬಂದಿದೆ,low
ಕಂಡುಬಂದಿದೆ,ಸಾಮಾಜಿಕ,ಕಂಡುಬಂದಿದೆಸಾಮಾಜಿಕ,low
ಮಾಧ್ಯಮ,ಡಾರ್ಕ್,ಮಾಧ್ಯಮಡಾರ್ಕ್,low
ನಲ್ಲಿ,ವರ್ಲ್ಡ್,ನಲ್ಲಿವರ್ಲ್ಡ್,low
ವೆಬ್,ನಲ್ಲಿರುವಂತೆ,ವೆಬ್ನಲ್ಲಿರುವಂತೆ,low
ನಲ್ಲಿರುವಂತೆ,ಉದಯೋನ್ಮುಖ,ನಲ್ಲಿರುವಂತೆಉದಯೋನ್ಮುಖ,low
ಉದಯೋನ್ಮುಖ,ಸಾಮಾಜಿಕ,ಉದಯೋನ್ಮುಖಸಾಮಾಜಿಕ,low
ಮಾಧ್ಯಮ,ವೇದಿಕೆಗಳಿದ್ದು,ಮಾಧ್ಯಮವೇದಿಕೆಗಳಿದ್ದು,low
ವೇದಿಕೆಗಳಿದ್ದು,ಇದನ್ನು,ವೇದಿಕೆಗಳಿದ್ದುಇದನ್ನು,low
ಇದನ್ನು,ಡಾರ್ಕ್,ಇದನ್ನುಡಾರ್ಕ್,low
ವೆಬ್,ಸಾಮಾಜಿಕ,ವೆಬ್ಸಾಮಾಜಿಕ,low
ವರ್ಕ್,ಡಿ,ವರ್ಕ್ಡಿ,low
ಎನ್,ಎಂದು,ಎನ್ಎಂದು,low
ಕರೆಯಲಾಗುತ್ತದೆ,ಡಿ,ಕರೆಯಲಾಗುತ್ತದೆಡಿ,low
ಎನ್,ಸಾಮಾನ್ಯ,ಎನ್ಸಾಮಾನ್ಯ,low
ಸಾಮಾನ್ಯ,ಸಾಮಾಜಿಕ,ಸಾಮಾನ್ಯಸಾಮಾಜಿಕ,low
ನೆಟ್,ವರ್ಕಿಂಗ್,ನೆಟ್ವರ್ಕಿಂಗ್,low
ವರ್ಕಿಂಗ್,ಸೈಟ್,ವರ್ಕಿಂಗ್ಸೈಟ್,low
ಸೈಟ್,ನಂತೆ,ಸೈಟ್ನಂತೆ,low
ನಂತೆ,ಕಾರ್ಯನಿರ್ವಹಿಸುತ್ತದೆ,ನಂತೆಕಾರ್ಯನಿರ್ವಹಿಸುತ್ತದೆ,low
ಕಾರ್ಯನಿರ್ವಹಿಸುತ್ತದೆ,ಅಲ್ಲಿ,ಕಾರ್ಯನಿರ್ವಹಿಸುತ್ತದೆಅಲ್ಲಿ,low
ಅಲ್ಲಿ,ಸದಸ್ಯರು,ಅಲ್ಲಿಸದಸ್ಯರು,low
ಸದಸ್ಯರು,ಗ್ರಾಹಕೀಯಗೊಳಿಸಬಹುದಾದ,ಸದಸ್ಯರುಗ್ರಾಹಕೀಯಗೊಳಿಸಬಹುದಾದ,low
ಗ್ರಾಹಕೀಯಗೊಳಿಸಬಹುದಾದ,ಪುಟಗಳನ್ನು,ಗ್ರಾಹಕೀಯಗೊಳಿಸಬಹುದಾದಪುಟಗಳನ್ನು,low
ಪುಟಗಳನ್ನು,ಹೊಂದಬಹುದು,ಪುಟಗಳನ್ನುಹೊಂದಬಹುದು,low
ಹೊಂದಬಹುದು,ಸ್ನೇಹಿತರನ್ನು,ಹೊಂದಬಹುದುಸ್ನೇಹಿತರನ್ನು,low
ಸ್ನೇಹಿತರನ್ನು,ಹೊಂದಬಹುದು,ಸ್ನೇಹಿತರನ್ನುಹೊಂದಬಹುದು,low
ಹೊಂದಬಹುದು,ಪೋಸ್ಟ್,ಹೊಂದಬಹುದುಪೋಸ್ಟ್,low
ಪೋಸ್ಟ್,ಗಳನ್ನು,ಪೋಸ್ಟ್ಗಳನ್ನು,low
ಗಳನ್ನು,ಲೈಕ್,ಗಳನ್ನುಲೈಕ್,low
ಲೈಕ್,ಮಾಡಬಹುದು,ಲೈಕ್ಮಾಡಬಹುದು,low
ಮತ್ತು,ವೇದಿಕೆಗಳಲ್ಲಿ,ಮತ್ತುವೇದಿಕೆಗಳಲ್ಲಿ,low
ವೇದಿಕೆಗಳಲ್ಲಿ,ಬ್ಲಾಗ್,ವೇದಿಕೆಗಳಲ್ಲಿಬ್ಲಾಗ್,low
ಬ್ಲಾಗ್,ಮಾಡಬಹುದು,ಬ್ಲಾಗ್ಮಾಡಬಹುದು,low
ಮಾಡಬಹುದು,ಫೇಸ್,ಮಾಡಬಹುದುಫೇಸ್,low
ಬುಕ್,ಮತ್ತು,ಬುಕ್ಮತ್ತು,low
ಇತರ,ಸಾಮಾಜಿಕ,ಇತರಸಾಮಾಜಿಕ,low
ಸಾಮಾಜಿಕ,ಪ್ಲಾಟ್,ಸಾಮಾಜಿಕಪ್ಲಾಟ್,low
ಫಾರ್ಮ್,ಗಳಿಗೆ,ಫಾರ್ಮ್ಗಳಿಗೆ,low
ಗಳಿಗೆ,ಸಂಬಂಧಿಸಿದ,ಗಳಿಗೆಸಂಬಂಧಿಸಿದ,low
ಸಂಬಂಧಿಸಿದ,ಸಮಸ್ಯೆಗಳನ್ನು,ಸಂಬಂಧಿಸಿದಸಮಸ್ಯೆಗಳನ್ನು,low
ಸಮಸ್ಯೆಗಳನ್ನು,ಪರಿಹರಿಸಲು,ಸಮಸ್ಯೆಗಳನ್ನುಪರಿಹರಿಸಲು,low
ಪರಿಹರಿಸಲು,ಮತ್ತು,ಪರಿಹರಿಸಲುಮತ್ತು,low
ಮತ್ತು,ವರ್ಲ್ಡ್,ಮತ್ತುವರ್ಲ್ಡ್,low
ಎಲ್ಲಾ,ಕ್ಷೇತ್ರಗಳಲ್ಲಿ,ಎಲ್ಲಾಕ್ಷೇತ್ರಗಳಲ್ಲಿ,low
ಕ್ಷೇತ್ರಗಳಲ್ಲಿ,ತಮ್ಮ,ಕ್ಷೇತ್ರಗಳಲ್ಲಿತಮ್ಮ,low
ತಮ್ಮ,ಸೇವೆಯನ್ನು,ತಮ್ಮಸೇವೆಯನ್ನು,low
ಸೇವೆಯನ್ನು,ಮುಂದುವರಿಸಲು,ಸೇವೆಯನ್ನುಮುಂದುವರಿಸಲು,low
ಮುಂದುವರಿಸಲು,ತಮ್ಮ,ಮುಂದುವರಿಸಲುತಮ್ಮ,low
ತಮ್ಮ,ವೆಬ್,ತಮ್ಮವೆಬ್,low
ಗಳ,ಡಾರ್ಕ್,ಗಳಡಾರ್ಕ್,low
ವೆಬ್,ಆವೃತ್ತಿಗಳನ್ನು,ವೆಬ್ಆವೃತ್ತಿಗಳನ್ನು,low
ಆವೃತ್ತಿಗಳನ್ನು,ಮಾಡಲು,ಆವೃತ್ತಿಗಳನ್ನುಮಾಡಲು,low
ಮಾಡಲು,ಪ್ರಾರಂಭಿಸಿವೆ,ಮಾಡಲುಪ್ರಾರಂಭಿಸಿವೆ,low
ಪ್ರಾರಂಭಿಸಿವೆ,ಫೇಸ್,ಪ್ರಾರಂಭಿಸಿವೆಫೇಸ್,low
ಬುಕ್,ಗಿಂತ,ಬುಕ್ಗಿಂತ,low
ಗಿಂತ,ಭಿನ್ನವಾಗಿ,ಗಿಂತಭಿನ್ನವಾಗಿ,low
ಭಿನ್ನವಾಗಿ,ಡಿ,ಭಿನ್ನವಾಗಿಡಿ,low
ಗೌಪ್ಯತೆ,ನೀತಿಯ,ಗೌಪ್ಯತೆನೀತಿಯ,low
ನೀತಿಯ,ಪ್ರಕಾರ,ನೀತಿಯಪ್ರಕಾರ,low
ಪ್ರಕಾರ,ಸದಸ್ಯರು,ಪ್ರಕಾರಸದಸ್ಯರು,low
ಸದಸ್ಯರು,ಸಂಪೂರ್ಣವಾಗಿ,ಸದಸ್ಯರುಸಂಪೂರ್ಣವಾಗಿ,low
ಸಂಪೂರ್ಣವಾಗಿ,ಯಾವುದೇ,ಸಂಪೂರ್ಣವಾಗಿಯಾವುದೇ,low
ಯಾವುದೇ,ವೈಯಕ್ತಿಕ,ಯಾವುದೇವೈಯಕ್ತಿಕ,low
ವೈಯಕ್ತಿಕ,ಮಾಹಿತಿಯನ್ನು,ವೈಯಕ್ತಿಕಮಾಹಿತಿಯನ್ನು,low
ಮಾಹಿತಿಯನ್ನು,ಬಹಿರಂಗಪಡಿಸಬಾರದು,ಮಾಹಿತಿಯನ್ನುಬಹಿರಂಗಪಡಿಸಬಾರದು,low
ಬಹಿರಂಗಪಡಿಸಬಾರದು,ಮತ್ತು,ಬಹಿರಂಗಪಡಿಸಬಾರದುಮತ್ತು,low
ಮತ್ತು,ಅನಾಮಧೇಯರಾಗಿ,ಮತ್ತುಅನಾಮಧೇಯರಾಗಿ,low
ಅನಾಮಧೇಯರಾಗಿ,ಉಳಿಯಬೇಕು,ಅನಾಮಧೇಯರಾಗಿಉಳಿಯಬೇಕು,low
ಉಳಿಯಬೇಕು,ವಂಚನೆಗಳು,ಉಳಿಯಬೇಕುವಂಚನೆಗಳು,low
ವಂಚನೆಗಳು,ಮತ್ತು,ವಂಚನೆಗಳುಮತ್ತು,low
ಮತ್ತು,ಪರಿಶೀಲಿಸದ,ಮತ್ತುಪರಿಶೀಲಿಸದ,low
ಪರಿಶೀಲಿಸದ,ವಿಷಯ,ಪರಿಶೀಲಿಸದವಿಷಯ,low
ವಿಷಯ,ಕ್ರೌಡ್,ವಿಷಯಕ್ರೌಡ್,low
ಕ್ರೌಡ್,ಫಂಡ್,ಕ್ರೌಡ್ಫಂಡ್,low
ಫಂಡ್,ಮಾಡಿದ,ಫಂಡ್ಮಾಡಿದ,low
ಮಾಡಿದ,ಹತ್ಯೆಗಳು,ಮಾಡಿದಹತ್ಯೆಗಳು,low
ಹತ್ಯೆಗಳು,ಮತ್ತು,ಹತ್ಯೆಗಳುಮತ್ತು,low
ಮತ್ತು,ಹಿಟ್,ಮತ್ತುಹಿಟ್,low
ಹಿಟ್,ಮೆನ್,ಹಿಟ್ಮೆನ್,low
ಮೆನ್,ಗಳನ್ನು,ಮೆನ್ಗಳನ್ನು,low
ಗಳನ್ನು,ಬಾಡಿಗೆಗೆ,ಗಳನ್ನುಬಾಡಿಗೆಗೆ,low
ಬಾಡಿಗೆಗೆ,ಪಡೆದ,ಬಾಡಿಗೆಗೆಪಡೆದ,low
ಪಡೆದ,ವರದಿಗಳಿವೆ,ಪಡೆದವರದಿಗಳಿವೆ,low
ವರದಿಗಳಿವೆ,ಆದಾಗ್ಯೂ,ವರದಿಗಳಿವೆಆದಾಗ್ಯೂ,low
ಆದಾಗ್ಯೂ,ಇವುಗಳು,ಆದಾಗ್ಯೂಇವುಗಳು,low
ಇವುಗಳು,ಕೇವಲ,ಇವುಗಳುಕೇವಲ,low
ಕೇವಲ,ವಂಚನೆಗಳು,ಕೇವಲವಂಚನೆಗಳು,low
ವಂಚನೆಗಳು,ಎಂದು,ವಂಚನೆಗಳುಎಂದು,low
ಎಂದು,ನಂಬಲಾಗಿದೆ,ಎಂದುನಂಬಲಾಗಿದೆ,low
ನಂಬಲಾಗಿದೆ,ಸಿಲ್ಕ್,ನಂಬಲಾಗಿದೆಸಿಲ್ಕ್,low
ಸೃಷ್ಟಿಕರ್ತ,ರಾಸ್,ಸೃಷ್ಟಿಕರ್ತರಾಸ್,low
ರಾಸ್,ಉಲ್ಬ್ರಿಚ್ಟ್,ರಾಸ್ಉಲ್ಬ್ರಿಚ್ಟ್,low
ಉಲ್ಬ್ರಿಚ್ಟ್,ಅವರನ್ನು,ಉಲ್ಬ್ರಿಚ್ಟ್ಅವರನ್ನು,low
ಅವರನ್ನು,ಹೋಮ್,ಅವರನ್ನುಹೋಮ್,low
ಹೋಮ್,ಲ್ಯಾಂಡ್,ಹೋಮ್ಲ್ಯಾಂಡ್,low
ಲ್ಯಾಂಡ್,ಸೆಕ್ಯುರಿಟಿ,ಲ್ಯಾಂಡ್ಸೆಕ್ಯುರಿಟಿ,low
ಸೆಕ್ಯುರಿಟಿ,ಇನ್ವೆಸ್ಟಿಗೇಷನ್ಸ್,ಸೆಕ್ಯುರಿಟಿಇನ್ವೆಸ್ಟಿಗೇಷನ್ಸ್,low
ಇನ್ವೆಸ್ಟಿಗೇಷನ್ಸ್,ಎಚ್,ಇನ್ವೆಸ್ಟಿಗೇಷನ್ಸ್ಎಚ್,low
ಎಚ್,ಎಸ್,ಎಚ್ಎಸ್,low
ಅವರ,ಸೈಟ್,ಅವರಸೈಟ್,low
ಸೈಟ್,ಗಾಗಿ,ಸೈಟ್ಗಾಗಿ,low
ಗಾಗಿ,ಮತ್ತು,ಗಾಗಿಮತ್ತು,low
ಮತ್ತು,ಆರು,ಮತ್ತುಆರು,low
ಆರು,ಜನರನ್ನು,ಆರುಜನರನ್ನು,low
ಜನರನ್ನು,ಕೊಲ್ಲಲು,ಜನರನ್ನುಕೊಲ್ಲಲು,low
ಕೊಲ್ಲಲು,ಹಿಟ್,ಕೊಲ್ಲಲುಹಿಟ್,low
ಹಿಟ್,ಮ್ಯಾನ್,ಹಿಟ್ಮ್ಯಾನ್,low
ಮ್ಯಾನ್,ಅನ್ನು,ಮ್ಯಾನ್ಅನ್ನು,low
ಅನ್ನು,ನೇಮಿಸಿಕೊಂಡ,ಅನ್ನುನೇಮಿಸಿಕೊಂಡ,low
ನೇಮಿಸಿಕೊಂಡ,ಆರೋಪದ,ನೇಮಿಸಿಕೊಂಡಆರೋಪದ,low
ಆರೋಪದ,ಮೇಲೆ,ಆರೋಪದಮೇಲೆ,low
ಮೇಲೆ,ಬಂಧಿಸಿತು,ಮೇಲೆಬಂಧಿಸಿತು,low
ಬಂಧಿಸಿತು,ಆದರೆ,ಬಂಧಿಸಿತುಆದರೆ,low
ಆದರೆ,ನಂತರ,ಆದರೆನಂತರ,low
ನಂತರ,ಆರೋಪಗಳನ್ನು,ನಂತರಆರೋಪಗಳನ್ನು,low
ಆರೋಪಗಳನ್ನು,ಕೈಬಿಡಲಾಯಿತು,ಆರೋಪಗಳನ್ನುಕೈಬಿಡಲಾಯಿತು,low
ಕೈಬಿಡಲಾಯಿತು,ಡಾರ್ಕ್,ಕೈಬಿಡಲಾಯಿತುಡಾರ್ಕ್,low
ನಲ್ಲಿ,ನೇರ,ನಲ್ಲಿನೇರ,low
ನೇರ,ಕೊಲೆಯನ್ನು,ನೇರಕೊಲೆಯನ್ನು,low
ಕೊಲೆಯನ್ನು,ಕಾಣಬಹುದು,ಕೊಲೆಯನ್ನುಕಾಣಬಹುದು,low
ಕಾಣಬಹುದು,ಎಂಬ,ಕಾಣಬಹುದುಎಂಬ,low
ಎಂಬ,ನಗರ,ಎಂಬನಗರ,low
ನಗರ,ದಂತಕಥೆ,ನಗರದಂತಕಥೆ,low
ದಂತಕಥೆ,ಇದೆ,ದಂತಕಥೆಇದೆ,low
ಇದೆ,ರೆಡ್,ಇದೆರೆಡ್,low
ರೆಡ್,ರೂಮ್,ರೆಡ್ರೂಮ್,low
ರೂಮ್,ಎಂಬ,ರೂಮ್ಎಂಬ,low
ಪದವನ್ನು,ಜಪಾನಿನ,ಪದವನ್ನುಜಪಾನಿನ,low
ಜಪಾನಿನ,ಅನಿಮೇಷನ್,ಜಪಾನಿನಅನಿಮೇಷನ್,low
ಅನಿಮೇಷನ್,ಮತ್ತು,ಅನಿಮೇಷನ್ಮತ್ತು,low
ಮತ್ತು,ಅದೇ,ಮತ್ತುಅದೇ,low
ಅದೇ,ಹೆಸರಿನ,ಅದೇಹೆಸರಿನ,low
ಹೆಸರಿನ,ನಗರ,ಹೆಸರಿನನಗರ,low
ನಗರ,ದಂತಕಥೆಯ,ನಗರದಂತಕಥೆಯ,low
ದಂತಕಥೆಯ,ಆಧಾರದ,ದಂತಕಥೆಯಆಧಾರದ,low
ಮೇಲೆ,ರಚಿಸಲಾಗಿದೆ,ಮೇಲೆರಚಿಸಲಾಗಿದೆ,low
ರಚಿಸಲಾಗಿದೆ,ಆದಾಗ್ಯೂ,ರಚಿಸಲಾಗಿದೆಆದಾಗ್ಯೂ,low
ಆದಾಗ್ಯೂ,ಪುರಾವೆಗಳು,ಆದಾಗ್ಯೂಪುರಾವೆಗಳು,low
ಪುರಾವೆಗಳು,ಎಲ್ಲಾ,ಪುರಾವೆಗಳುಎಲ್ಲಾ,low
ಎಲ್ಲಾ,ವರದಿಯಾದ,ಎಲ್ಲಾವರದಿಯಾದ,low
ವರದಿಯಾದ,ನಿದರ್ಶನಗಳನ್ನು,ವರದಿಯಾದನಿದರ್ಶನಗಳನ್ನು,low
ನಿದರ್ಶನಗಳನ್ನು,ನೆಪಗಳಾಗಿಸಿವೆ,ನಿದರ್ಶನಗಳನ್ನುನೆಪಗಳಾಗಿಸಿವೆ,low
ನೆಪಗಳಾಗಿಸಿವೆ,೨೦೧೫,ನೆಪಗಳಾಗಿಸಿವೆ೨೦೧೫,low
ಜೂನ್,೨೫,ಜೂನ್೨೫,low
೨೫,ರಂದು,೨೫ರಂದು,low
ರಂದು,ಇಂಡೀ,ರಂದುಇಂಡೀ,low
ಇಂಡೀ,ಗೇಮ್,ಇಂಡೀಗೇಮ್,low
ಗೇಮ್,ಸ್ಯಾಡ್,ಗೇಮ್ಸ್ಯಾಡ್,low
ಸ್ಯಾಡ್,ಸೈತಾನ್,ಸ್ಯಾಡ್ಸೈತಾನ್,low
ಸೈತಾನ್,ಅನ್ನು,ಸೈತಾನ್ಅನ್ನು,low
ಅನ್ನು,ಯೂಟ್ಯೂಬರ್ಸ್,ಅನ್ನುಯೂಟ್ಯೂಬರ್ಸ್,low
ಯೂಟ್ಯೂಬರ್ಸ್,ಅಬ್,ಯೂಟ್ಯೂಬರ್ಸ್ಅಬ್,low
ಅಬ್,ಸ್ಕ್ಯೂರ್,ಅಬ್ಸ್ಕ್ಯೂರ್,low
ಸ್ಕ್ಯೂರ್,ಹಾರರ್,ಸ್ಕ್ಯೂರ್ಹಾರರ್,low
ಹಾರರ್,ಕಾರ್ನರ್,ಹಾರರ್ಕಾರ್ನರ್,low
ಕಾರ್ನರ್,ಅವರು,ಕಾರ್ನರ್ಅವರು,low
ಅವರು,ಡಾರ್ಕ್,ಅವರುಡಾರ್ಕ್,low
ಮೂಲಕ,ಕಂಡುಕೊಂಡಿದ್ದಾರೆ,ಮೂಲಕಕಂಡುಕೊಂಡಿದ್ದಾರೆ,low
ಕಂಡುಕೊಂಡಿದ್ದಾರೆ,ಎಂದು,ಕಂಡುಕೊಂಡಿದ್ದಾರೆಎಂದು,low
ಎಂದು,ವಿಮರ್ಶಿಸಿದ್ದಾರೆ,ಎಂದುವಿಮರ್ಶಿಸಿದ್ದಾರೆ,low
ವಿಮರ್ಶಿಸಿದ್ದಾರೆ,ಚಾನೆಲ್,ವಿಮರ್ಶಿಸಿದ್ದಾರೆಚಾನೆಲ್,low
ವರದಿಯಲ್ಲಿನ,ವಿವಿಧ,ವರದಿಯಲ್ಲಿನವಿವಿಧ,low
ವಿವಿಧ,ಅಸಂಗತತೆಗಳು,ವಿವಿಧಅಸಂಗತತೆಗಳು,low
ಅಸಂಗತತೆಗಳು,ವರದಿಯಾದ,ಅಸಂಗತತೆಗಳುವರದಿಯಾದ,low
ವರದಿಯಾದ,ಈವೆಂಟ್,ವರದಿಯಾದಈವೆಂಟ್,low
ಈವೆಂಟ್,ಗಳ,ಈವೆಂಟ್ಗಳ,low
ಗಳ,ಆವೃತ್ತಿಯ,ಗಳಆವೃತ್ತಿಯ,low
ಆವೃತ್ತಿಯ,ಮೇಲೆ,ಆವೃತ್ತಿಯಮೇಲೆ,low
ಮೇಲೆ,ಅನುಮಾನ,ಮೇಲೆಅನುಮಾನ,low
ಅನುಮಾನ,ಮೂಡಿಸುತ್ತವೆ,ಅನುಮಾನಮೂಡಿಸುತ್ತವೆ,low
ಮೂಡಿಸುತ್ತವೆ,ಡೀಪ್,ಮೂಡಿಸುತ್ತವೆಡೀಪ್,low
ವೆಬ್,ಮತ್ತು,ವೆಬ್ಮತ್ತು,low
ಅನ್ನು,ಅಪಾಯದ,ಅನ್ನುಅಪಾಯದ,low
ಅಪಾಯದ,ಬುದ್ಧಿಮತ್ತೆಗಾಗಿ,ಅಪಾಯದಬುದ್ಧಿಮತ್ತೆಗಾಗಿ,low
ಬುದ್ಧಿಮತ್ತೆಗಾಗಿ,ವಿಶ್ಲೇಷಿಸುವ,ಬುದ್ಧಿಮತ್ತೆಗಾಗಿವಿಶ್ಲೇಷಿಸುವ,low
ವಿಶ್ಲೇಷಿಸುವ,ಮತ್ತು,ವಿಶ್ಲೇಷಿಸುವಮತ್ತು,low
ಮತ್ತು,ಮೇಲ್ವಿಚಾರಣೆ,ಮತ್ತುಮೇಲ್ವಿಚಾರಣೆ,low
ಮಾಡುವ,ಹಲವಾರು,ಮಾಡುವಹಲವಾರು,low
ಹಲವಾರು,ವೆಬ್,ಹಲವಾರುವೆಬ್,low
ಗಳಿವೆ,ಡಾರ್ಕ್,ಗಳಿವೆಡಾರ್ಕ್,low
ವೆಬ್,ಪೋಲೀಸಿಂಗ್,ವೆಬ್ಪೋಲೀಸಿಂಗ್,low
ಪೋಲೀಸಿಂಗ್,ಡಾರ್ಕ್,ಪೋಲೀಸಿಂಗ್ಡಾರ್ಕ್,low
ವೆಬ್,ಸ್ವಾತಂತ್ರ್ಯ,ವೆಬ್ಸ್ವಾತಂತ್ರ್ಯ,low
ಸ್ವಾತಂತ್ರ್ಯ,ಗೌಪ್ಯತೆ,ಸ್ವಾತಂತ್ರ್ಯಗೌಪ್ಯತೆ,low
ಗೌಪ್ಯತೆ,ಅನಾಮಧೇಯತೆ,ಗೌಪ್ಯತೆಅನಾಮಧೇಯತೆ,low
ಅನಾಮಧೇಯತೆ,ನಂತಹ,ಅನಾಮಧೇಯತೆನಂತಹ,low
ನಂತಹ,ನಾಗರಿಕ,ನಂತಹನಾಗರಿಕ,low
ನಾಗರಿಕ,ಸ್ವಾತಂತ್ರ್ಯಗಳನ್ನು,ನಾಗರಿಕಸ್ವಾತಂತ್ರ್ಯಗಳನ್ನು,low
ಸ್ವಾತಂತ್ರ್ಯಗಳನ್ನು,ಉತ್ತೇಜಿಸುತ್ತದೆ,ಸ್ವಾತಂತ್ರ್ಯಗಳನ್ನುಉತ್ತೇಜಿಸುತ್ತದೆ,low
ಉತ್ತೇಜಿಸುತ್ತದೆ,ಎಂಬ,ಉತ್ತೇಜಿಸುತ್ತದೆಎಂಬ,low
ಎಂಬ,ವಾದಗಳಿವೆ,ಎಂಬವಾದಗಳಿವೆ,low
ವಾದಗಳಿವೆ,ಕೆಲವು,ವಾದಗಳಿವೆಕೆಲವು,low
ಕೆಲವು,ಪ್ರಾಸಿಕ್ಯೂಟರ್,ಕೆಲವುಪ್ರಾಸಿಕ್ಯೂಟರ್,low
ಪ್ರಾಸಿಕ್ಯೂಟರ್,ಗಳು,ಪ್ರಾಸಿಕ್ಯೂಟರ್ಗಳು,low
ಮತ್ತು,ಸರ್ಕಾರಿ,ಮತ್ತುಸರ್ಕಾರಿ,low
ಸರ್ಕಾರಿ,ಏಜೆನ್ಸಿಗಳು,ಸರ್ಕಾರಿಏಜೆನ್ಸಿಗಳು,low
ಏಜೆನ್ಸಿಗಳು,ಇದು,ಏಜೆನ್ಸಿಗಳುಇದು,low
ಇದು,ಅಪರಾಧ,ಇದುಅಪರಾಧ,low
ಅಪರಾಧ,ಚಟುವಟಿಕೆಗಳಿಗೆ,ಅಪರಾಧಚಟುವಟಿಕೆಗಳಿಗೆ,low
ಚಟುವಟಿಕೆಗಳಿಗೆ,ಸ್ವರ್ಗವಾಗಿದೆ,ಚಟುವಟಿಕೆಗಳಿಗೆಸ್ವರ್ಗವಾಗಿದೆ,low
ಸ್ವರ್ಗವಾಗಿದೆ,ಎಂದು,ಸ್ವರ್ಗವಾಗಿದೆಎಂದು,low
ಎಂದು,ಕಳವಳ,ಎಂದುಕಳವಳ,low
ಕಳವಳ,ವ್ಯಕ್ತಪಡಿಸಿದ್ದಾರೆ,ಕಳವಳವ್ಯಕ್ತಪಡಿಸಿದ್ದಾರೆ,low
ವ್ಯಕ್ತಪಡಿಸಿದ್ದಾರೆ,ಡೀಪ್,ವ್ಯಕ್ತಪಡಿಸಿದ್ದಾರೆಡೀಪ್,low
ಡೀಪ್,ಮತ್ತು,ಡೀಪ್ಮತ್ತು,low
ವೆಬ್,ಗೌಪ್ಯತೆ,ವೆಬ್ಗೌಪ್ಯತೆ,low
ಗೌಪ್ಯತೆ,ಮತ್ತು,ಗೌಪ್ಯತೆಮತ್ತು,low
ಅನಾಮಧೇಯತೆಯನ್ನು,ಒದಗಿಸಲು,ಅನಾಮಧೇಯತೆಯನ್ನುಒದಗಿಸಲು,low
ಒದಗಿಸಲು,ಸಮಗ್ರ,ಒದಗಿಸಲುಸಮಗ್ರ,low
ಸಮಗ್ರ,ಇಂಟರ್ನೆಟ್,ಸಮಗ್ರಇಂಟರ್ನೆಟ್,low
ಇಂಟರ್ನೆಟ್,ವೈಶಿಷ್ಟ್ಯಗಳ,ಇಂಟರ್ನೆಟ್ವೈಶಿಷ್ಟ್ಯಗಳ,low
ವೈಶಿಷ್ಟ್ಯಗಳ,ಅಪ್ಲಿಕೇಶನ್,ವೈಶಿಷ್ಟ್ಯಗಳಅಪ್ಲಿಕೇಶನ್,low
ಅಪ್ಲಿಕೇಶನ್,ಗಳಾಗಿವೆ,ಅಪ್ಲಿಕೇಶನ್ಗಳಾಗಿವೆ,low
ಗಳಾಗಿವೆ,ಕಾನೂನುಬಾಹಿರ,ಗಳಾಗಿವೆಕಾನೂನುಬಾಹಿರ,low
ಕಾನೂನುಬಾಹಿರ,ಅಥವಾ,ಕಾನೂನುಬಾಹಿರಅಥವಾ,low
ಅಥವಾ,ಇಂಟರ್ನೆಟ್,ಅಥವಾಇಂಟರ್ನೆಟ್,low
ಇಂಟರ್ನೆಟ್,ಸೆನ್ಸರ್,ಇಂಟರ್ನೆಟ್ಸೆನ್ಸರ್,low
ಸೆನ್ಸರ್,ಶಿಪ್,ಸೆನ್ಸರ್ಶಿಪ್,low
ಶಿಪ್,ಗೆ,ಶಿಪ್ಗೆ,low
ಗೆ,ಒಳಪಟ್ಟಿರುವ,ಗೆಒಳಪಟ್ಟಿರುವ,low
ಒಳಪಟ್ಟಿರುವ,ಖಾಸಗಿ,ಒಳಪಟ್ಟಿರುವಖಾಸಗಿ,low
ಖಾಸಗಿ,ವೆಬ್,ಖಾಸಗಿವೆಬ್,low
ನಿರ್ದಿಷ್ಟ,ಚಟುವಟಿಕೆಗಳನ್ನು,ನಿರ್ದಿಷ್ಟಚಟುವಟಿಕೆಗಳನ್ನು,low
ಚಟುವಟಿಕೆಗಳನ್ನು,ಗುರಿಯಾಗಿಸುವುದು,ಚಟುವಟಿಕೆಗಳನ್ನುಗುರಿಯಾಗಿಸುವುದು,low
ಗುರಿಯಾಗಿಸುವುದು,ಪೋಲೀಸಿಂಗ್,ಗುರಿಯಾಗಿಸುವುದುಪೋಲೀಸಿಂಗ್,low
ಪೋಲೀಸಿಂಗ್,ಅನ್ನು,ಪೋಲೀಸಿಂಗ್ಅನ್ನು,low
ಅನ್ನು,ಒಳಗೊಂಡಿರುತ್ತದೆ,ಅನ್ನುಒಳಗೊಂಡಿರುತ್ತದೆ,low
ಒಳಗೊಂಡಿರುತ್ತದೆ,ಆನ್,ಒಳಗೊಂಡಿರುತ್ತದೆಆನ್,low
ಲೈನ್,ಶಂಕಿತರನ್ನು,ಲೈನ್ಶಂಕಿತರನ್ನು,low
ಶಂಕಿತರನ್ನು,ತನಿಖೆ,ಶಂಕಿತರನ್ನುತನಿಖೆ,low
ತನಿಖೆ,ಮಾಡುವಾಗ,ತನಿಖೆಮಾಡುವಾಗ,low
ಮಾಡುವಾಗ,ಪೊಲೀಸರು,ಮಾಡುವಾಗಪೊಲೀಸರು,low
ಪೊಲೀಸರು,ಸಾಮಾನ್ಯವಾಗಿ,ಪೊಲೀಸರುಸಾಮಾನ್ಯವಾಗಿ,low
ಸಾಮಾನ್ಯವಾಗಿ,ವ್ಯಕ್ತಿಯ,ಸಾಮಾನ್ಯವಾಗಿವ್ಯಕ್ತಿಯ,low
ವ್ಯಕ್ತಿಯ,ಐಪಿ,ವ್ಯಕ್ತಿಯಐಪಿ,low
ಐಪಿ,ಇಂಟರ್ನೆಟ್,ಐಪಿಇಂಟರ್ನೆಟ್,low
ಇಂಟರ್ನೆಟ್,ಪ್ರೋಟೋಕಾಲ್,ಇಂಟರ್ನೆಟ್ಪ್ರೋಟೋಕಾಲ್,low
ಪ್ರೋಟೋಕಾಲ್,ವಿಳಾಸವನ್ನು,ಪ್ರೋಟೋಕಾಲ್ವಿಳಾಸವನ್ನು,low
ವಿಳಾಸವನ್ನು,ಬಳಸುತ್ತಾರೆ,ವಿಳಾಸವನ್ನುಬಳಸುತ್ತಾರೆ,low
ಬಳಸುತ್ತಾರೆ,ಆದಾಗ್ಯೂ,ಬಳಸುತ್ತಾರೆಆದಾಗ್ಯೂ,low
ಆದಾಗ್ಯೂ,ಟಾರ್,ಆದಾಗ್ಯೂಟಾರ್,low
ಗಳು,ಅನಾಮಧೇಯತೆಯನ್ನು,ಗಳುಅನಾಮಧೇಯತೆಯನ್ನು,low
ಅನಾಮಧೇಯತೆಯನ್ನು,ಸೃಷ್ಟಿಸುವುದರಿಂದ,ಅನಾಮಧೇಯತೆಯನ್ನುಸೃಷ್ಟಿಸುವುದರಿಂದ,low
ಸೃಷ್ಟಿಸುವುದರಿಂದ,ಇದು,ಸೃಷ್ಟಿಸುವುದರಿಂದಇದು,low
ಇದು,ಅಸಾಧ್ಯವಾದ,ಇದುಅಸಾಧ್ಯವಾದ,low
ಅಸಾಧ್ಯವಾದ,ತಂತ್ರವಾಗಿದೆ,ಅಸಾಧ್ಯವಾದತಂತ್ರವಾಗಿದೆ,low
ತಂತ್ರವಾಗಿದೆ,ಇದರ,ತಂತ್ರವಾಗಿದೆಇದರ,low
ಇದರ,ಪರಿಣಾಮವಾಗಿ,ಇದರಪರಿಣಾಮವಾಗಿ,low
ಪರಿಣಾಮವಾಗಿ,ಡಾರ್ಕ್,ಪರಿಣಾಮವಾಗಿಡಾರ್ಕ್,low
ನಲ್ಲಿ,ಕಾನೂನುಬಾಹಿರ,ನಲ್ಲಿಕಾನೂನುಬಾಹಿರ,low
ಕಾನೂನುಬಾಹಿರ,ಚಟುವಟಿಕೆಯಲ್ಲಿ,ಕಾನೂನುಬಾಹಿರಚಟುವಟಿಕೆಯಲ್ಲಿ,low
ಚಟುವಟಿಕೆಯಲ್ಲಿ,ತೊಡಗಿರುವವರನ್ನು,ಚಟುವಟಿಕೆಯಲ್ಲಿತೊಡಗಿರುವವರನ್ನು,low
