word,meaning,word_type,last_sound,can_combine
ಆದಿ,,,ಿ,yes
ಬುರ್ಜೋರ್ಜಿ,,,ಿ,yes
ಗೋದ್ರೇಜ್,,,್,yes
ಜನನ,,,ನ,yes
ಏಪ್ರಿಲ್,,,್,yes
ಒಬ್ಬ,,,ಬ,yes
ಭಾರತೀಯ,,,ಯ,yes
ಬಿಲಿಯನೇರ್,,,್,yes
ಉದ್ಯಮಿ,,,ಿ,yes
ಮತ್ತು,,,ು,yes
ಕೈಗಾರಿಕೋದ್ಯಮಿ,,,ಿ,yes
ಇವರು,,,ು,yes
ಕುಟುಂಬದ,,,ದ,yes
ಮುಖ್ಯಸ್ಥ,,,ಥ,yes
ಗ್ರೂಪ್,,,್,yes
ಅಧ್ಯಕ್ಷರು,,,ು,yes
ಅಕ್ಟೋಬರ್,,,್,yes
ಹೊತ್ತಿಗೆ,,,ೆ,yes
ಯುಎಸ್,,,್,yes
ಬಿಲಿಯನ್,,,್,yes
ನಿವ್ವಳ,,,ಳ,yes
ಮೌಲ್ಯವನ್ನು,,,ು,yes
ಹೊಂದಿದ್ದರು,,,ು,yes
ಆರಂಭಿಕ,,,ಕ,yes
ಜೀವನ,,,ನ,yes
ಅವರು,,,ು,yes
ತಮ್ಮ,,,ಮ,yes
ಶಿಕ್ಷಣವನ್ನು,,,ು,yes
ಸೇಂಟ್,,,್,yes
ಕ್ಸೇವಿಯರ್ಸ್,,,್,yes
ಹೈಸ್ಕೂಲ್,,,್,yes
ಕ್ಸೇವಿಯರ್,,,್,yes
ಕಾಲೇಜು,,,ು,yes
ಮುಂಬೈನಲ್ಲಿ,,,ಿ,yes
ಪೂರ್ಣಗೊಳಿಸಿದರು,,,ು,yes
ಎಚ್ಎಲ್,,,್,yes
ಕಾಲೇಜಿನಲ್ಲಿ,,,ಿ,yes
ಪದವಿ,,,ಿ,yes
ಪದವಿಪೂರ್ವ,,,ವ,yes
ಪಡೆದರು,,,ು,yes
ಎಂಐಟಿ,,,ಿ,yes
ಸ್ಲೋನ್,,,್,yes
ಸ್ಕೂಲ್,,,್,yes
ಆಫ್,,,್,yes
ಮ್ಯಾನೇಜ್,,,್,yes
ಮೆಂಟ್,,,್,yes
ನಲ್ಲಿ,,,ಿ,yes
ಎಂಬಿಎ,,,ಎ,yes
ಪದವಿಗಳಿಸಿದರು,,,ು,yes
ಅಲ್ಲಿ,,,ಿ,yes
ಪೈ,,,ೈ,yes
ಲ್ಯಾಂಬ್ಡಾ,,,ಾ,yes
ಫಿ,,,ಿ,yes
ಫ್ರಾಟರ್ನಿಟಿ,,,ಿ,yes
ಟೌ,,,ೌ,yes
ಬೀಟಾ,,,ಾ,yes
ಪೈಯಲ್ಲಿ,,,ಿ,yes
ಸದಸ್ಯರಾಗಿದ್ದರು,,,ು,yes
ವೃತ್ತಿ,,,ಿ,yes
ಭಾರತಕ್ಕೆ,,,ೆ,yes
ಹಿಂದಿರುಗಿದ,,,ದ,yes
ನಂತರ,,,ರ,yes
ವ್ಯವಹಾರಕ್ಕೆ,,,ೆ,yes
ಸೇರಿ,,,ಿ,yes
ನಿರ್ವಹಣಾ,,,ಾ,yes
ರಚನೆಯನ್ನು,,,ು,yes
ಆಧುನೀಕರಿಸಿದರು,,,ು,yes
ಪ್ರಕ್ರಿಯೆ,,,ೆ,yes
ಸುಧಾರಣೆಗಳನ್ನು,,,ು,yes
ಜಾರಿಗೆ,,,ೆ,yes
ತಂದರು,,,ು,yes
ಇಂಡಸ್ಟ್ರೀಸ್,,,್,yes
ಬ್ರದರ್,,,್,yes
ಮ್ಯಾನೇಜಿಂಗ್,,,್,yes
ಡೈರೆಕ್ಟರ್,,,್,yes
ಅಗ್ರೋವೆಟ್,,,್,yes
ಅಧ್ಯಕ್ಷರಾದ,,,ದ,yes
ನಾದಿರ್,,,್,yes
ಅವರ,,,ರ,yes
ಸೋದರಸಂಬಂಧಿ,,,ಿ,yes
ರಲ್ಲಿ,,,ಿ,yes
ಹಿಡುವಳಿ,,,ಿ,yes
ಕಂಪನಿಯಾದ,,,ದ,yes
ಅಧ್ಯಕ್ಷ,,,ಷ,yes
ಸ್ಥಾನದಿಂದ,,,ದ,yes
ಕೆಳಗಿಳಿಯುವ,,,ವ,yes
ಯೋಜನೆಯನ್ನು,,,ು,yes
ಪ್ರಕಟಿಸಿದರು,,,ು,yes
ಜಿಐಎಲ್,,,್,yes
ಗೌರವಾನ್ವಿತ,,,ತ,yes
ಅಧ್ಯಕ್ಷರಾಗಿ,,,ಿ,yes
ಮುಂದುವರಿಯುತ್ತಾರೆ,,,ೆ,yes
ಹಲವಾರು,,,ು,yes
ವ್ಯಾಪಾರ,,,ರ,yes
ಕೈಗಾರಿಕಾ,,,ಾ,yes
ಸಂಸ್ಥೆ,,,ೆ,yes
ಸಂಘಗಳ,,,ಳ,yes
ಅಧ್ಯಕ್ಷರಾಗಿದ್ದಾರೆ,,,ೆ,yes
ರಿಂದ,,,ದ,yes
ರವರೆಗೆ,,,ೆ,yes
ಇಂಡಿಯನ್,,,್,yes
ಬ್ಯುಸಿನೆಸ್,,,್,yes
ಅಧ್ಯಕ್ಷರಾಗಿದ್ದರು,,,ು,yes
ಒಕ್ಕೂಟದ,,,ದ,yes
ಆಯ್ಕೆಯಾದರು,,,ು,yes
ಕಂಪನಿಯ,,,ಯ,yes
ಶೇಕಡಾ,,,ಾ,yes
ಇಪ್ಪತ್ತೈದರಷ್ಟು,,,ು,yes
ಷೇರುಗಳು,,,ು,yes
ಪಿರೋಜ್ಶಾ,,,ಾ,yes
ಫೌಂಡೇಶನ್,,,್,yes
ಸೂನಾಬಾಯಿ,,,ಿ,yes
ಮೆಮೋರಿಯಲ್,,,್,yes
ಟ್ರಸ್ಟ್,,,್,yes
ಅನ್ನು,,,ು,yes
ಒಳಗೊಂಡಿರುವ,,,ವ,yes
ಗಳಲ್ಲಿವೆ,,,ೆ,yes
ವೈಯಕ್ತಿಕ,,,ಕ,yes
ಸಮಾಜವಾದಿ,,,ಿ,yes
ಲೋಕೋಪಕಾರಿ,,,ಿ,yes
ಪರಮೇಶ್ವರ್,,,್,yes
ಅವರನ್ನು,,,ು,yes
ವಿವಾಹವಾದರು,,,ು,yes
ಮೂರು,,,ು,yes
ಮಕ್ಕಳನ್ನು,,,ು,yes
ದಕ್ಷಿಣ,,,ಣ,yes
ಮುಂಬೈನ,,,ನ,yes
ಮಲಬಾರ್,,,್,yes
ಹಿಲ್,,,್,yes
ವಾಸಿಸುತ್ತಿದ್ದರು,,,ು,yes
ಆದಿಯವರು,,,ು,yes
ಉದ್ಯಮಕ್ಕೆ,,,ೆ,yes
ನೀಡಿದ,,,ದ,yes
ಕೊಡುಗೆಗಾಗಿ,,,ಿ,yes
ರಾಜೀವ್,,,್,yes
ಗಾಂಧಿ,,,ಿ,yes
ಪ್ರಶಸ್ತಿ,,,ಿ,yes
ನೀಡಲಾಯಿತ್ತು,,,ು,yes
ಉಲ್ಲೇಖಗಳು,,,ು,yes
ರುದ್ರ,,,ರ,yes
ಕೆ,,,ೆ,yes
ಎಸ್,,,್,yes
ಆರ್,,,್,yes
ದಾಸ್,,,್,yes
ನಿರ್ದೇಶನ,,,ನ,yes
ಸುಕುಮಾರ್,,,್,yes
ನಿರ್ಮಾಪಣ,,,ಣ,yes
ಮಾಡಿರುವ,,,ವ,yes
ಕನ್ನಡ,,,ಡ,yes
ಚಲನಚ್ರಿತ್ರ,,,ರ,yes
ಚಿತ್ರಕ್ಕೆ,,,ೆ,yes
ಅಮರ್,,,್,yes
ಸಂಗೀತ,,,ತ,yes
ಮಾಡಿದ್ದಾರೆ,,,ೆ,yes
ವಿಷ್ಣುವರ್ಧನ್,,,್,yes
ಖುಷ್ಬು,,,ು,yes
ಅಶ್ವಥ್,,,್,yes
ಮುಖ್ಯ,,,ಯ,yes
ಪಾತ್ರಗಳಲ್ಲಿ,,,ಿ,yes
ನಟಿಸಿದ್ದಾರೆ,,,ೆ,yes
ಪಾತ್ರವರ್ಗ,,,ಗ,yes
ನಾಯಕ,,,ಕ,yes
ರು,,,ು,yes
ನಾಯಕಿ,,,ಿ,yes
ಯರು,,,ು,yes
ಅರುಣ,,,ಣ,yes
ಅಭಿನಯ,,,ಯ,yes
ಟೆಂಪ್ಲೇಟು,,,ು,yes
ಸೂಕ್ಷ್ಮ,,,ಮ,yes
ಜೀವವಿಜ್ಞಾನದ,,,ದ,yes
ಪರಿಕಲ್ಪನೆಗಳು,,,ು,yes
ಸೂಕ್ಷ್ಮಜೀವ,,,ವ,yes
ಘಟಕ,,,ಕ,yes
ಗುರಿ,,,ಿ,yes
ಸೂಕ್ಷ್ಮಜೀವಿಗಳ,,,ಳ,yes
ಜೀವಶಾಸ್ತ್ರ,,,ರ,yes
ಆಧಾರವಾಗಿರುವ,,,ವ,yes
ಪರಿಕಲ್ಪನೆಗಳನ್ನು,,,ು,yes
ಅರ್ಥಮಾಡಿಕೊಳ್ಳಲು,,,ು,yes
ನೀವು,,,ು,yes
ಶಕ್ತಗೊಳಿಸಿ,,,ಿ,yes
ನಾವು,,,ು,yes
ದೊಡ್ಡ,,,ಡ,yes
ಜೀವಿಗಳಿಂದ,,,ದ,yes
ಪ್ರತ್ಯೇಕಿಸುವ,,,ವ,yes
ಅಂಶಗಳನ್ನು,,,ು,yes
ಪರಿಶೀಲಿಸುವ,,,ವ,yes
ಮೂಲಕ,,,ಕ,yes
ಸಾಧಿಸಲು,,,ು,yes
ಕಾಣಿಸುತ್ತದೆ,,,ೆ,yes
ಪರಿಷ್ಕರಿಸಲು,,,ು,yes
ಜೀವಕೋಶದ,,,ದ,yes
ರಚನೆ,,,ೆ,yes
ವಿಕಾಸದ,,,ದ,yes
ಬಗ್ಗೆ,,,ೆ,yes
ಹಿಂದಿನ,,,ನ,yes
ವಸ್ತುವಿನ,,,ನ,yes
ಮೇಲೆ,,,ೆ,yes
ನಿರ್ಮಿಸಲು,,,ು,yes
ಸ್ಪರ್ಧೆಯ,,,ಯ,yes
ಕೆಲವು,,,ು,yes
ವಿಸ್ತರಣೆ,,,ೆ,yes
ವಸ್ತು,,,ು,yes
ಮುಗಿಸಿದ,,,ದ,yes
ಕೊನೆಯಲ್ಲಿ,,,ಿ,yes
ಯಾವುದೇ,,,ೇ,yes
ಪ್ರಾಯೋಗಿಕ,,,ಕ,yes
ಪರಿಸ್ಥಿತಿ,,,ಿ,yes
ಅರ್ಜಿ,,,ಿ,yes
ಒಳಗೊಂಡ,,,ಡ,yes
ಒಂದು,,,ು,yes
ಸಮಸ್ಯೆ,,,ೆ,yes
ಅಥವಾ,,,ಾ,yes
ಸಮಸ್ಯೆಯನ್ನು,,,ು,yes
ಪ್ರತಿಕ್ರಿಯೆಯಾಗಿ,,,ಿ,yes
ಅಭಿವೃದ್ಧಿಪಡಿಸಲು,,,ು,yes
ನಿರೀಕ್ಷಿಸಲಾಗುವುದಿಲ್ಲ,,,ಲ,yes
ಭಾಗದಲ್ಲಿ,,,ಿ,yes
ಮಾಹಿತಿಯನ್ನು,,,ು,yes
ಮರುಪಡೆಯಲು,,,ು,yes
ಸಂಯೋಜಿಸಲು,,,ು,yes
ಅಗತ್ಯವಿರುತ್ತದೆ,,,ೆ,yes
ಅರ್ಥ,,,ಥ,yes
ಒಂದೇ,,,ೇ,yes
ಆದರೂ,,,ೂ,yes
ವಿದ್ಯುನ್ಮಾನ,,,ನ,yes
ಕಲಿಕೆ,,,ೆ,yes
ಸಂಪನ್ಮೂಲ,,,ಲ,yes
ಕಟ್ಟುನಿಟ್ಟಾಗಿ,,,ಿ,yes
ಉಪನ್ಯಾಸಗಳು,,,ು,yes
ಅನುಗುಣವಾಗಿಲ್ಲ,,,ಲ,yes
ಎಂದು,,,ು,yes
ತಿಳಿದಿರಲಿ,,,ಿ,yes
ದಯವಿಟ್ಟು,,,ು,yes
ಮುಚ್ಚಿದ,,,ದ,yes
ಹೀಗಿವೆ,,,ೆ,yes
ರೂಪವೈಜ್ಞಾನಿಕ,,,ಕ,yes
ಹೋಲಿಕೆಯು,,,ು,yes
ಹೊರತಾಗಿಯೂ,,,ೂ,yes
ಒಳಗೆ,,,ೆ,yes
ಅಗಾಧ,,,ಧ,yes
ಕ್ರಿಯಾತ್ಮಕ,,,ಕ,yes
ವೈವಿಧ್ಯತೆ,,,ೆ,yes
ವಿವಿಧ,,,ಧ,yes
ವಿಧಾನಗಳನ್ನು,,,ು,yes
ಶಕ್ತಿ,,,ಿ,yes
ಆಮ್ಲಜನಕ,,,ಕ,yes
ಪಡೆಯಲು,,,ು,yes
ಬಳಸಲು,,,ು,yes
ಜನಸಂಖ್ಯೆಯ,,,ಯ,yes
ಗಾತ್ರವು,,,ು,yes
ಸಾಮರ್ಥ್ಯ,,,ಯ,yes
ಯಾಂತ್ರಿಕ,,,ಕ,yes
ಸೂಕ್ಷ್ಮಜೀವಿಯ,,,ಯ,yes
ಸ್ಪರ್ಧೆಯಲ್ಲಿ,,,ಿ,yes
ಸ್ಪರ್ಧೆಯಿಂದ,,,ದ,yes
ಪರಿಣಾಮಗಳನ್ನು,,,ು,yes
ಥಿಯರಿ,,,ಿ,yes
ಯೂಕ್ಯಾರಿಯೋಟಿಕ್,,,್,yes
ಸೆಲ್ಸ್,,,್,yes
ಮೈಟೊಕಾಂಡ್ರಿಯ,,,ಯ,yes
ಕ್ಲೋರೋಪ್ಲಾಸ್ಟ್,,,್,yes
ಪ್ರಾಚೀನ,,,ನ,yes
ಯೂಕಾರ್ಯೋಟಿಕ್,,,್,yes
ಸೆಲ್,,,್,yes
ಪ್ರೊಕ್ಯಾರೋಟಿಕ್,,,್,yes
ಜೀವಕೋಶಗಳ,,,ಳ,yes
ಸಹಜೀವನದ,,,ದ,yes
ಏಕೀಕರಣಕ್ಕಾಗಿ,,,ಿ,yes
ಹುಟ್ಟಿಕೊಂಡಿತು,,,ು,yes
ಹೆಚ್ಚು,,,ು,yes
ಶತಕೋಟಿ,,,ಿ,yes
ವರ್ಷಗಳ,,,ಳ,yes
ಹಿಂದೆ,,,ೆ,yes
ಇದು,,,ು,yes
ವಾದಿಸಲಾಗಿದೆ,,,ೆ,yes
ಜೀವಕೋಶಗಳು,,,ು,yes
ಪೋಷಣೆ,,,ೆ,yes
ಕನಿಷ್ಠ,,,ಠ,yes
ವಿಧಾನಗಳ,,,ಳ,yes
ಹೊಂದಿತ್ತು,,,ು,yes
ಆಹಾರ,,,ರ,yes
ಕಣಗಳು,,,ು,yes
ಒರೆಯಲ್ಲಿಡು,,,ು,yes
ದ್ಯುತಿಸಂಶ್ಲೇಷಣೆ,,,ೆ,yes
ಪರಿಸರದಲ್ಲಿ,,,ಿ,yes
ಉಚಿತ,,,ತ,yes
ತೇಲುವ,,,ವ,yes
ಸಾವಯವ,,,ವ,yes
ಪೋಷಕಾಂಶಗಳ,,,ಳ,yes
ಹೀರಿಕೊಳ್ಳುತ್ತವೆ,,,ೆ,yes
ಸಿದ್ಧಾಂತ,,,ತ,yes
ಆಮ್ಲಜನಕದ,,,ದ,yes
ಉಸಿರಾಡುವುದನ್ನು,,,ು,yes
ಸಾಧ್ಯವಾಗುತ್ತದೆ,,,ೆ,yes
ಜೀವಕೋಶಗಳನ್ನು,,,ು,yes
ಅಳವಡಿಸಲಾಗಿದ್ದ,,,ದ,yes
ವಾದಿಸುತ್ತಾರೆ,,,ೆ,yes
ಪರಿಣಾಮಕ,,,ಕ,yes
ಸಾಮರ್ಥ್ಯವನ್ನು,,,ು,yes
ನಿರ್ವಹಣೆ,,,ೆ,yes
ಅದೇ,,,ೇ,yes
ದರ,,,ರ,yes
ಸಂತಾನೋತ್ಪತ್ತಿ,,,ಿ,yes
ಹಾಗೂ,,,ೂ,yes
ಇತರ,,,ರ,yes
ಜೀರ್ಣಿಸಲು,,,ು,yes
ಎರಡು,,,ು,yes
ಜೀವಕೋಶ,,,ಶ,yes
ಪ್ರಕಾರಗಳನ್ನು,,,ು,yes
ಅಗತ್ಯವಿದೆ,,,ೆ,yes
ಸಸ್ಯ,,,ಯ,yes
ಪಾಚಿಯ,,,ಯ,yes
ದ್ಯುತಿಸಂಶ್ಲೇಷಕ,,,ಕ,yes
ಪ್ರೋಕ್ಯಾರಿಯೋಟೀಕ್,,,್,yes
ಉಸಿರಾಡುತ್ತಿರುವ,,,ವ,yes
ಸಾಲಿನ,,,ನ,yes
ಮಾಡಿದಾಗ,,,ಗ,yes
ರೀತಿಯಲ್ಲಿ,,,ಿ,yes
ಈಗ,,,ಗ,yes
ಬೆಳಕಿನ,,,ನ,yes
ಬಳಸಿಕೊಂಡು,,,ು,yes
ತನ್ನದೇ,,,ೇ,yes
ಆದ,,,ದ,yes
ಇಂಗಾಲದ,,,ದ,yes
ಸರಿಪಡಿಸಲು,,,ು,yes
ಸಾಧ್ಯವಾಗಲಿಲ್ಲ,,,ಲ,yes
ಪರಿಣಾಮವಾಗಿ,,,ಿ,yes
ನಿಯಮ,,,ಮ,yes
ಪ್ರೋಕ್ಯಾರಿಯೋಟ್ಗಳು,,,ು,yes
ಪೊರೆಯ,,,ಯ,yes
ಬೌಂಡ್,,,್,yes
ಅಂಗಕಗಳು,,,ು,yes
ಕೊರತೆಯಿಂದ,,,ದ,yes
ಹೊಂದಿರುತ್ತವೆ,,,ೆ,yes
ಸೈಟೋಪ್ಲಾಸಂನಲ್ಲಿ,,,ಿ,yes
ಮುಕ್ತವಾಗಿ,,,ಿ,yes
ತೇಲುತ್ತವೆ,,,ೆ,yes
ನ್ಯೂಕ್ಲಿಯಸ್,,,್,yes
ಸಹ,,,ಹ,yes
ಭಿನ್ನವಾಗಿರುತ್ತದೆ,,,ೆ,yes
ಅಣು,,,ು,yes
ಪ್ರದೇಶದಲ್ಲಿ,,,ಿ,yes
ಸೈಟೋಪ್ಲಾಸಂ,,,ಂ,yes
ತೇಲುತ್ತದೆ,,,ೆ,yes
ಡಿಎನ್ಎ,,,ಎ,yes
ವೃತ್ತಾಕಾರದ,,,ದ,yes
ಘಟಕವು,,,ು,yes
ಹೊಂದಿದೆ,,,ೆ,yes
ಪ್ರಸ್ತುತ,,,ತ,yes
ಗೋಡೆಗೆ,,,ೆ,yes
ಸಂಕೀರ್ಣ,,,ಣ,yes
ಸಂವಿಧಾನ,,,ನ,yes
ಧನಾತ್ಮಕ,,,ಕ,yes
ಗ್ರಾಂಗೆ,,,ೆ,yes
ಚಿತ್ರ,,,ರ,yes
ನೋಡಿ,,,ಿ,yes
ಋಣಾತ್ಮಕ,,,ಕ,yes
ಗ್ರಾಂ,,,ಂ,yes
ಹೊಂದಿರಬಹುದು,,,ು,yes
ಆದಾಗ್ಯೂ,,,ೂ,yes
ಅತ್ಯಂತ,,,ತ,yes
ಪ್ರಾಮುಖ್ಯತೆಯನ್ನು,,,ು,yes
ಪ್ರೋಕ್ಯಾರಿಯೋಟ್ಸ್ಗಳಲ್ಲಿ,,,ಿ,yes
ಗೋಡೆಯ,,,ಯ,yes
ಪಾಲಿಸ್ಯಾಕರೈಡ್,,,್,yes
ಅಮೈಡ್,,,್,yes
ಕೊಂಡಿಗಳನ್ನು,,,ು,yes
ಹೊಂದಿರುವ,,,ವ,yes
ಸಂಯುಕ್ತ,,,ತ,yes
ಜೀವಕೋಶಗಳಲ್ಲಿ,,,ಿ,yes
ಗೋಡೆಗಳ,,,ಳ,yes
ಕಂಡುಬಂದಿಲ್ಲ,,,ಲ,yes
ಜೀವಕೋಶವು,,,ು,yes
ನ್ಯೂಕ್ಲಿಕ್,,,್,yes
ಆಮ್ಲವು,,,ು,yes
ಸಣ್ಣ,,,ಣ,yes
ಕುಣಿಕೆಗಳು,,,ು,yes
ಸ್ವತಂತ್ರವಾಗಿ,,,ಿ,yes
ಕೆಲಸ,,,ಸ,yes
ಮಾಡಬಹುದು,,,ು,yes
ಪ್ಲಾಸ್ಮಿಡ್ಗಳು,,,ು,yes
ಕರೆಯಲಾಗುತ್ತದೆ,,,ೆ,yes
ಹೆಚ್ಚಿನ,,,ನ,yes
ಬ್ಯಾಕ್ಟೀರಿಯಾಗಳು,,,ು,yes
ಏಕ,,,ಕ,yes
ಕೋಶಗಳಲ್ಲಿ,,,ಿ,yes
ಅಸ್ತಿತ್ವದಲ್ಲಿವೆ,,,ೆ,yes
ರೂಪ,,,ಪ,yes
ತಂತು,,,ು,yes
ಯಾವಾಗಲೂ,,,ೂ,yes
ತುಂಬಾ,,,ಾ,yes
ಸರಳ,,,ಳ,yes
ಸುತ್ತಿನಲ್ಲಿ,,,ಿ,yes
ಇರಬಹುದು,,,ು,yes
ಬ್ಯಾಸಿಲ್ಲಿಯು,,,ು,yes
ಸ್ಪೈರಲ್ನೀಳವಾಗಿ,,,ಿ,yes
ಅಗರ್,,,್,yes
ಉದಾ,,,ಾ,yes
ಸ್ಟ್ರೆಪ್ಟಾಕಾಕಸ್,,,್,yes
ಬೆಳೆಸಿದಾಗ,,,ಗ,yes
ರೀತಿಯ,,,ಯ,yes
ನಿರ್ದಿಷ್ಟ,,,ಟ,yes
ಊಹಿಸಬಹುದಾದ,,,ದ,yes
ಸಮುಚ್ಚಯ,,,ಯ,yes
ವಿಳಾಸ,,,ಸ,yes
ವೈರಸ್ಗಳು,,,ು,yes
ಹೆಚ್ಚಾಗಿ,,,ಿ,yes
ಜೀವಿಗಳ,,,ಳ,yes
ಅಧ್ಯಯನ,,,ನ,yes
ಜೀವನದ,,,ದ,yes
ಲಕ್ಷಣಗಳು,,,ು,yes
ಸಲುವಾಗಿ,,,ಿ,yes
ಬೆಳವಣಿಗೆ,,,ೆ,yes
ಅಭಿವೃದ್ಧಿ,,,ಿ,yes
ಶಕ್ತಿಯ,,,ಯ,yes
ಬಳಕೆ,,,ೆ,yes
ಸಂತುಲನವನ್ನು,,,ು,yes
ಪರಿಸರಕ್ಕೆ,,,ೆ,yes
ಪ್ರತಿಕ್ರಿಯೆಯ,,,ಯ,yes
ವಿಕಾಸವಾದದ,,,ದ,yes
ಅಳವಡಿಕೆಯು,,,ು,yes
ಒಳಗೊಂಡಿದೆ,,,ೆ,yes
ಆದರೆ,,,ೆ,yes
ವಾಸಿಸುವ,,,ವ,yes
ಇಲ್ಲ,,,ಲ,yes
ಕೆಲವೊಮ್ಮೆ,,,ೆ,yes
ವೀರಾಯಿಡ್,,,್,yes
ಎಂಬ,,,ಬ,yes
ವೈರಸ್,,,್,yes
ನ್ಯೂಕ್ಲಿಯಿಕ್,,,್,yes
ಆಮ್ಲದ,,,ದ,yes
ಎಳೆಯನ್ನು,,,ು,yes
ಡಿ,,,ಿ,yes
ಎನ್,,,್,yes
ಏಕೈಕ,,,ಕ,yes
ಅದು,,,ು,yes
ತನ್ಮೂಲಕ,,,ಕ,yes
ಕಿಣ್ವಗಳಿಂದ,,,ದ,yes
ಕೆಡದಂತೆ,,,ೆ,yes
ತಡೆಯುತ್ತದೆ,,,ೆ,yes
ಸ್ವತಃ,,,ಃ,yes
ಸುಮಾರು,,,ು,yes
ದುಪ್ಪಟ್ಟು,,,ು,yes
ನೋಡಬಹುದು,,,ು,yes
ಹೋಲುತ್ತವೆ,,,ೆ,yes
ಪ್ರೋಟೀನ್,,,್,yes
ಶೆಲ್,,,್,yes
ಸುತ್ತಲೂ,,,ೂ,yes
ಹೊಂದಿರುತ್ತದೆ,,,ೆ,yes
ಪೋಷಕ,,,ಕ,yes
ಪ್ರವೇಶ,,,ಶ,yes
ರಂದು,,,ು,yes
ಇಲ್ಲವಾಗುತ್ತದೆ,,,ೆ,yes
ಸುತ್ತಮುತ್ತಲಿನ,,,ನ,yes
ಹೋಸ್ಟ್,,,್,yes
ಮೂಲದ,,,ದ,yes
ಹೊಂದಿವೆ,,,ೆ,yes
ದೇಶ,,,ಶ,yes
ಅನುಪಸ್ಥಿತಿಯಲ್ಲಿ,,,ಿ,yes
ಕೊರತೆ,,,ೆ,yes
ನವರತ್ನ,,,ನ,yes
ರಾಮರಾವ್,,,್,yes
ಮೇ,,,ೇ,yes
ನವೆಂಬರ್,,,್,yes
ನಮ್ಮ,,,ಮ,yes
ನಾಡಿನ,,,ನ,yes
ಶ್ರೇಷ್ಠ,,,ಠ,yes
ಬರಹಗಾರರಲ್ಲಿ,,,ಿ,yes
ಒಬ್ಬರು,,,ು,yes
ಬ್ರಿಟಿಷ್,,,್,yes
ಆಡಳಿತ,,,ತ,yes
ಕಾಲದಲ್ಲಿನ,,,ನ,yes
ಮೈಸೂರು,,,ು,yes
ಸಂಸ್ಥಾನದ,,,ದ,yes
ಸರ್ಕಾರದಲ್ಲಿ,,,ಿ,yes
ಹಿರಿಯ,,,ಯ,yes
ಅಧಿಕಾರಿಗಳಾಗಿದ್ದ,,,ದ,yes
ರಾಮರಾಯರು,,,ು,yes
ಪ್ರಾಮಾಣಿಕತೆ,,,ೆ,yes
ದಕ್ಷತೆಗಳಿಗೆ,,,ೆ,yes
ಹೆಸರಾಗಿದ್ದವರು,,,ು,yes
ಉತ್ತರ,,,ರ,yes
ಕರ್ನಾಟಕದ,,,ದ,yes
ದೇಶಸ್ಥ,,,ಥ,yes
ಕುಟುಂಬಕ್ಕೆ,,,ೆ,yes
ಸೇರಿದ,,,ದ,yes
ಬೆಂಗಳೂರು,,,ು,yes
ಜಿಲ್ಲೆಯ,,,ಯ,yes
ದೇವನಹಳ್ಳಿಯಲ್ಲಿ,,,ಿ,yes
ವರ್ಷದಲ್ಲಿ,,,ಿ,yes
ಜನಿಸಿದರು,,,ು,yes
ರಾಮರಾಯರ,,,ರ,yes
ತಂದೆ,,,ೆ,yes
ಬಾಲಕೃಷ್ಣರಾಯರು,,,ು,yes
ಅಭಿಯಂತರ,,,ರ,yes
ಇಲಾಖೆಯಲ್ಲಿ,,,ಿ,yes
ದೀರ್ಘಕಾಲ,,,ಲ,yes
ಸೇವೆ,,,ೆ,yes
ಸಲ್ಲಿಸಿದವರಾಗಿದ್ದರು,,,ು,yes
ಬಾಲ್ಯದಲ್ಲಿಯೇ,,,ೇ,yes
ತಾಯಿಯ,,,ಯ,yes
ಪ್ರೀತಿಯಿಂದ,,,ದ,yes
ವಂಚಿತರಾದರು,,,ು,yes
ಇವರ,,,ರ,yes
ವಂಶದ,,,ದ,yes
ತಲೆಮಾರಿನಲ್ಲಿ,,,ಿ,yes
ಒಂಬತ್ತು,,,ು,yes
ಜನ,,,ನ,yes
ವಿದ್ವಾಂಸರಿದ್ದುದರಿಂದ,,,ದ,yes
ವಂಶಕ್ಕೆ,,,ೆ,yes
ಹೆಸರು,,,ು,yes
ಬಂದಿತಂತೆ,,,ೆ,yes
ವಿದ್ಯಾಭ್ಯಾಸ,,,ಸ,yes
ಬೆಂಗಳೂರಿನಲ್ಲಿ,,,ಿ,yes
ನೆರವೇರಿತು,,,ು,yes
ಸೆಂಟ್ರಲ್,,,್,yes
ಬಿ,,,ಿ,yes
ಅಧ್ಯಾಪಕರಾಗಿದ್ದ,,,ದ,yes
ಟೇಟ್,,,್,yes
ಸಾಹೇಬರು,,,ು,yes
ಸಹಪಾಠಿಯಾಗಿದ್ದ,,,ದ,yes
ರಾಜಾಜಿಯವರು,,,ು,yes
ಆಪ್ತ,,,ತ,yes
ಸ್ನೇಹಿತರು,,,ು,yes
ಇಂಗ್ಲಿಷ್,,,್,yes
ಅಸಾಧಾರಣ,,,ಣ,yes
ಪಾಂಡಿತ್ಯ,,,ಯ,yes
ಹೊಂದಿದ್ದ,,,ದ,yes
ರಾಮರಾಯರಿಗೆ,,,ೆ,yes
ಸಂಸ್ಕೃತ,,,ತ,yes
ಫ್ರೆಂಚ್,,,್,yes
ಭಾಷೆಗಳಲ್ಲೂ,,,ೂ,yes
ಪರಿಣತಿಯಿತ್ತು,,,ು,yes
ಈಜು,,,ು,yes
ಕ್ರಿಕೆಟ್,,,್,yes
ಗರಡಿ,,,ಿ,yes
ಸಾಧನೆ,,,ೆ,yes
ಹವ್ಯಾಸಗಳಾಗಿದ್ದವು,,,ು,yes
ಭಾರತದ,,,ದ,yes
ಕುರಿತಾದ,,,ದ,yes
ಅನುಭಾವ,,,ವ,yes
ವಿದ್ಯಾರ್ಥಿಯಾಗಿದ್ದಾಗ,,,ಗ,yes
ಭಾರತವೆಂಬುದು,,,ು,yes
ಬಗೆ,,,ೆ,yes
ಬಗೆಯ,,,ಯ,yes
ಸರಕಿನ,,,ನ,yes
ಮೂಟೆ,,,ೆ,yes
ಭಾವನೆಯಿತ್ತು,,,ು,yes
ಅಷ್ಟೇ,,,ೇ,yes
ಅಲ್ಲ,,,ಲ,yes
ಭಾರತವೆಂದರೆ,,,ೆ,yes
ಪರದೇಶ,,,ಶ,yes
ಭಾವನೆ,,,ೆ,yes
ಅವರಲ್ಲಿ,,,ಿ,yes
ಮಡುಗಟ್ಟಿತ್ತಂತೆ,,,ೆ,yes
ಮುಂದಿನ,,,ನ,yes
ದಿನಗಳಲ್ಲಿ,,,ಿ,yes
ಕಾಶ್ಮೀರದಿಂದ,,,ದ,yes
ಕನ್ಯಾಕುಮಾರಿಯವರೆಗೆ,,,ೆ,yes
ಲಾಹೋರಿನಿಂದ,,,ದ,yes
ಕಲ್ಕತ್ತದವರೆಗೆ,,,ೆ,yes
ಸುತ್ತಿಬಂದ,,,ದ,yes
ನನಗೆ,,,ೆ,yes
ದೇಶದ,,,ದ,yes
ಜನಜೀವನ,,,ನ,yes
ಆಚರಣೆ,,,ೆ,yes
ನಡೆ,,,ೆ,yes
ನುಡಿ,,,ಿ,yes
ಎಲ್ಲವನ್ನೂ,,,ೂ,yes
ಹತ್ತಿರದಿಂದ,,,ದ,yes
ನೋಡಿದಾಗ,,,ಗ,yes
ಹೊಸ,,,ಸ,yes
ಅನುಭವವೇ,,,ೇ,yes
ಆಯಿತು,,,ು,yes
ಇಲ್ಲಿನ,,,ನ,yes
ಆಚಾರ,,,ರ,yes
ವಿಚಾರಗಳು,,,ು,yes
ಸಂಸ್ಕೃತಿ,,,ಿ,yes
ಕ್ರಮವನ್ನು,,,ು,yes
ನಿಯಂತ್ರಿಸುವ,,,ವ,yes
ನಂಬಿಕೆಗಳು,,,ು,yes
ಆಚರಣೆಗಳನ್ನು,,,ು,yes
ಗಮನಿಸಿದಾಗ,,,ಗ,yes
ಇಡೀ,,,ೀ,yes
ದೇಶವೇ,,,ೇ,yes
ನನ್ನ,,,ನ,yes
ಮನೆ,,,ೆ,yes
ಎನಿಸಿತು,,,ು,yes
ಇಲ್ಲಿ,,,ಿ,yes
ಜನಗಳೆಲ್ಲ,,,ಲ,yes
ಬಂಧುಗಳೇ,,,ೇ,yes
ಎಂಬುದನ್ನು,,,ು,yes
ಕಂಡೆ,,,ೆ,yes
ಬಣ್ಣಿಸುತ್ತಾರೆ,,,ೆ,yes
ಅಧಿಕಾರಿಗಳಾಗಿ,,,ಿ,yes
ಎಲ್,,,್,yes
ಪದವೀಧರರಾಗಿ,,,ಿ,yes
ಸಿವಿಲ್,,,್,yes
ಸರ್ವೀಸ್,,,್,yes
ಪರೀಕ್ಷೆಯಲ್ಲೂ,,,ೂ,yes
ಉತ್ತೀರ್ಣರಾಗಿ,,,ಿ,yes
ಅಮಲ್ದಾರರಾಗಿ,,,ಿ,yes
ನೇಮಕಹೊಂದಿದ್ದ,,,ದ,yes
ಮಹಾರಾಜರ,,,ರ,yes
ಕಾಲದಲ್ಲಿ,,,ಿ,yes
ಅನೇಕ,,,ಕ,yes
ಹುದ್ದೆಗಳಲ್ಲಿ,,,ಿ,yes
ಕೆಲಸಮಾಡಿ,,,ಿ,yes
ಕೈಗಾರಿಕೆ,,,ೆ,yes
ವಾಣಿಜ್ಯ,,,ಯ,yes
ಇಲಾಖೆಯ,,,ಯ,yes
ಮುಖ್ಯಸ್ಥರಾಗಿ,,,ಿ,yes
ನಿವೃತ್ತರಾದರು,,,ು,yes
ಮಾತಿನಲ್ಲಿ,,,ಿ,yes
ಅಪ್ರತಿಮ,,,ಮ,yes
ಚತುರರೆನಿಸಿದ್ದರು,,,ು,yes
ಪ್ರಜಾಪ್ರತಿನಿಧಿ,,,ಿ,yes
ಸಭೆಯಲ್ಲಿ,,,ಿ,yes
ಲೆಜೆಸ್ಲೆಟಿವ್,,,್,yes
ಕೌನ್ಸಿಲ್,,,್,yes
ಸ್ವಾರಸ್ಯವಾಗಿ,,,ಿ,yes
ಭಾಷಣ,,,ಣ,yes
ಮಾಡಿದ,,,ದ,yes
ಕೀರ್ತಿ,,,ಿ,yes
ಅವರದು,,,ು,yes
ಲಂಡನ್ನಿನಲ್ಲಿ,,,ಿ,yes
ನಡೆದ,,,ದ,yes
ದುಂಡು,,,ು,yes
ಮೇಜಿನ,,,ನ,yes
ಪರಿಷತ್ತಿನಲ್ಲಿ,,,ಿ,yes
ದಿವಾನರಾಗಿದ್ದ,,,ದ,yes
ಸರ್,,,್,yes
ಮಿರ್ಜಾ,,,ಾ,yes
ಇಸ್ಮಾಯಿಲ್,,,್,yes
ತಜ್ಞ,,,ಞ,yes
ಸಲಹೆಗಾರರಾಗಿ,,,ಿ,yes
ಪಾಲ್ಗೊಂಡಿದ್ದರು,,,ು,yes
ಸೇವಾವಧಿಯಲ್ಲಿ,,,ಿ,yes
ತಮ್ಮದೇ,,,ೇ,yes
ನೇತೃತ್ವದಲ್ಲಿ,,,ಿ,yes
ಅಭಿತವ್ಯಕ್ಕೂ,,,ೂ,yes
ಜನಗಳ,,,ಳ,yes
ಉದ್ಯೋಗಾಭಿವೃದ್ಧಿಗೂ,,,ೂ,yes
ಹೇತುವಾದ,,,ದ,yes
ರೇಷ್ಮೆ,,,ೆ,yes
ಇಲಾಖೆಯನ್ನು,,,ು,yes
ಸಂಸ್ಥಾಪಿಸಿ,,,ಿ,yes
ಉದ್ಯಮದಲ್ಲಿ,,,ಿ,yes
ಕರ್ನಾಟಕಕ್ಕೆ,,,ೆ,yes
ಅಗ್ರಸ್ಥಾನ,,,ನ,yes
ದೊರಕಿಸಿ,,,ಿ,yes
ಕೈಗಾರಿಕೆಯ,,,ಯ,yes
ಪಿತಾಮಹರೆಂದು,,,ು,yes
ಖ್ಯಾತಿ,,,ಿ,yes
ಗಳಿಸಿದರು,,,ು,yes
ನಿವೃತ್ತಿಯ,,,ಯ,yes
ಕೇಂದ್ರ,,,ರ,yes
ಸರ್ಕಾರ,,,ರ,yes
ಸ್ಥಾಪಿಸಿದ,,,ದ,yes
ಕೇಂದ್ರೀಯ,,,ಯ,yes
ಮಂಡಳಿಯ,,,ಯ,yes
ಉಪಾಧ್ಯಕ್ಷರಾಗಿ,,,ಿ,yes
ಕಾಲ,,,ಲ,yes
ಸಲ್ಲಿಸಿದರು,,,ು,yes
ನೆನಪುಗಳು,,,ು,yes
ಸಾಹಿತ್ಯ,,,ಯ,yes
ಮತ್ತಿತರ,,,ರ,yes
ಲಲಿತಕಲೆಗಳಲ್ಲಿ,,,ಿ,yes
ಅಪಾರ,,,ರ,yes
ಆಸಕ್ತಿಯಿದ್ದ,,,ದ,yes
ಮಾಸ್ತಿಯವರ,,,ರ,yes
ಸ್ನೇಹದ,,,ದ,yes
ಒತ್ತಡದಿಂದ,,,ದ,yes
ಅಮಲ್ದಾರ,,,ರ,yes
ನೆನಪುಗಳನ್ನು,,,ು,yes
ಪತ್ರಿಕೆಯಲ್ಲಿ,,,ಿ,yes
ಬರೆದರು,,,ು,yes
ಹೆಸರಿನಿಂದ,,,ದ,yes
ಕಾರ್ಯಾಲಯ,,,ಯ,yes
ದಿಂದ,,,ದ,yes
ಪುಸ್ತಕರೂಪದಲ್ಲಿ,,,ಿ,yes
ಪ್ರಕಟಗೊಂಡ,,,ಡ,yes
ಕೃತಿ,,,ಿ,yes
ಕನ್ನಡದ,,,ದ,yes
ಕ್ಲಾಸಿಕ್,,,್,yes
ಪರಿಗಣಿತವಾಗಿದೆ,,,ೆ,yes
ವಿಶ್ವ,,,ವ,yes
ಸಮ್ಮೇಳನದಲ್ಲಿ,,,ಿ,yes
ವಿಶಿಷ್ಟ,,,ಟ,yes
ಪುಸ್ತಕಗಳಲ್ಲಿ,,,ಿ,yes
ಸಹಾ,,,ಾ,yes
ಚೆನ್ನಬಸವನಾಯಕ,,,ಕ,yes
ಕಾದಂಬರಿ,,,ಿ,yes
ಹಲವು,,,ು,yes
ಸಣ್ಣಕಥೆಗಳನ್ನು,,,ು,yes
ಗೆ,,,ೆ,yes
ಅನುವಾದ,,,ದ,yes
ರಾಮಾಯಣ,,,ಣ,yes
ಮಹಾಭಾರತಗಳನ್ನು,,,ು,yes
ಭಾಷಾಂತರಿಸಿದ,,,ದ,yes
ಸಂದರ್ಭದಲ್ಲೂ,,,ೂ,yes
ಸಕ್ರಿಯವಾದ,,,ದ,yes
ಪಾತ್ರ,,,ರ,yes
ನಿರ್ವಹಿಸಿದ್ದರು,,,ು,yes
ಆಗಾಗ್ಗೆ,,,ೆ,yes
ಆಕಾಶವಾಣಿಯಲ್ಲಿ,,,ಿ,yes
ಪ್ರಸಂಗ,,,ಗ,yes
ಭಾಷಣಗಳ,,,ಳ,yes
ವಿಚಾರ,,,ರ,yes
ವಿನಿಮಯ,,,ಯ,yes
ಮಾಡಿಕೊಳ್ಳುತ್ತಿದ್ದರು,,,ು,yes
ಅವುಗಳಲ್ಲಿ,,,ಿ,yes
ಜನಪ್ರಿಯವಾಗಿದ್ದ,,,ದ,yes
ವಿಷಯಗಳಲ್ಲಿ,,,ಿ,yes
ಕೆಲವಾದ,,,ದ,yes
ದೇಶಭಕ್ತಿ,,,ಿ,yes
ಕಾವ್ಯಸೃಷ್ಟಿಗೆ,,,ೆ,yes
ಸ್ಫೂರ್ತಿ,,,ಿ,yes
ಮೂಲ,,,ಲ,yes
ಸುಧಾರಣೆ,,,ೆ,yes
ಸಂಪ್ರದಾಯ,,,ಯ,yes
ಮಾರ್ಗ,,,ಗ,yes
ಅಧಿಕಾರಿ,,,ಿ,yes
ಅಂದು,,,ು,yes
ಸ್ಥಳದ,,,ದ,yes
ಧಣಿ,,,ಿ,yes
ಇಂದು,,,ು,yes
ಪುಢಾರಿಗಳ,,,ಳ,yes
ಋಣಿ,,,ಿ,yes
ಇವುಗಳು,,,ು,yes
ಪ್ರಜಾವಾಣಿ,,,ಿ,yes
ಯಲ್ಲಿಯೂ,,,ೂ,yes
ಪ್ರಕಟಗೊಂಡಿದ್ದು,,,ು,yes
ವಿ,,,ಿ,yes
ಜಿ,,,ಿ,yes
ಮಾಸ್ತಿಯವರು,,,ು,yes
ನಡೆಸುತ್ತಿದ್ದ,,,ದ,yes
ಗೋಷ್ಠಿಗಳಲ್ಲಿ,,,ಿ,yes
ಉತ್ಸಾಹದಿಂದ,,,ದ,yes
ಚರ್ಚೆಗೊಳ್ಳುತ್ತಿದ್ದ,,,ದ,yes
ಪ್ರಮುಖ,,,ಖ,yes
ವಿಷಯಗಳಾಗುತ್ತಿದ್ದವು,,,ು,yes
ರಾಜಸೇವಾಸಕ್ತ,,,ತ,yes
ಬಿರುದು,,,ು,yes
ದಕ್ಷ,,,ಷ,yes
ಕನ್ನಡಕ್ಕಾಗಿ,,,ಿ,yes
ಕೊಡುಗೆಯನ್ನು,,,ು,yes
ಗುರುತಿಸಿದ,,,ದ,yes
ಮಹಾರಾಜರು,,,ು,yes
ಇವರಿಗೆ,,,ೆ,yes
ನೀಡಿ,,,ಿ,yes
ಗೌರವಿಸಿದ್ದರು,,,ು,yes
ಪುತ್ರ,,,ರ,yes
ನವರತ್ನರಾಮ್,,,್,yes
ಸುಪ್ರಸಿದ್ದ,,,ದ,yes
ಬರಹಗಾರರಾದ,,,ದ,yes
ಪತ್ನಿ,,,ಿ,yes
ಉಷಾ,,,ಾ,yes
ಅವರೂ,,,ೂ,yes
ಪ್ರಸಿದ್ಧ,,,ಧ,yes
ಬರಹಗಾರ್ತಿ,,,ಿ,yes
ಇಳಿ,,,ಿ,yes
ವಯಸ್ಸಿನಲ್ಲೂ,,,ೂ,yes
ಕ್ರಿಯಾಶೀಲ,,,ಲ,yes
ನಿವೃತ್ತಾಪರ,,,ರ,yes
ಚಟುವಟಿಕೆ,,,ೆ,yes
ಇಲ್ಲದ,,,ದ,yes
ನೀರಸವಾದ,,,ದ,yes
ಬಾಳೆಂದು,,,ು,yes
ಭಾವಿಸಿದವರಲ್ಲ,,,ಲ,yes
ಎನ್ನುತಾರೆ,,,ೆ,yes
ಮತ್ತೊಬ್ಬ,,,ಬ,yes
ಲಕ್ಷ್ಮಣರು,,,ು,yes
ಚೇರ್ಮನ್ನರಾಗಿ,,,ಿ,yes
ಸಂಸ್ಥೆಯ,,,ಯ,yes
ನಿರ್ದೇಶಕರಾಗಿ,,,ಿ,yes
ಆಚಾರ್ಯ,,,ಯ,yes
ಪಾಠಶಾಲೆ,,,ೆ,yes
ಬಸವನಗುಡಿ,,,ಿ,yes
ಕ್ಲಬ್,,,್,yes
ದಿ,,,ಿ,yes
ನ್ಯಾಷನಲ್,,,್,yes
ಕ್ರಿಕೆಟರ್ಸ್,,,್,yes
ಮುಂತಾದವುಗಳ,,,ಳ,yes
ಸಂಸ್ಥೆಗಳ,,,ಳ,yes
ಪ್ರಗತಿಗೆ,,,ೆ,yes
ನಿರಂತರವಾಗಿ,,,ಿ,yes
ಶ್ರಮಿಸಿದರು,,,ು,yes
ಸಂಗೀತಾಸಕ್ತಿ,,,ಿ,yes
ಪ್ರೇಮದ,,,ದ,yes
ಜೊತೆಗೆ,,,ೆ,yes
ಕರ್ನಾಟಕ,,,ಕ,yes
ಶಾಸ್ತ್ರೀಯ,,,ಯ,yes
ಸಂಗೀತದಲ್ಲೂ,,,ೂ,yes
ಅಪರಿಮಿತ,,,ತ,yes
ಅಭಿರುಚಿ,,,ಿ,yes
ಜ್ಞಾನವಿದ್ದು,,,ು,yes
ಪಿಟೀಲು,,,ು,yes
ವಾದನವನ್ನೂ,,,ೂ,yes
ತಕ್ಕಮಟ್ಟಿಗೆ,,,ೆ,yes
ಅಭ್ಯಸಿಸಿದ್ದರು,,,ು,yes
ಇದರಿಂದಾಗಿ,,,ಿ,yes
ಅವರಿಗೆ,,,ೆ,yes
ಖ್ಯಾತ,,,ತ,yes
ವಿದ್ವಾಂಸರುಗಳಾಗಿದ್ದ,,,ದ,yes
ಶ್ರೀಮತಿ,,,ಿ,yes
ಎಂ,,,ಂ,yes
ಸುಬ್ಬುಲಕ್ಷ್ಮೀ,,,ೀ,yes
ಚೌಡಯ್ಯ,,,ಯ,yes
ವೀಣೆ,,,ೆ,yes
ಶೇಷಣ್ಣ,,,ಣ,yes
ವಾಸುದೇವಾಚಾರ್ಯರು,,,ು,yes
ಮೊದಲಾದ,,,ದ,yes
ಮಹೋದಯರ,,,ರ,yes
ನಿಕಟಸ್ನೇಹ,,,ಹ,yes
ಸಂಪರ್ಕವಿತ್ತು,,,ು,yes
ಕೊನೆಯ,,,ಯ,yes
ಅನಾರೋಗ್ಯದಿಂದ,,,ದ,yes
ಬಳಲುತ್ತಿದ್ದಾಗ,,,ಗ,yes
ಮಹಾನ್,,,್,yes
ಗಾಯಕಿ,,,ಿ,yes
ಸುಬ್ಬುಲಕ್ಷ್ಮಿಯವರು,,,ು,yes
ಮನೆಯಲ್ಲೇ,,,ೇ,yes
ರಾಮರಾಯರಿಗಾಗಿ,,,ಿ,yes
ವಿಶೇಷ,,,ಷ,yes
ಕಚೇರಿಯನ್ನು,,,ು,yes
ಭಾವನಾತ್ಮಕವಾಗಿ,,,ಿ,yes
ನಡೆಸಿಕೊಟ್ಟಿದ್ದರು,,,ು,yes
ವಿದಾಯ,,,ಯ,yes
ಲೋಕವನ್ನಗಲಿದರು,,,ು,yes
ಚೇತನಕ್ಕೆ,,,ೆ,yes
ಗೌರವಪೂರ್ವಕ,,,ಕ,yes
ನಮನ,,,ನ,yes
ಮಾಹಿತಿ,,,ಿ,yes
ಕೃಪೆ,,,ೆ,yes
ಕೃತಿಯಲ್ಲಿ,,,ಿ,yes
ಲಕ್ಷ್ಮಣ್,,,್,yes
ಬರಹ,,,ಹ,yes
ಕಣಜ,,,ಜ,yes
ದಲ್ಲಿನ,,,ನ,yes
ಪ್ರಭದಲ್ಲಿ,,,ಿ,yes
ದೃಷ್ಟಿ,,,ಿ,yes
ಪ್ರೊ,,,ೊ,yes
ಸುಂದರರಾಜ್,,,್,yes
ಲೇಖನ,,,ನ,yes
ಬೀದರ್,,,್,yes
ಬೀದರ,,,ರ,yes
ಉರ್ದು,,,ು,yes
ಡೆಕ್ಕನ್,,,್,yes
ಪ್ರಸ್ಥಭೂಮಿಯಲ್ಲಿರುವ,,,ವ,yes
ಬೆಟ್ಟದ,,,ದ,yes
ತುದಿಯಲ್ಲಿರುವ,,,ವ,yes
ನಗರ,,,ರ,yes
ರಾಜ್ಯದ,,,ದ,yes
ಪೂರ್ವಭಾಗದಲ್ಲಿದೆ,,,ೆ,yes
ಜಿಲ್ಲಾಕೇಂದ್ರ,,,ರ,yes
ಜಿಲ್ಲೆ,,,ೆ,yes
ಮಹಾರಾಷ್ಟ್ರ,,,ರ,yes
ತೆಲಂಗಾಣದೊಂದಿಗೆ,,,ೆ,yes
ತನ್ನ,,,ನ,yes
ಗಡಿಯನ್ನು,,,ು,yes
ಹಂಚಿಕೊಂಡಿದೆ,,,ೆ,yes
ವೇಗವಾಗಿ,,,ಿ,yes
ಬೆಳೆಯುತ್ತಿರುವ,,,ವ,yes
ನಗರಗಳಲ್ಲಿ,,,ಿ,yes
ಒಂದಾಗಿದೆ,,,ೆ,yes
ಮಹಾನಗರ,,,ರ,yes
ವಲಯಕ್ಕೆ,,,ೆ,yes
ಸೇರುತ್ತದೆ,,,ೆ,yes
ನಗರವು,,,ು,yes
ವಾಸ್ತುಶಿಲ್ಪ,,,ಪ,yes
ಐತಿಹಾಸಿಕ,,,ಕ,yes
ಧಾರ್ಮಿಕ,,,ಕ,yes
ಸ್ಥಳಗಳಿಗೆ,,,ೆ,yes
ಹೆಸರುವಾಸಿಯಾಗಿದೆ,,,ೆ,yes
ಉಗಮ,,,ಮ,yes
ಬಿದಿರುನಿಂದ,,,ದ,yes
ಬಂದಿದೆ,,,ೆ,yes
ನಂಬಲಾಗಿದೆ,,,ೆ,yes
ಇದ್ದ,,,ದ,yes
ಬಿದಿರಿನ,,,ನ,yes
ಗೊಂಚಲುಗಳಿಗೆ,,,ೆ,yes
ಪ್ರಖ್ಯಾತವಾಗಿತ್ತು,,,ು,yes
ಆದ್ದರಿಂದ,,,ದ,yes
ಇದನ್ನು,,,ು,yes
ಬಿದಿರೂರು,,,ು,yes
ಕರೆಯಲಾಗುತಿತ್ತು,,,ು,yes
ಆಮೇಲೆ,,,ೆ,yes
ಬಿದರೆ,,,ೆ,yes
ಬದಲಾಗಿದೆ,,,ೆ,yes
ಬಿದಿರು,,,ು,yes
ಅಥಾವ,,,ವ,yes
ಉತ್ಪನ್ನಗಳು,,,ು,yes
ನಗರದಲ್ಲಾಗಲಿ,,,ಿ,yes
ಅದರ,,,ರ,yes
ಸುತ್ತಲಿನ,,,ನ,yes
ಪರಿಸರದಲ್ಲಾಗಲಿ,,,ಿ,yes
ದಂತಕಥೆಗಳ,,,ಳ,yes
ಪ್ರಕಾರ,,,ರ,yes
ಸಾಮ್ರಾಜ್ಯ,,,ಯ,yes
ವಿದರ್ಭ,,,ಭ,yes
ಜೊತೆ,,,ೆ,yes
ಸಂಭಂದವಿದೆ,,,ೆ,yes
ಹೇಳುತ್ತಾರೆ,,,ೆ,yes
ಹಿಂದು,,,ು,yes
ಗ್ರಂಥಗಳಾದ,,,ದ,yes
ಮಾಳವಿಕಾಗ್ನಿಮಿತ್ರ,,,ರ,yes
ಮಹಾಭಾರತ,,,ತ,yes
ಹರಿವಂಶ,,,ಶ,yes
ಭಾಗವತ,,,ತ,yes
ಇತರೆ,,,ೆ,yes
ಪುರಾಣಗಳಲ್ಲಿ,,,ಿ,yes
ಉಲ್ಲೇಖಿಸಲಾಗಿದೆ,,,ೆ,yes
ನಗರಗಳ,,,ಳ,yes
ಸಂಬಂಧವನ್ನು,,,ು,yes
ಹೆಸರಿನಲ್ಲಿ,,,ಿ,yes
ಇರುವ,,,ವ,yes
ಹೋಲಿಕೆಗಳಿಂದ,,,ದ,yes
ಸ್ಪಷ್ಟವಾಗಿ,,,ಿ,yes
ಕಾಣಬಹುದು,,,ು,yes
ಫರಿಶ್ತಾ,,,ಾ,yes
ಬರಹದಲ್ಲಿ,,,ಿ,yes
ಪ್ರಸ್ತಾಪಿಸಲಾಗಿದೆ,,,ೆ,yes
ಸಾಂಪ್ರದಾಯಿಕ,,,ಕ,yes
ಕಥೆಗಳು,,,ು,yes
ವಿದುರ,,,ರ,yes
ವಾಸವಾಗಿದ್ದನೆಂದು,,,ು,yes
ಹೇಳುತ್ತದೆ,,,ೆ,yes
ಅದ್ದರಿಂದ,,,ದ,yes
ವಿದುರನಗರ,,,ರ,yes
ಕರೆಯಲಾಗುತ್ತಿತ್ತು,,,ು,yes
ನಳ,,,ಳ,yes
ದಮಯಂತಿ,,,ಿ,yes
ರಾಜ,,,ಜ,yes
ಭೀಮನ,,,ನ,yes
ಮಗಳು,,,ು,yes
ವಿದರ್ಭದ,,,ದ,yes
ಭೇಟಿಯಾಗುವ,,,ವ,yes
ಸ್ಥಳವೂ,,,ೂ,yes
ಆಗಿತ್ತು,,,ು,yes
ಇತಿವೃತ್ತ,,,ತ,yes
ಜಿಲ್ಲಾ,,,ಾ,yes
ಕೇಂದ್ರವಾಗಿದೆ,,,ೆ,yes
ಭಾಲ್ಕಿ,,,ಿ,yes
ಹುಮನಾಬಾದ್,,,್,yes
ಬಸವಕಲ್ಯಾಣ,,,ಣ,yes
ಔರಾದ,,,ದ,yes
ತಾಲೂಕುಗಳ,,,ಳ,yes
ಹಳ್ಳಿಗಳು,,,ು,yes
ಜಿಲ್ಲೆಯಲ್ಲಿವೆ,,,ೆ,yes
ಜಿಲ್ಲೆಯು,,,ು,yes
ಸಾಂಸ್ಕೃತಿಕವಾಗಿ,,,ಿ,yes
ಜಿಲ್ಲೆಗಳಲ್ಲೊಂದು,,,ು,yes
ಬಿಜಾಪುರದ,,,ದ,yes
ಬಹಮನಿ,,,ಿ,yes
ಸುಲ್ತಾನರ,,,ರ,yes
ಆಳ್ವಿಕೆಯಲ್ಲಿತ್ತು,,,ು,yes
ಆಳ್ವಿಕೆಯಲ್ಲಿ,,,ಿ,yes
ಬಿಜಾಪುರ,,,ರ,yes
ಗೋಲ್ಕೊಂಡ,,,ಡ,yes
ಗುಲ್ಬರ್ಗಾ,,,ಾ,yes
ಬಿರಾರ್,,,್,yes
ಸಂಸ್ಥಾನಗಳೂ,,,ೂ,yes
ಸೇರಿದ್ದವು,,,ು,yes
ಗಮನಿಸಬಹುದು,,,ು,yes
ಬಸವಕಲ್ಯಾಣದಿಂದ,,,ದ,yes
ಉಗಮಿಸಿದ,,,ದ,yes
ಶರಣರ,,,ರ,yes
ಸಾಂಸ್ಕೃತಿಕ,,,ಕ,yes
ಕ್ರಾಂತಿಯನ್ನೂ,,,ೂ,yes
ಕಂಡಿದೆ,,,ೆ,yes
ಬಸವಕಲ್ಯಾಣದಲ್ಲಿ,,,ಿ,yes
ಜನಿಸಿದ,,,ದ,yes
ಶೈವ,,,ವ,yes
ಸಂಸ್ಕೃತಿಯು,,,ು,yes
ವಿಶ್ವಾದ್ಯಂತ,,,ತ,yes
ಪಸರಿಸಿ,,,ಿ,yes
ರಾಜ್ಯಕ್ಕೆ,,,ೆ,yes
ಈಗಿರುವ,,,ವ,yes
ಮಹತ್ವವನ್ನು,,,ು,yes
ತಂದಿದೆ,,,ೆ,yes
ನಗರದಲ್ಲಿರುವ,,,ವ,yes
ವಾಯುಪಡೆ,,,ೆ,yes
ತರಬೇತಿ,,,ಿ,yes
ಕೇಂದ್ರವು,,,ು,yes
ಆಗಸದಲ್ಲಿ,,,ಿ,yes
ತ್ರಿವರ್ಣ,,,ಣ,yes
ಚಿಮ್ಮುತ್ತಾ,,,ಾ,yes
ಕಸರತ್ತು,,,ು,yes
ಪ್ರದರ್ಶಿಸುವ,,,ವ,yes
ಸೂರ್ಯಕಿರಣ,,,ಣ,yes
ವೈಮಾನಿಕ,,,ಕ,yes
ತಂಡದಿಂದ,,,ದ,yes
ಪ್ರಸಿದ್ಧವಾಗಿದೆ,,,ೆ,yes
ಬ್ರಿಟನ್ನಿನ,,,ನ,yes
ಹಾಕ್,,,್,yes
ವಿಮಾನಗಳ,,,ಳ,yes
ನಡೆದಿದೆ,,,ೆ,yes
ಪಟ್ಟಣವು,,,ು,yes
ದಲಿತೋದ್ದಾರ,,,ರ,yes
ಸಲ್ಲಿಸಿದ,,,ದ,yes
ಶತಾಯುಷಿ,,,ಿ,yes
ಡಾ,,,ಾ,yes
ಚೆನ್ನಬಸವ,,,ವ,yes
ಪಟ್ಟದ್ದೇವರಿಂದಾಗಿ,,,ಿ,yes
ಪ್ರಖ್ಯಾತವಾಗಿದೆ,,,ೆ,yes
ಭೌಗೋಳಿಕ,,,ಕ,yes
ವಿವರಗಳು,,,ು,yes
ಮೀಟರ್,,,್,yes
ಅಡಿ,,,ಿ,yes
ಸರಾಸರಿ,,,ಿ,yes
ಉನ್ನತಿಯನ್ನು,,,ು,yes
ನಗರದ,,,ದ,yes
ಹಳೆಯ,,,ಯ,yes
ಮೊಹಮ್ಮದಾಬಾದ್,,,್,yes
ಜಿಲ್ಲೆಯಾದ್ಯಂತ,,,ತ,yes
ವರ್ಷ,,,ಷ,yes
ಪೂರ್ತಿ,,,ಿ,yes
ಬಿಗಿಯಾದ,,,ದ,yes
ಬಲವಾದ,,,ದ,yes
ಹವಾಮಾನದಿಂದ,,,ದ,yes
ಪ್ರಾಯೋಗಿಕವಾಗಿಯೂ,,,ೂ,yes
ಆಕರ್ಷಕವಾಗಿಯೂ,,,ೂ,yes
ಮನೋಹರ,,,ರ,yes
ನಗರವೆಂದು,,,ು,yes
ಪ್ರಸಿದ್ಧಿಯಾಗಿದೆ,,,ೆ,yes
ಬೇಸಿಗೆ,,,ೆ,yes
ತಿಂಗಳುಗಳಾದರೂ,,,ೂ,yes
ಕೂಡ,,,ಡ,yes
ಬಿಸಿ,,,ಿ,yes
ಹವಾಮಾನದ,,,ದ,yes
ಅವಧಿಯಲ್ಲಿ,,,ಿ,yes
ಶಾಖ,,,ಖ,yes
ಹೆಚ್ಚಾದಾಗ,,,ಗ,yes
ಹಠಾತ್ತಾಗಿ,,,ಿ,yes
ಸುರಿಯುವ,,,ವ,yes
ಅಬ್ಬರದ,,,ದ,yes
ವರ್ಷಧಾರೆಯಿಂದ,,,ದ,yes
ಬಿಸಿಯ,,,ಯ,yes
ತಾಪ,,,ಪ,yes
ಕಡಿಮೆಯಾಗಿ,,,ಿ,yes
ಬಿಡುತ್ತದೆ,,,ೆ,yes
ಜೂನ್,,,್,yes
ತಿಂಗಳ,,,ಳ,yes
ಆರಭದಲ್ಲೇ,,,ೇ,yes
ನೈಋತ್ಯ,,,ಯ,yes
ಮುಂಗಾರು,,,ು,yes
ಪೂರ್ಣ,,,ಣ,yes
ಮನೋಹರತೆಯೊಂದಿಗೂ,,,ೂ,yes
ತಂಪಾದ,,,ದ,yes
ಹವೆಯೊಂದಿಗೂ,,,ೂ,yes
ಹವಾಮಾನವನ್ನು,,,ು,yes
ಹೊಂದಿಸಿಕೊಂಡು,,,ು,yes
ಜಿಲ್ಲೆಗೆ,,,ೆ,yes
ಎಂದಿನ,,,ನ,yes
ಆಹ್ಲಾದಕರವಾದ,,,ದ,yes
ವೈಭವವನ್ನು,,,ು,yes
ಮರಳಿ,,,ಿ,yes
ಹೊಂದಿಸಿ,,,ಿ,yes
ಶೀತ,,,ತ,yes
ಹವಾಮಾನ,,,ನ,yes
ಎಂದಿಗೂ,,,ೂ,yes
ಅತಿ,,,ಿ,yes
ತಂಪಾಗಿ,,,ಿ,yes
ಇರುವುದಿಲ್ಲ,,,ಲ,yes
ಮಳೆಯೂ,,,ೂ,yes
ಅತಿಯಾಗಿರುವುದಿಲ್ಲ,,,ಲ,yes
ಅದರಲ್ಲಿರುವ,,,ವ,yes
ವಿಪರೀತ,,,ತ,yes
ಬದಲಾವಣೆಗಳ,,,ಳ,yes
ಲಕ್ಷಣವೇ,,,ೇ,yes
ಜಲಕ್ಷಾಮಕ್ಕೂ,,,ೂ,yes
ದೇಹಾಲಸ್ಯಕ್ಕೂ,,,ೂ,yes
ಕಾರಣವಾಗಿದೆ,,,ೆ,yes
ಮುಖ್ಯವಾದ,,,ದ,yes
ಮೋಡಿ,,,ಿ,yes
ಅಂಶವೆಂದರೆ,,,ೆ,yes
ಪ್ರತಿಯೊಂದು,,,ು,yes
ಹಳ್ಳಿಯಲ್ಲಿಯೂ,,,ೂ,yes
ಬೆಚ್ಚಿ,,,ಿ,yes
ಬೀಳಿಸುವಂತಹ,,,ಹ,yes
ಇತಿಹಾಸದ,,,ದ,yes
ಸ್ಮಾರಕಗಳು,,,ು,yes
ದಂತಕಥೆಗಳು,,,ು,yes
ಸುಂದರವಾದ,,,ದ,yes
ರಾಜಕುಮಾರಿಯರ,,,ರ,yes
ಪ್ರೇಮ,,,ಮ,yes
ಕಥೆಯಗಳು,,,ು,yes
ಮರೆತು,,,ು,yes
ಹೋದ,,,ದ,yes
ದೀರ್ಘ,,,ಘ,yes
ಕದನಗಳ,,,ಳ,yes
ಹಗೆತನದ,,,ದ,yes
ಮಿಲಿಟರಿ,,,ಿ,yes
ಸಾಹಸ,,,ಸ,yes
ಗಳು,,,ು,yes
ತುಂಬಿರುವುದು,,,ು,yes
ಮಧ್ಯಯುಗದ,,,ದ,yes
ಹಿಂದೂ,,,ೂ,yes
ಧರ್ಮದ,,,ದ,yes
ಅಡಿಪಾಯವನ್ನು,,,ು,yes
ಅಸ್ತಿತ್ವವನ್ನು,,,ು,yes
ನಡುಗಿಸಿದ,,,ದ,yes
ಸಾಮಾಜಿಕ,,,ಕ,yes
ಸುಧಾರಣಾ,,,ಾ,yes
ಚಳುವಳಿಗಳಿಗಳು,,,ು,yes
ಆಕರ್ಷಣೆಗಳಲ್ಲೊಂದು,,,ು,yes
ಇಂದಿನ,,,ನ,yes
ಒಳಹರವಿನ,,,ನ,yes
ಒಟ್ಟು,,,ು,yes
ಭೂಮಿಯು,,,ು,yes
ಚದರ,,,ರ,yes
ಕಿಲೋಮೀಟರ್,,,್,yes
ನಷ್ಟು,,,ು,yes
ವಿಸ್ತಾರದಲ್ಲಿ,,,ಿ,yes
ಅಕ್ಷಾಂಶದಲ್ಲಿ,,,ಿ,yes
ಪೂರ್ವ,,,ವ,yes
ರೇಖಾಂಶದಲ್ಲಿ,,,ಿ,yes
ಆಂಧ್ರಪ್ರದೇಶದ,,,ದ,yes
ನಿಜಾಮಾಬಾದ್,,,್,yes
ಮೇಡಕ್,,,್,yes
ಜಿಲ್ಲೆಗಳೊಂದಿಗೂ,,,ೂ,yes
ಪಶ್ಚಿಮಕ್ಕೆ,,,ೆ,yes
ಮಹಾರಾಷ್ಟ್ರದ,,,ದ,yes
ನಾಂದೇಡ್,,,್,yes
ಉಸ್ಮಾನಾಬಾದ್,,,್,yes
ಹೊಂದಿಕೊಂಡಿದೆ,,,ೆ,yes
ದಕ್ಷಿಣದಲ್ಲಿ,,,ಿ,yes
ನೆಲೆಗೊಂಡಿದೆ,,,ೆ,yes
ಇತಿಹಾಸದಲ್ಲಿ,,,ಿ,yes
ಸುಪ್ರಸಿಧ್ಧ,,,ಧ,yes
ಸ್ಥಾನವನ್ನು,,,ು,yes
ಪ್ರಸ್ತುತದಲ್ಲಿ,,,ಿ,yes
ಶತಮಾನಗಳ,,,ಳ,yes
ನಿರ್ಲಕ್ಷ್ಯದ,,,ದ,yes
ನಾಶವಾದ,,,ದ,yes
ಚಿತ್ರಣವನ್ನು,,,ು,yes
ಒದಗಿಸುತ್ತದೆ,,,ೆ,yes
ಭೌಗೋಳಿಕವಾಗಿ,,,ಿ,yes
ಹೈದರಾಬಾದ್,,,್,yes
ಪೂರ್ವದಲ್ಲಿದೆ,,,ೆ,yes
ದಖನ್,,,್,yes
ಪ್ರಸ್ಥಭೂಮಿಯ,,,ಯ,yes
ಭಾಗ,,,ಗ,yes
ಬೆಟ್ಟಗುಡ್ಡಗಳಿಲ್ಲದೆ,,,ೆ,yes
ವಿಶಾಲ,,,ಲ,yes
ಮಟ್ಟಸಪ್ರದೇಶಗಳಿಂದ,,,ದ,yes
ಕೂಡಿದೆ,,,ೆ,yes
ಸಮುದ್ರಮಟ್ಟದಿಂದ,,,ದ,yes
ಮೀಟರು,,,ು,yes
ಎತ್ತರದಲ್ಲಿರುವ,,,ವ,yes
ಹವೆ,,,ೆ,yes
ಹಿತಕರವಾಗಿದೆ,,,ೆ,yes
ವಾರ್ಷಿಕ,,,ಕ,yes
ಮಳೆ,,,ೆ,yes
ಮಿಮೀ,,,ೀ,yes
ಭಾಲ್ಕಿಗಳು,,,ು,yes
ಕಪ್ಪು,,,ು,yes
ಮಣ್ಣಿನ,,,ನ,yes
ನೆಲ,,,ಲ,yes
ಭಾಗದಲ್ಲೂ,,,ೂ,yes
ಖನಿಜ,,,ಜ,yes
ನಿಕ್ಷೇಪಗಳಿಲ್ಲ,,,ಲ,yes
ಮಾಂಜರಾ,,,ಾ,yes
ನದಿಯು,,,ು,yes
ನದಿ,,,ಿ,yes
ಗೋದಾವರಿ,,,ಿ,yes
ನದಿಯ,,,ಯ,yes
ಉಪನದಿಯಾಗಿರುವ,,,ವ,yes
ಕಿಲೋಮೀಟರು,,,ು,yes
ಉದ್ದವಿದ್ದು,,,ು,yes
ಮಧ್ಯದಲ್ಲಿ,,,ಿ,yes
ಪೂರ್ವಾಭಿಮುಖವಾಗಿ,,,ಿ,yes
ಹರಿದು,,,ು,yes
ಆಂಧ್ರದ,,,ದ,yes
ಪ್ರವೇಶಿಸುತ್ತದೆ,,,ೆ,yes
ಕಾರಂಜಾ,,,ಾ,yes
ಮತ್ತೊಂದು,,,ು,yes
ತೆಲಂಗಾಣಾದ,,,ದ,yes
ಕೊಹಿರ್,,,್,yes
ಹುಟ್ಟಿ,,,ಿ,yes
ತಾಲುಕಿನಲ್ಲಿ,,,ಿ,yes
ಭಾಲ್ಕಿಯಲ್ಲಿ,,,ಿ,yes
ನದಿಯನ್ನು,,,ು,yes
ತಾಲೂಕಿನಲ್ಲಿ,,,ಿ,yes
ಹುಟ್ಟುವ,,,ವ,yes
ಮುಲ್ಲಾಮಾರಿ,,,ಿ,yes
ಗುಲ್ಬರ್ಗಾವನ್ನು,,,ು,yes
ಚುಳಕಿ,,,ಿ,yes
ಗಂಡೋರಿ,,,ಿ,yes
ನಗರವಾಲಾ,,,ಾ,yes
ಹುಡಗಿ,,,ಿ,yes
ಹಳ್ಳಿಖೇಡ,,,ಡ,yes
ನಾಲಾ,,,ಾ,yes
ಹೊಳೆಗಳು,,,ು,yes
ಚರಿತ್ರೆ,,,ೆ,yes
ಚಾರಿತ್ರಿಕವಾಗಿ,,,ಿ,yes
ಪ್ರಾಮುಖ್ಯತೆಗೆ,,,ೆ,yes
ಬಂದದ್ದು,,,ು,yes
ಬಸವಣ್ಣನವರ,,,ರ,yes
ಕೆಲಭಾಗಗಳಲ್ಲಿ,,,ಿ,yes
ನವಶಿಲಾಯುಗದ,,,ದ,yes
ಕಾಲದ,,,ದ,yes
ಅವಶೇಷಗಳು,,,ು,yes
ಸಿಕ್ಕಿವೆ,,,ೆ,yes
ರಾಷ್ಟ್ರಕೂಟರು,,,ು,yes
ದೇವಗಿರಿಯ,,,ಯ,yes
ಯಾದವರು,,,ು,yes
ಕಾಕತೀಯರು,,,ು,yes
ಪ್ರದೇಶವನ್ನಾಳಿದ್ದಾರೆ,,,ೆ,yes
ಬಸವಕಲ್ಯಾಣವು,,,ು,yes
ಚಾಲುಕ್ಯರ,,,ರ,yes
ರಾಜಧಾನಿಯಾಗಿತ್ತು,,,ು,yes
ಕ್ರಿಸ್ತಶಕ,,,ಕ,yes
ರಾಜಧಾನಿಯಾಗಿ,,,ಿ,yes
ಬರೀದ್,,,್,yes
ಶಾಹಿ,,,ಿ,yes
ಕಾಲದವರೆಗೆ,,,ೆ,yes
ಮುಂದುವರಿಯಿತು,,,ು,yes
ಪ್ರದೇಶ,,,ಶ,yes
ಅದಿಲ್,,,್,yes
ಶಾಹಿಗಳ,,,ಳ,yes
ವಶವಾಯಿತು,,,ು,yes
ಔರಂಗಜೇಬನು,,,ು,yes
ಮೊಘಲ್,,,್,yes
ಸಾಮ್ರಾಜ್ಯದ,,,ದ,yes
ತೆಕ್ಕೆಗೆ,,,ೆ,yes
ತೆಗೆದುಕೊಂಡ,,,ಡ,yes
ನಿಜಾಮರ,,,ರ,yes
ವಶಕ್ಕೆ,,,ೆ,yes
ಬಂತು,,,ು,yes
ನಿಜಾಮನು,,,ು,yes
ಒಕ್ಕೂಟಕ್ಕೆ,,,ೆ,yes
ಸೇರಿದನು,,,ು,yes
ರಾಜ್ಯ,,,ಯ,yes
ಪುನರ್ವಿಂಗಡನೆಯಾದಾಗ,,,ಗ,yes
ತಾಲೂಕುಗಳು,,,ು,yes
ಕರ್ನಾಟಕದಲ್ಲಿ,,,ಿ,yes
ವಿಲೀನಗೊಂಡವು,,,ು,yes
ಧರ್ಮ,,,ಮ,yes
ಜಿಲ್ಲೆಯಲ್ಲಿ,,,ಿ,yes
ಕ್ರೈಸ್ತ,,,ತ,yes
ಮುಸಲ್ಮಾನ,,,ನ,yes
ಜೈನ್,,,್,yes
ಸಿಖ್,,,್,yes
ಐದು,,,ು,yes
ಧರ್ಮಗಳಿವೆ,,,ೆ,yes
ಬೀದರಿನ,,,ನ,yes
ಪೂರ್ವದಿಕ್ಕಿನಲ್ಲಿರುವ,,,ವ,yes
ದುಲ್ಹನ್,,,್,yes
ದರ್ವಾಜದ,,,ದ,yes
ಕೋಟೆಯಿಂದ,,,ದ,yes
ಹೊರಬಂದು,,,ು,yes
ಕೆಳಗಿಳಿಯುತ್ತಿದ್ದಂತೆ,,,ೆ,yes
ಅಗ್ರಹಾರ,,,ರ,yes
ಹಳ್ಳಿ,,,ಿ,yes
ಸಿಗುತ್ತದೆ,,,ೆ,yes
ಅಲ್ಲಿಂದ,,,ದ,yes
ಸ್ವಲ್ಪ,,,ಪ,yes
ಮುಂದೆ,,,ೆ,yes
ಸಾಗಿದರೆ,,,ೆ,yes
ಎಡಬದಿ,,,ಿ,yes
ದಿಬ್ಬದ,,,ದ,yes
ಅಷ್ಟಕೋನಾಕೃತಿಯ,,,ಯ,yes
ಚೌಖಂಡಿ,,,ಿ,yes
ಮುಸ್ಲಿಂ,,,ಂ,yes
ಕಟ್ಟಡವೊಂದು,,,ು,yes
ಕಾಣುತ್ತದೆ,,,ೆ,yes
ಎಂದರೆ,,,ೆ,yes
ನಾಲ್ಕು,,,ು,yes
ಅಂತಸ್ತುಗಳ,,,ಳ,yes
ಕಟ್ಟಡ,,,ಡ,yes
ವಾಸ್ತವವಾಗಿ,,,ಿ,yes
ಇಲ್ಲಿರುವುದು,,,ು,yes
ಕಟ್ಟಡದಲ್ಲಿ,,,ಿ,yes
ಸುಲ್ತಾನ,,,ನ,yes
ಅಹಮದ್,,,್,yes
ಶಹಾನ,,,ನ,yes
ಆಹ್ವಾನದ,,,ದ,yes
ಮೇರೆಗೆ,,,ೆ,yes
ಇರಾನಿನಿಂದ,,,ದ,yes
ಬಂದ,,,ದ,yes
ಇಸ್ಲಾಮೀ,,,ೀ,yes
ಸಂತ,,,ತ,yes
ಹಜರತ್,,,್,yes
ಖಲೀಲುಲ್ಲಾ,,,ಾ,yes
ಮತ್ತವರ,,,ರ,yes
ಕುಟುಂಬ,,,ಬ,yes
ವರ್ಗದವರನ್ನ,,,ನ,yes
ಸಮಾಧಿಗಳಿವೆ,,,ೆ,yes
ದಿಬ್ಬದಿಂದ,,,ದ,yes
ಇಳಿದುಬಂದು,,,ು,yes
ರಸ್ತೆಯಲ್ಲಿ,,,ಿ,yes
ಅಂದರೆ,,,ೆ,yes
ಅಷ್ಟೂರು,,,ು,yes
ದಾರಿಯಲ್ಲಿ,,,ಿ,yes
ಹೋದರೆ,,,ೆ,yes
ನಾಲ್ಕೈದು,,,ು,yes
ದರ್ಗಾಗಳ,,,ಳ,yes
ಸಮೂಹ,,,ಹ,yes
ಇದೆ,,,ೆ,yes
ಇಲ್ಲಿರುವ,,,ವ,yes
ದರ್ಗಾದಲ್ಲಿ,,,ಿ,yes
ವಜ್ರಗಳಿಂದ,,,ದ,yes
ಅಲಂಕರಿಸಲ್ಪಟ್ಟ,,,ಟ,yes
ಚಿತ್ರಗಳು,,,ು,yes
ಗೋರಿಯನ್ನು,,,ು,yes
ನೋಡಬಹುದಾಗಿದೆ,,,ೆ,yes
ಪಟ್ಟಣಕ್ಕೆ,,,ೆ,yes
ಉತ್ತರಭಾಗದಲ್ಲಿರುವ,,,ವ,yes
ಮಂಗಳಪೇಟೆಯು,,,ು,yes
ಕ್ಷೇತ್ರವಾಗಿದ್ದು,,,ು,yes
ಪ್ರತಿವರ್ಷ,,,ಷ,yes
ತಿಂಗಳಲ್ಲಿ,,,ಿ,yes
ಜಾತ್ರೆ,,,ೆ,yes
ನೆರೆಯುತ್ತದೆ,,,ೆ,yes
ಅದೇರೀತಿ,,,ಿ,yes
ಬಾಲಯೇಸುಜಾತ್ರೆ,,,ೆ,yes
ನಡೆಯುವುದುಂಟು,,,ು,yes
ಸಂತಪುರ,,,ರ,yes
ಹಲಬರ್ಗಾ,,,ಾ,yes
ಜಲಸಂಗ್ವಿ,,,ಿ,yes
ತಾಳಮರಗಿ,,,ಿ,yes
ಹುಲಸೂರ,,,ರ,yes
ಕವಡಿಯಾಳ,,,ಳ,yes
ಹುಮನಾಬಾದ,,,ದ,yes
ಮುಂತಾದೆಡೆಗಳಲ್ಲೂ,,,ೂ,yes
ಚರ್ಚುಗಳನ್ನು,,,ು,yes
ನರಸಿಂಹ,,,ಹ,yes
ಜರನಿ,,,ಿ,yes
ಕ್ಷೇತ್ರದಲ್ಲಿ,,,ಿ,yes
ಗವಿಯಲ್ಲಿ,,,ಿ,yes
ನಡುಮಟ್ಟದ,,,ದ,yes
ನೀರಿನಲ್ಲಿ,,,ಿ,yes
ಮೂವತ್ತು,,,ು,yes
ನಡೆದು,,,ು,yes
ಬಂದರೆ,,,ೆ,yes
ನರಸಿಂಹನ,,,ನ,yes
ದರ್ಶನ,,,ನ,yes
ಪಡೆಯಬಹುದು,,,ು,yes
ಬೀದರದಿಂದ,,,ದ,yes
ಕೆಳಕ್ಕೆ,,,ೆ,yes
ಕಣಿವೆಯಲ್ಲಿರುವ,,,ವ,yes
ಝರಿಯೊಂದು,,,ು,yes
ಹರಿಯುತ್ತಿದ್ದು,,,ು,yes
ನಾನಕ್,,,್,yes
ಝರಾ,,,ಾ,yes
ಸಿಕ್ಕರಿಗೆ,,,ೆ,yes
ಪವಿತ್ರ,,,ರ,yes
ತೀರ್ಥವೆನಿಸಿದೆ,,,ೆ,yes
ಸಿಖ್ಖರ,,,ರ,yes
ಧರ್ಮಗುರುಗಳಾದ,,,ದ,yes
ಗುರುನಾನಕರು,,,ು,yes
ಆಗಮನದಿಂದ,,,ದ,yes
ಪವಿತ್ರಗೊಳಿಸಿದ,,,ದ,yes
ಪುಣ್ಯಸ್ಥಳ,,,ಳ,yes
ಶ್ರೀ,,,ೀ,yes
ಮೈಲಾರ್,,,್,yes
ಮಲ್ಲಣ್ಣ,,,ಣ,yes
ದೇವಸ್ಥಾನ,,,ನ,yes
ಉದ್ಗಿರ್,,,್,yes
ಕಿ,,,ಿ,yes
ಮಿ,,,ಿ,yes
ನಿಂದ,,,ದ,yes
ಕ್ಷೇತ್ರ,,,ರ,yes
ಖಾನಪುರ್,,,್,yes
ಚಿಕ್ಕ,,,ಕ,yes
ಹಳ್ಳಿಯಲ್ಲಿ,,,ಿ,yes
ಇಡಿ,,,ಿ,yes
ಪ್ರಸಿದ್ದ,,,ದ,yes
ಪ್ರತಿ,,,ಿ,yes
ಲಕ್ಷ,,,ಷ,yes
ಭಕ್ತಾದಿಗಳು,,,ು,yes
ಬಂದು,,,ು,yes
ಶಿವನ,,,ನ,yes
ಉಗ್ರ,,,ರ,yes
ಪಡೆಯುತ್ತಾರೆ,,,ೆ,yes
ಇನ್ನೊಂದು,,,ು,yes
ಪಟ್ಟಣ,,,ಣ,yes
ಹುಮ್ನಾಬಾದ್,,,್,yes
ಮಾಣಿಕಪ್ರಭುಗಳ,,,ಳ,yes
ಮಠ,,,ಠ,yes
ನಿರ್ಮಿಸಲಾಗಿರುವ,,,ವ,yes
ವೀರಭದ್ರ,,,ರ,yes
ಜಾತ್ರೆಗಳು,,,ು,yes
ಪ್ರಮುಖವಾದುವು,,,ು,yes
ಬಸವ,,,ವ,yes
ಕಲ್ಯಾಣ,,,ಣ,yes
ತಪೋಭೂಮಿಯೆಂದೇ,,,ೇ,yes
ಅರಿವಿನ,,,ನ,yes
ಅನುಭವ,,,ವ,yes
ಮಂಟಪ,,,ಪ,yes
ಅಕ್ಕನಾಗಮ್ಮನ,,,ನ,yes
ಗವಿ,,,ಿ,yes
ಪರುಷಕಟ್ಟೆ,,,ೆ,yes
ಮಹಾಮನೆ,,,ೆ,yes
ತ್ರಿಪುರಾಂತಕ,,,ಕ,yes
ಕೆರೆ,,,ೆ,yes
ಮೊದಲಾಗಿ,,,ಿ,yes
ಸ್ಥಳಗಳನ್ನು,,,ು,yes
ಸುಸ್ಥಿತಿಯಲ್ಲಿರುವ,,,ವ,yes
ಕೋಟೆಯನ್ನು,,,ು,yes
ಹಿರೇಮಠ,,,ಠ,yes
ಕಲೆ,,,ೆ,yes
ಬಿದರಿಕಲೆ,,,ೆ,yes
ಪ್ರಪಂಚದಾದ್ಯಂತ,,,ತ,yes
ಖ್ಯಾತವಾಗಿರುವ,,,ವ,yes
ಕುಸುರಿ,,,ಿ,yes
ಕಲೆಯು,,,ು,yes
ಪರ್ಶಿಯಾ,,,ಾ,yes
ದೇಶದಿಂದ,,,ದ,yes
ಇಲ್ಲಿಗೆ,,,ೆ,yes
ತದನಂತರ,,,ರ,yes
ರೂಪವನ್ನು,,,ು,yes
ಪಡೆದುಕೊಂಡಿದೆ,,,ೆ,yes
ಕುಶಲ,,,ಲ,yes
ಕೆಲಸಗಾರರು,,,ು,yes
ತಾಮ್ರ,,,ರ,yes
ಸತುವಿನ,,,ನ,yes
ಧಾತುಗಳನ್ನು,,,ು,yes
ಮಿಶ್ರಮಾಡಿ,,,ಿ,yes
ಹೂಜಿ,,,ಿ,yes
ಮುಂತಾದ,,,ದ,yes
ವಸ್ತುಗಳನ್ನು,,,ು,yes
ತಯಾರಿಸಿ,,,ಿ,yes
ಅವುಗಳ,,,ಳ,yes
ಸಣ್ಣದಾಗಿ,,,ಿ,yes
ಕೊರೆದು,,,ು,yes
ಅದರಲ್ಲಿ,,,ಿ,yes
ಬೆಳ್ಳಿಯ,,,ಯ,yes
ತಂತಿಯನ್ನು,,,ು,yes
ಕೂರಿಸಿ,,,ಿ,yes
ಹೊಳಪು,,,ು,yes
ಕೊಡುತ್ತಾರೆ,,,ೆ,yes
ಬಿದರಿ,,,ಿ,yes
ಕಲೆಗೆ,,,ೆ,yes
ವಿದೇಶಗಳಲ್ಲೂ,,,ೂ,yes
ಬಲು,,,ು,yes
ಬೇಡಿಕೆಯಿದೆ,,,ೆ,yes
ವಿಧಾನಸಭೆ,,,ೆ,yes
ಸ್ಥಾನಗಳು,,,ು,yes
ಜಿಲ್ಲೆಯನ್ನು,,,ು,yes
ಕೆಳಗಿನ,,,ನ,yes
ವಿಧಾನಸಭಾ,,,ಾ,yes
ಕ್ಷೇತ್ರಗಳಿಂದ,,,ದ,yes
ಚುನಾಯಿತರಾದ,,,ದ,yes
ಆರು,,,ು,yes
ಸದಸ್ಯರ,,,ರ,yes
ಪ್ರತಿನಿಧಿಸಲಾಗುತ್ತದೆ,,,ೆ,yes
ರಹೀಮ್,,,್,yes
ಖಾನ್,,,್,yes
ಕಾಂಗ್ರೆಸ್,,,್,yes
ಶೈಲೇಂದ್ರ,,,ರ,yes
ಬೆಲ್ದಾಳೆ,,,ೆ,yes
ಬಿಜೆಪಿ,,,ಿ,yes
ಈಶ್ವರ,,,ರ,yes
ಖಂಡ್ರೆ,,,ೆ,yes
ಶರಣು,,,ು,yes
ಸಲಗರ,,,ರ,yes
ಔರಾದ್,,,್,yes
ಪ್ರಭು,,,ು,yes
ಚವ್ಹಾಣ್,,,್,yes
ಸಿದ್ದು,,,ು,yes
ಪಾಟೀಲ್,,,್,yes
ಶಿವಾಪುರ,,,ರ,yes
ಗ್ರಾಮವು,,,ು,yes
ವಿಜಯಪುರ,,,ರ,yes
ಮುದ್ದೇಬಿಹಾಳ,,,ಳ,yes
ತಾಲ್ಲೂಕಿನಲ್ಲಿದೆ,,,ೆ,yes
ಅಕ್ಷಾಂಶ,,,ಶ,yes
ಬರುತ್ತದೆ,,,ೆ,yes
ಬೆಸಿಗೆ,,,ೆ,yes
ಚಳಿಗಾಲದಲ್ಲಿ,,,ಿ,yes
ಹವಾಗುಣವು,,,ು,yes
ಹಿತಕರವಾಗಿದ್ದು,,,ು,yes
ಸಾಧಾರಣ,,,ಣ,yes
ಪ್ರಮಾಣದ,,,ದ,yes
ಮಳೆಯಾಗುತ್ತದೆ,,,ೆ,yes
ಬೇಸಿಗೆಯಲ್ಲಿ,,,ಿ,yes
ಉಷ್ಣತೆ,,,ೆ,yes
ಡಿಗ್ರಿವರೆಗೆ,,,ೆ,yes
ಎಪ್ರೀಲನಲ್ಲಿ,,,ಿ,yes
ಅತೀ,,,ೀ,yes
ಕಡಿಮೆ,,,ೆ,yes
ಡಿಗ್ರಿ,,,ಿ,yes
ಸೆಲ್ಸಿಯಸವರೆಗೆ,,,ೆ,yes
ಡಿಸೆಂಬರನಲ್ಲಿ,,,ಿ,yes
ದಾಖಲಾಗಿದೆ,,,ೆ,yes
ಬೇಸಿಗೆಕಾಲ,,,ಲ,yes
ಸೆಲ್ಸಿಯಸ್,,,್,yes
ಚಳಿಗಾಲ,,,ಲ,yes
ಮಳೆಗಾಲ,,,ಲ,yes
ಮಿಮಿ,,,ಿ,yes
ಗಳಸ್ಟು,,,ು,yes
ಆಗಿರುತ್ತದೆ,,,ೆ,yes
ಗಾಳಿ,,,ಿ,yes
ವೇಗ,,,ಗ,yes
ಕಿಮಿ,,,ಿ,yes
ಗಂ,,,ಂ,yes
ಜೂನ,,,ನ,yes
ಜುಲೈ,,,ೈ,yes
ಅಗಸ್ಟ್,,,್,yes
ಇರುತ್ತದೆ,,,ೆ,yes
ಜನಸಂಖ್ಯೆ,,,ೆ,yes
ಗ್ರಾಮದಲ್ಲಿ,,,ಿ,yes
ಪುರುಷರು,,,ು,yes
ಮಹಿಳೆಯರು,,,ು,yes
ಇದ್ದಾರೆ,,,ೆ,yes
ಭಾಷೆ,,,ೆ,yes
ಸಂಸ್ಕೃತಿಗಳ,,,ಳ,yes
ಪ್ರಭಾವದಿಂದಾಗಿ,,,ಿ,yes
ಮರಾಠಿ,,,ಿ,yes
ಹಿಂದಿ,,,ಿ,yes
ಮಿಶ್ರಿತ,,,ತ,yes
ವಿಶಿಷ್ಠವಾದ,,,ದ,yes
ಧಾನ್ಯ,,,ಯ,yes
ಜೋಳ,,,ಳ,yes
ಗೋಧಿ,,,ಿ,yes
ಅಕ್ಕಿ,,,ಿ,yes
ಮೆಕ್ಕೆ,,,ೆ,yes
ಬೇಳೆಕಾಳುಗಳು,,,ು,yes
ಜವಾರಿ,,,ಿ,yes
ಗುರುತಿಸಲ್ಪಡುವ,,,ವ,yes
ರುಚಿಯ,,,ಯ,yes
ಕಾಯಿಪಲ್ಯ,,,ಯ,yes
ಸೊಪ್ಪುಗಳು,,,ು,yes
ಹೆಸರುವಾಸಿ,,,ಿ,yes
ಸದಾಕಾಲವೂ,,,ೂ,yes
ಲಭ್ಯ,,,ಯ,yes
ಜೋಳದ,,,ದ,yes
ರೊಟ್ಟಿ,,,ಿ,yes
ಸೇಂಗಾ,,,ಾ,yes
ಚಟ್ನಿ,,,ಿ,yes
ಎಣ್ಣಿ,,,ಿ,yes
ಬದನೆಯಕಾಯಿ,,,ಿ,yes
ಪಲ್ಯ,,,ಯ,yes
ಕೆನೆಮೊಸರು,,,ು,yes
ಮೂಲೆಮೂಲೆಗಳಲ್ಲಿ,,,ಿ,yes
ಪ್ರಸಿದ್ಧಿ,,,ಿ,yes
ಪಡೆದಿವೆ,,,ೆ,yes
ಅಪ್ಪಟ,,,ಟ,yes
ಶೈಲಿಯ,,,ಯ,yes
ಕಲೆಯನ್ನು,,,ು,yes
ದೋತ್ರ,,,ರ,yes
ನೆಹರು,,,ು,yes
ಅಂಗಿ,,,ಿ,yes
ರುಮಾಲು,,,ು,yes
ಪಟಕ,,,ಕ,yes
ಧರಿಸುತ್ತಾರೆ,,,ೆ,yes
ಇಲಕಲ್ಲ,,,ಲ,yes
ಸೀರೆ,,,ೆ,yes
ಖಾದಿ,,,ಿ,yes
ಬಟ್ಟೆಗಳನ್ನು,,,ು,yes
ಜನರಿದ್ದಾರೆ,,,ೆ,yes
ಗ್ರಾಮದ,,,ದ,yes
ಇದರೊಂದಿಗೆ,,,ೆ,yes
ಭಾಷೆಗಳನ್ನು,,,ು,yes
ಮಾತನಾಡುತ್ತಾರೆ,,,ೆ,yes
ದೇವಾಲಯ,,,ಯ,yes
ಮಹಾಲಕ್ಷ್ಮಿ,,,ಿ,yes
ದುರ್ಗಾದೇವಿ,,,ಿ,yes
ಮಲ್ಲಿಕಾರ್ಜುನ,,,ನ,yes
ಬಸವೇಶ್ವರ,,,ರ,yes
ವೆಂಕಟೇಶ್ವರ,,,ರ,yes
ಪಾಂಡುರಂಗ,,,ಗ,yes
ಹಣಮಂತ,,,ತ,yes
ಮಸೀದಿ,,,ಿ,yes
ಸಮುದಾಯದ,,,ದ,yes
ದರ್ಗಾ,,,ಾ,yes
ನೀರಾವರಿ,,,ಿ,yes
ಪ್ರತಿಶತ,,,ತ,yes
ಭೂಮಿ,,,ಿ,yes
ಕಾಲುವೆ,,,ೆ,yes
ತೆರದ,,,ದ,yes
ಬಾವಿ,,,ಿ,yes
ಕೊಳವೆ,,,ೆ,yes
ಬಾವಿಯಿಂದ,,,ದ,yes
ಇದ್ದು,,,ು,yes
ಪ್ರಮುಖವಾಗಿ,,,ಿ,yes
ಕಬ್ಬು,,,ು,yes
ಮೆಕ್ಕೆಜೋಳ,,,ಳ,yes
ಉಳ್ಳಾಗಡ್ಡಿ,,,ಿ,yes
ಈರುಳ್ಳಿ,,,ಿ,yes
ನಿಂಬೆಹಣ್ಣು,,,ು,yes
ಪಪ್ಪಾಯ,,,ಯ,yes
ಅರಿಶಿನ,,,ನ,yes
ನೆಲಕಡಲೆ,,,ೆ,yes
ಶೇಂಗಾ,,,ಾ,yes
ಕಡಲೆಕಾಯಿ,,,ಿ,yes
ಸೂರ್ಯಕಾಂತಿ,,,ಿ,yes
ದ್ರಾಕ್ಷಿ,,,ಿ,yes
ದಾಳಿಂಬೆ,,,ೆ,yes
ಬೆಳೆಗಳನ್ನು,,,ು,yes
ಬೆಳೆಯುತ್ತಾರೆ,,,ೆ,yes
ಕೃಷಿ,,,ಿ,yes
ಉದ್ಯೋಗವೇ,,,ೇ,yes
ತೋಟಗಾರಿಕೆಯಾಗಿದೆ,,,ೆ,yes
ಜನರು,,,ು,yes
ಮಾಡುತ್ತಾರೆ,,,ೆ,yes
ಕೇವಲ,,,ಲ,yes
ಮಾತ್ರ,,,ರ,yes
ಉಳಿದ,,,ದ,yes
ಮಳೆಯನ್ನೇ,,,ೇ,yes
ಅವಲಂಭಿಸಿದೆ,,,ೆ,yes
ಆರ್ಥಿಕತೆ,,,ೆ,yes
ಆರ್ಥಿಕ,,,ಕ,yes
ವ್ಯವಸ್ಥೆ,,,ೆ,yes
ಮಧ್ಯಮ,,,ಮ,yes
ತರಗತಿಯಲ್ಲಿದೆ,,,ೆ,yes
ಉದ್ಯೋಗ,,,ಗ,yes
ಫಲವತ್ತಾದ,,,ದ,yes
ಇದುವುದರಿಂದ,,,ದ,yes
ಕೃಷಿಯಲ್ಲಿ,,,ಿ,yes
ನಿರತರಾಗಿದ್ದಾರೆ,,,ೆ,yes
ಕೃಷಿಯು,,,ು,yes
ಉದ್ಯೋಗವಾಗಿದೆ,,,ೆ,yes
ಹೈನುಗಾರಿಕೆ,,,ೆ,yes
ಕೋಳಿ,,,ಿ,yes
ಸಾಕಾಣಿಕೆ,,,ೆ,yes
ದನಗಳ,,,ಳ,yes
ಉಪ,,,ಪ,yes
ಕಸುಬುಗಳಾಗಿವೆ,,,ೆ,yes
ಬೆಳೆ,,,ೆ,yes
ಬೆಳೆಗಳು,,,ು,yes
ಸಜ್ಜೆ,,,ೆ,yes
ಕಡಲೆ,,,ೆ,yes
ತೊಗರಿ,,,ಿ,yes
ಇತ್ಯಾದಿ,,,ಿ,yes
ನಿಂಬೆ,,,ೆ,yes
ಮಾವು,,,ು,yes
ಬಾಳೆ,,,ೆ,yes
ಅರಿಸಿಣ,,,ಣ,yes
ಪಪ್ಪಾಯಿ,,,ಿ,yes
ಕಲ್ಲಂಗಡಿ,,,ಿ,yes
ತರಕಾರಿ,,,ಿ,yes
ಬದನೆಕಾಯಿ,,,ಿ,yes
ಟೊಮ್ಯಾಟೊ,,,ೊ,yes
ಹೀರೇಕಾಯಿ,,,ಿ,yes
ನುಗ್ಗೆಕಾಯಿ,,,ಿ,yes
ಗೆಣಸು,,,ು,yes
ಗಜ್ಜರಿ,,,ಿ,yes
ಮೆಣಸಿನಕಾಯಿ,,,ಿ,yes
ಸೌತೆಕಾಯಿ,,,ಿ,yes
ಮೊಲಂಗಿ,,,ಿ,yes
ಅವರೆಕಾಯಿ,,,ಿ,yes
ಪಡವಲಕಾಯಿ,,,ಿ,yes
ಕುಂಬಳಕಾಯಿ,,,ಿ,yes
ಮೆಂತೆ,,,ೆ,yes
ಪಲ್ಲೆ,,,ೆ,yes
ಕೊತಂಬರಿ,,,ಿ,yes
ಆಲದ,,,ದ,yes
ಮರ,,,ರ,yes
ಬೇವಿನ,,,ನ,yes
ಜಾಲಿ,,,ಿ,yes
ಹೈಬ್ರೀಡ್,,,್,yes
ಮಾವಿನ,,,ನ,yes
ಅರಳಿ,,,ಿ,yes
ಪ್ರಾಣಿ,,,ಿ,yes
ತೋಳ,,,ಳ,yes
ನರಿ,,,ಿ,yes
ಹಾವು,,,ು,yes
ಮೊಲ,,,ಲ,yes
ನವಿಲು,,,ು,yes
ಬೆಳ್ಳಕ್ಕಿ,,,ಿ,yes
ಗುಬ್ಬಿ,,,ಿ,yes
ಕಾಗೆ,,,ೆ,yes
ಕೋಗಿಲೆ,,,ೆ,yes
ಹಬ್ಬ,,,ಬ,yes
ಕಾರ,,,ರ,yes
ಹುಣ್ಣುಮೆ,,,ೆ,yes
ಯುಗಾದಿ,,,ಿ,yes
ದಸರಾ,,,ಾ,yes
ದೀಪಾವಳಿ,,,ಿ,yes
ನಾಗರ,,,ರ,yes
ಪಂಚಮಿ,,,ಿ,yes
ಉರಸು,,,ು,yes
ಮೊಹರಮ್,,,್,yes
ಹಬ್ಬಗಳನ್ನು,,,ು,yes
ಆಚರಿಸುತ್ತಾರೆ,,,ೆ,yes
ಶಿಕ್ಷಣ,,,ಣ,yes
ಸರಕಾರಿ,,,ಿ,yes
ಪ್ರಾಥಮಿಕ,,,ಕ,yes
ಶಾಲೆ,,,ೆ,yes
ಸಾಕ್ಷರತೆ,,,ೆ,yes
ಸಾಕ್ಷರತೆಯ,,,ಯ,yes
ಪ್ರಮಾಣ,,,ಣ,yes
ರಾಜಕೀಯ,,,ಯ,yes
ಲೋಕಸಭಾ,,,ಾ,yes
ಕ್ಷೇತ್ರದ,,,ದ,yes
ವ್ಯಾಪ್ತಿಯಲ್ಲಿ,,,ಿ,yes
ಊಎತೆರ್ಸೆನ್,,,್,yes
ಜರ್ಮನ್,,,್,yes
ಭಾಷ,,,ಷ,yes
ಜರ್ಮನಿದೇಶದ,,,ದ,yes
ವಿಸ್ತೀರ್ಣ,,,ಣ,yes
ಚದುರ,,,ರ,yes
ಸಾಂದ್ರತೆ,,,ೆ,yes
ಕಾಲಮಾನ,,,ನ,yes
ಕೃಪಾಚಾರ್ಯ,,,ಯ,yes
ಮಹಾಭಾರತದಲ್ಲಿ,,,ಿ,yes
ಇವನು,,,ು,yes
ಹಸ್ತಿನಾಪುರದಲ್ಲಿ,,,ಿ,yes
ರಾಜಕುವರರಿಗೆ,,,ೆ,yes
ವಿದ್ಯೆ,,,ೆ,yes
ಕಲಿಸುತ್ತಿದ್ದನು,,,ು,yes
ಆಸ್ಥಾನಪುರೋಹಿತನೂ,,,ೂ,yes
ಆಗಿದ್ದನು,,,ು,yes
ಇವನ,,,ನ,yes
ತಂಗಿ,,,ಿ,yes
ಕೃಪಿಯನ್ನು,,,ು,yes
ದ್ರೋಣಾಚಾರ್ಯರು,,,ು,yes
ಮದುವೆಯಾಗುತ್ತಾರೆ,,,ೆ,yes
ಏಳು,,,ು,yes
ಚಿರಂಜೀವಿಗಳಲ್ಲಿ,,,ಿ,yes
ಒಬ್ಬನು,,,ು,yes
ಕೃಪ,,,ಪ,yes
ಕೃಪೆಯರೂ,,,ೂ,yes
ಅವನ,,,ನ,yes
ಶರಧನ್ವನು,,,ು,yes
ಅಪ್ಸರೆಯನ್ನು,,,ು,yes
ವೀರ್ಯವು,,,ು,yes
ಹುಲ್ಲಿನ,,,ನ,yes
ಬಿದ್ದಾಗ,,,ಗ,yes
ಅದರಿಂದ,,,ದ,yes
ತಕ್ಷಣ,,,ಣ,yes
ಹುಟ್ಟಿದರು,,,ು,yes
ಝೀ,,,ೀ,yes
ಎಂಬುದು,,,ು,yes
ಚಂದಾದಾರಿಕೆಯ,,,ಯ,yes
ವೀಡಿಯೊ,,,ೊ,yes
ಆನ್,,,್,yes
ಡಿಮಾಂಡ್,,,್,yes
ಓವರ್,,,್,yes
ಟಾಪ್,,,್,yes
ಸ್ಟ್ರೀಮಿಂಗ್,,,್,yes
ಸೇವೆಯಾಗಿದ್ದು,,,ು,yes
ಎಂಟರ್,,,್,yes
ಟೈನ್,,,್,yes
ಪ್ರೈಸಸ್,,,್,yes
ನಡೆಸುತ್ತದೆ,,,ೆ,yes
ಭಾರತದಲ್ಲಿ,,,ಿ,yes
ಫೆಬ್ರವರಿ,,,ಿ,yes
ಭಾಷೆಗಳಲ್ಲಿ,,,ಿ,yes
ವಿಷಯದೊಂದಿಗೆ,,,ೆ,yes
ಪ್ರಾರಂಭಿಸಲಾಯಿತು,,,ು,yes
ಮೊಬೈಲ್,,,್,yes
ಅಪ್ಲಿಕೇಶನ್,,,್,yes
ವೆಬ್,,,್,yes
ಆಂಡ್ರಾಯ್ಡ್,,,್,yes
ಐಒಎಸ್,,,್,yes
ಸ್ಮಾರ್ಟ್,,,್,yes
ಟಿವಿಗಳು,,,ು,yes
ಸಾಧನಗಳಲ್ಲಿ,,,ಿ,yes
ಲಭ್ಯವಿದೆ,,,ೆ,yes
ಡಿಸೆಂಬರ್,,,್,yes
ಮಿಲಿಯನ್,,,್,yes
ಮಾಸಿಕ,,,ಕ,yes
ಸಕ್ರಿಯ,,,ಯ,yes
ಬಳಕೆದಾರರನ್ನು,,,ು,yes
ಕ್ಲೇಮ್,,,್,yes
ಮಾಡಿದೆ,,,ೆ,yes
ಇತಿಹಾಸ,,,ಸ,yes
ಓಝೀ,,,ೀ,yes
ಡಿಜಿಟಲ್,,,್,yes
ಲೈನ್,,,್,yes
ಪ್ಲಾಟ್,,,್,yes
ಫಾರ್ಮ್,,,್,yes
ಆಗಿದ್ದು,,,ು,yes
ರಂತೆ,,,ೆ,yes
ಸೇವೆಯನ್ನು,,,ು,yes
ಸಂಯೋಜಿಸಲಾಗಿದೆ,,,ೆ,yes
ಟಿವಿ,,,ಿ,yes
ಕೆಫೆ,,,ೆ,yes
ನಂತಹ,,,ಹ,yes
ಎಲ್ಲಾ,,,ಾ,yes
ಚಾನೆಲ್,,,್,yes
ಕಾರ್ಯಕ್ರಮಗಳನ್ನು,,,ು,yes
ಪ್ರಸಾರ,,,ರ,yes
ಮಾಡಿತು,,,ು,yes
ಜಿಂದಗೀ,,,ೀ,yes
ಒಝೀ,,,ೀ,yes
ಎಕ್ಸ್,,,್,yes
ಕ್ಲೂಸಿವ್,,,್,yes
ಆಗಿದ್ದರಿಂದ,,,ದ,yes
ಜಿಂದಗಿ,,,ಿ,yes
ಪ್ರತ್ಯೇಕವಾಗಿ,,,ಿ,yes
ಜಾಹೀರಾತು,,,ು,yes
ಬೆಂಬಲವನ್ನು,,,ು,yes
ಸಾಧನವನ್ನು,,,ು,yes
ಬಳಸಿದರೂ,,,ೂ,yes
ಉಚಿತವಾಗಿದೆ,,,ೆ,yes
ನಿಂದಾಗಿ,,,ಿ,yes
ಸ್ಥಗಿತಗೊಂಡಿದೆ,,,ೆ,yes
ಏಕೀಕರಣ,,,ಣ,yes
ಅಸ್ತಿತ್ವದಲ್ಲಿರುವ,,,ವ,yes
ಗಳನ್ನು,,,ು,yes
ಒಳಗೊಳ್ಳುತ್ತದೆ,,,ೆ,yes
ಓಜಿ,,,ಿ,yes
ಆಧಾರಿತ,,,ತ,yes
ಡಿಟ್ಟೋ,,,ೋ,yes
ಚಂದಾದಾರಿಕೆ,,,ೆ,yes
ಮೂಲಗಳು,,,ು,yes
ಅಂತರರಾಷ್ಟ್ರೀಯ,,,ಯ,yes
ಚಲನಚಿತ್ರಗಳು,,,ು,yes
ಕಾರ್ಯಕ್ರಮಗಳು,,,ು,yes
ಲೈವ್,,,್,yes
ಸೇರಿದಂತೆ,,,ೆ,yes
ಗಂಟೆಗಳ,,,ಳ,yes
ದೂರದರ್ಶನ,,,ನ,yes
ಆರೋಗ್ಯ,,,ಯ,yes
ಜೀವನಶೈಲಿ,,,ಿ,yes
ವೀಡಿಯೊಗಳು,,,ು,yes
ಪ್ರಾದೇಶಿಕ,,,ಕ,yes
ಪ್ರೋಗ್ರಾಮಿಂಗ್,,,್,yes
ವೇದಿಕೆಯು,,,ು,yes
ಕೂಚಿ,,,ಿ,yes
ತೆಲುಗು,,,ು,yes
ಅಮೇರಿಕಾ,,,ಾ,yes
ಮಾಪಿಳ್ಳೈ,,,ೈ,yes
ತಮಿಳು,,,ು,yes
ಧಟ್,,,್,yes
ತೇರೆ,,,ೆ,yes
ನೊಂದಿಗೆ,,,ೆ,yes
ಸರಣಿಗಳನ್ನು,,,ು,yes
ಮಾಡಲು,,,ು,yes
ಪ್ರಾರಂಭಿಸಿತು,,,ು,yes
ಕಲ್ಲಾಚಿರಿಪ್ಪು,,,ು,yes
ಶೀರ್ಷಿಕೆಯ,,,ಯ,yes
ಸರಣಿಯನ್ನು,,,ು,yes
ಪರಿಚಯಿಸಿತು,,,ು,yes
ಜನಪ್ರಿಯ,,,ಯ,yes
ಚಲನಚಿತ್ರ,,,ರ,yes
ನಿರ್ಮಾಪಕ,,,ಕ,yes
ಕಾರ್ತಿಕ್,,,್,yes
ಸುಬ್ಬರಾಜ್,,,್,yes
ಕರೆಂಜಿತ್,,,್,yes
ಕೌರ್,,,್,yes
ಅನ್,,,್,yes
ಟೋಲ್ಡ್,,,್,yes
ಸ್ಟೋರಿ,,,ಿ,yes
ಸನ್ನಿ,,,ಿ,yes
ಲಿಯೋನ್,,,್,yes
ಜೀವನಚರಿತ್ರೆಯ,,,ಯ,yes
ನಿರ್ಮಿಸಿದರು,,,ು,yes
ಲೈಫ್,,,್,yes
ಸಾಹಿ,,,ಿ,yes
ಹೈ,,,ೈ,yes
ಗಳಂತಹ,,,ಹ,yes
ಪ್ರದರ್ಶನಗಳೊಂದಿಗೆ,,,ೆ,yes
ಆಲ್ಟ್,,,್,yes
ಬಾಲಾಜಿ,,,ಿ,yes
ಕಂಟೆಂಟ್,,,್,yes
ಮೈತ್ರಿಯನ್ನು,,,ು,yes
ಘೋಷಿಸುತ್ತವೆ,,,ೆ,yes
ಚಂದಾದಾರರು,,,ು,yes
ವಿಷಯದ,,,ದ,yes
ಮೂಲಗಳಿಗೆ,,,ೆ,yes
ತಡೆರಹಿತ,,,ತ,yes
ಪ್ರವೇಶವನ್ನು,,,ು,yes
ಡಬ್ಬಿಂಗ್,,,್,yes
ಸಂಯೋಜನೆಗೊಳ್ಳುವವರೆಗೆ,,,ೆ,yes
ಪ್ರದರ್ಶನಗಳನ್ನು,,,ು,yes
ಟೋಟಲ್,,,್,yes
ಡ್ರೀಮರ್,,,್,yes
ಲವ್,,,್,yes
ಸ್ನೋಡ್ರಾಪ್,,,್,yes
ಬಾಯ್ಸ್,,,್,yes
ಫ್ಲವರ್ಸ್,,,್,yes
ಮಾಲೀಕತ್ವದ,,,ದ,yes
ಮಾಡಲಾಯಿತು,,,ು,yes
ಸೈಟ್,,,್,yes
ಪ್ರತ್ಯೇಕ,,,ಕ,yes
ವಿಭಾಗದಲ್ಲಿದ್ದವು,,,ು,yes
ಚಲನಚಿತ್ರಗಳ,,,ಳ,yes
ವ್ಯಾಪಕ,,,ಕ,yes
ಸಂಗ್ರಹವನ್ನು,,,ು,yes
ನೀಡಿತು,,,ು,yes
ಏಕೀಕರಣಗೊಳ್ಳುವ,,,ವ,yes
ಮೊದಲು,,,ು,yes
ಪ್ರಸಾರವಾದ,,,ದ,yes
ಪ್ರಸಾರವನ್ನು,,,ು,yes
ಒಳಗೊಂಡಿವೆ,,,ೆ,yes
ಕೇರಳಂ,,,ಂ,yes
ಮಲಯಾಳಂ,,,ಂ,yes
ಸಾರ್ಥಕ್,,,್,yes
ಒಡಿಯಾ,,,ಾ,yes
ಜೀ,,,ೀ,yes
ಬಾಂಗ್ಲಾ,,,ಾ,yes
ಬಂಗಾಳಿ,,,ಿ,yes
ಪಂಜಾಬಿ,,,ಿ,yes
ಗಂಗಾ,,,ಾ,yes
ಭೋಜ್,,,್,yes
ಪುರಿ,,,ಿ,yes
ನಲ್ಲಿಲ್ಲದ,,,ದ,yes
ಮನರಂಜನಾ,,,ಾ,yes
ಸೇರಿವೆ,,,ೆ,yes
ಅನ್ಮೋಲ್,,,್,yes
ತೆಗೆದುಕೊಳ್ಳಲಾದ,,,ದ,yes
ಸರಣಿ,,,ಿ,yes
ಯುವ,,,ವ,yes
ಹೈಪಿ,,,ಿ,yes
ಹಿಪಿ,,,ಿ,yes
ಪ್ರೇಕ್ಷಕರಿಗೆ,,,ೆ,yes
ಹಂಚಿಕೆ,,,ೆ,yes
ವೇದಿಕೆಯಾಗಿದೆ,,,ೆ,yes
ಬಳಕೆದಾರರು,,,ು,yes
ಸ್ವಂತ,,,ತ,yes
ವೀಡಿಯೊಗಳನ್ನು,,,ು,yes
ರೆಕಾರ್ಡ್,,,್,yes
ಅಪ್,,,್,yes
ಲೋಡ್,,,್,yes
ಹಂಚಿಕೊಂಡ,,,ಡ,yes
ವೀಕ್ಷಿಸಬಹುದು,,,ು,yes
ತೊಡಗಿಸಿಕೊಳ್ಳಬಹುದು,,,ು,yes
ಉಚಿತವಾಗಿ,,,ಿ,yes
ಪ್ರವೇಶಿಸಬಹುದು,,,ು,yes
ಲಭ್ಯತೆ,,,ೆ,yes
ದೇಶದಲ್ಲೂ,,,ೂ,yes
ಪ್ರಾರಂಭಿಸಲಾಗಿದೆ,,,ೆ,yes
ಕೊನೆಯದಾಗಿ,,,ಿ,yes
ಯುನೈಟೆಡ್,,,್,yes
ಸ್ಟೇಟ್ಸ್,,,್,yes
ಆಡ್,,,್,yes
ವಾಲ್ಟ್,,,್,yes
ಆಂಪ್ಲಿ,,,ಿ,yes
ಪ್ಲೇ,,,ೇ,yes
ವಿಶ್,,,್,yes
ಬಾಕ್ಸ್,,,್,yes
ಸೂಟ್,,,್,yes
ಪ್ರಾರಂಭಿಸಿದೆ,,,ೆ,yes
ವೊಡಾಫೋನ್,,,್,yes
ಐಡಿಯಾದ,,,ದ,yes
ಏರ್,,,್,yes
ಟೆಲ್,,,್,yes
ಸ್ಟ್ರೀಮ್,,,್,yes
ಭಾರತಿ,,,ಿ,yes
ನಲ್ಲಿಯೂ,,,ೂ,yes
ಐಡಿಯಾ,,,ಾ,yes
ಸೇರಿಕೊಂಡಿತು,,,ು,yes
ಥಿಯೇಟರ್,,,್,yes
ಕರೆಯಲ್ಪಡುವ,,,ವ,yes
ಚಾನಲ್,,,್,yes
ರಚಿಸಿತು,,,ು,yes
ಮಾಡುತ್ತದೆ,,,ೆ,yes
ಗಳಲ್ಲಿ,,,ಿ,yes
ನೀಡುತ್ತದೆ,,,ೆ,yes
ವರ್ಧಿತ,,,ತ,yes
ಯುಐ,,,ಐ,yes
ಯುಯೆಕ್ಸ್,,,್,yes
ಸುಧಾರಿತ,,,ತ,yes
ಕಾರ್ಯಕ್ಷಮತೆಯನ್ನು,,,ು,yes
ಒದಗಿಸಲು,,,ು,yes
ಜಾಗತಿಕ,,,ಕ,yes
ಟೆಕ್,,,್,yes
ದೈತ್ಯರಾದ,,,ದ,yes
ಅಪ್ಲಿಕಾಸ್ಟರ್,,,್,yes
ಲೋಟಮೆ,,,ೆ,yes
ತಲಾಮೂಸ್,,,್,yes
ಎಐ,,,ಐ,yes
ವರ್ಧನೆ,,,ೆ,yes
ಪ್ರಾರಂಭವಾದ,,,ದ,yes
ಮಿನಿಟ್,,,್,yes
ಲಿ,,,ಿ,yes
ಪಾಲುದಾರಿಕೆ,,,ೆ,yes
ಬಾಹ್ಯ,,,ಯ,yes
ಕೊಂಡಿಗಳು,,,ು,yes
ದರ್ಬೆ,,,ೆ,yes
ಚಂದ್ರಶೇಖರ,,,ರ,yes
ಚೌಟ,,,ಟ,yes
ಓರ್ವ,,,ವ,yes
ಕೃಷಿವಿಜ್ಞಾನಿ,,,ಿ,yes
ತಳಿವಿಜ್ಞಾನ,,,ನ,yes
ಸಂಶೋಧಕ,,,ಕ,yes
ಕಾಸರಗೋಡು,,,ು,yes
ಮಂಜೇಶ್ವರ,,,ರ,yes
ತಾಲೂಕು,,,ು,yes
ಹುಟ್ಟೂರು,,,ು,yes
ತಂದೆಯ,,,ಯ,yes
ಪಟೇಲ್,,,್,yes
ನಾರಾಯಣ,,,ಣ,yes
ತಾಯಿ,,,ಿ,yes
ಮೋಹಿನಿ,,,ಿ,yes
ಬಾಂಬೆ,,,ೆ,yes
ವಿಶ್ವವಿದ್ಯಾನಿಲಯದಲ್ಲಿ,,,ಿ,yes
ಉಪನ್ಯಾಸಕರಾಗಿ,,,ಿ,yes
ಸಲ್ಲಿಸಿದ್ದಾರೆ,,,ೆ,yes
ತಳಿವಿಜ್ಞಾನದ,,,ದ,yes
ಜೀವ,,,ವ,yes
ವೈವಿಧ್ಯ,,,ಯ,yes
ಪರಿಸರ,,,ರ,yes
ಕುರಿತು,,,ು,yes
ಸಂಶೋಧನೆ,,,ೆ,yes
ನಡೆಸಿದ್ದಾರೆ,,,ೆ,yes
ಅಭಿವೃದ್ಧಿಗಾಗಿ,,,ಿ,yes
ಬಹುರೂಪಿ,,,ಿ,yes
ಪ್ರಯೋಗಗಳನ್ನು,,,ು,yes
ಸಿ,,,ಿ,yes
ಚೌಟರವರು,,,ು,yes
ಮೀಯಪದವಿನ,,,ನ,yes
ವಿದ್ಯಾವರ್ಧಕ,,,ಕ,yes
ಪ್ರೌಢ,,,ಢ,yes
ಶಾಲೆಯಲ್ಲಿ,,,ಿ,yes
್ರೌಢ,,,ಢ,yes
ಕೊಡ್ಲಮೊಗರು,,,ು,yes
ಶ್ರೀವಾಣಿವಿಜಯ,,,ಯ,yes
ಮಂಗಳೂರಿನ,,,ನ,yes
ಸೈಂಟ್,,,್,yes
ಅಲೋಸಿಯಸ್,,,್,yes
ಎಸ್ಸಿ,,,ಿ,yes
ವಿಶ್ವವಿದ್ಯಾಲಯದ,,,ದ,yes
ಇನ್ಸ್ಟಿಟ್ಯೂಟ್,,,್,yes
ಸಯನ್ಸ್ನಿಂದ,,,ದ,yes
ಸ್ನಾತಕೋತ್ತರ,,,ರ,yes
ಸಂಶೋಧನ,,,ನ,yes
ಪ್ರಬಂಧಕ್ಕೆ,,,ೆ,yes
ಡಾಕ್ಟ್ರೇಟ್,,,್,yes
ಪಿಎಚ್,,,್,yes
ಪಡೆದಿದ್ದಾರೆ,,,ೆ,yes
ವರೆಗೆ,,,ೆ,yes
ಸಯನ್ಸ್ನಲ್ಲಿ,,,ಿ,yes
ಗೌರವ,,,ವ,yes
ಅಧ್ಯಾಪಕರಾಗಿ,,,ಿ,yes
ವಿಶ್ವವಿದ್ಯಾನಿಲಯದ,,,ದ,yes
ಕೇಂದ್ರದ,,,ದ,yes
ಜೀವವಿಜ್ಞಾನ,,,ನ,yes
ವಿಭಾಗದಲ್ಲಿ,,,ಿ,yes
ಉಪನ್ಯಾಸಕರಾಗಿದ್ದರು,,,ು,yes
ಕೊಡುಗೆ,,,ೆ,yes
ಸಹೋದರರೊಡನೆ,,,ೆ,yes
ತೋಟಗಾರಿಕೆಯಲ್ಲಿ,,,ಿ,yes
ತೊಡಗಿಸಿಕೊಂಡಿದ್ದಾರೆ,,,ೆ,yes
ರಂದ,,,ದ,yes
ಅಣಬೆ,,,ೆ,yes
ಸಿಹಿ,,,ಿ,yes
ನೀರಿನ,,,ನ,yes
ಮೀನು,,,ು,yes
ಸಾಕಣೆಯಲ್ಲಿ,,,ಿ,yes
ಮೊತ್ತಮೊದಲನೆಯದಾಗಿ,,,ಿ,yes
ಸಾಕಣೆಯನ್ನು,,,ು,yes
ಆರಂಭಿಸಿದರು,,,ು,yes
ಕುಟುಂಬದೊಂದಿಗೆ,,,ೆ,yes
ಮೀಂಜ,,,ಜ,yes
ಕೃಷಿಯನ್ನು,,,ು,yes
ಪಡೆಸಲು,,,ು,yes
ಪ್ರಯೋಗ,,,ಗ,yes
ಗುಡ್ಡದ,,,ದ,yes
ಇಳಿಜಾರಿನಲ್ಲಿ,,,ಿ,yes
ಮೇಲ್ಮಣ್ಣಿನ,,,ನ,yes
ಸಂರಕ್ಷಣೆಯೊಂದಿಗೆ,,,ೆ,yes
ಅಡಿಕೆ,,,ೆ,yes
ತೆಂಗು,,,ು,yes
ಲಾಭದಾಯಕವಾಗದ,,,ದ,yes
ಎಡೆ,,,ೆ,yes
ಬೆಳೆಗಳಾದ,,,ದ,yes
ಕೊಕ್ಕೊ,,,ೊ,yes
ಕಾಳುಮೆಣಸಿನ,,,ನ,yes
ಒಣಗಿಸುವ,,,ವ,yes
ಅಂಗಳದಲ್ಲಿ,,,ಿ,yes
ಮಳೆಗಾಲದಲ್ಲಿ,,,ಿ,yes
ತರಕಾರಿಗಳನ್ನು,,,ು,yes
ಬೆಳೆಸಿದ್ದಾರೆ,,,ೆ,yes
ತೆಂಗಿನ,,,ನ,yes
ತೋಟದಲ್ಲಿ,,,ಿ,yes
ಬಾಲೆ,,,ೆ,yes
ರಂಬುಟಾನ್,,,್,yes
ಮಾಂಗಸ್ಟೀನ್,,,್,yes
ಬೆಣ್ಣೆ,,,ೆ,yes
ಹಣ್ಣುಗಳನ್ನು,,,ು,yes
ಬೆಳೆಯುವ,,,ವ,yes
ಗಿಡ್ಡ,,,ಡ,yes
ತಳಿಗಳನ್ನು,,,ು,yes
ಬೆಳೆದು,,,ು,yes
ಎಳನೀರಿನ,,,ನ,yes
ಕೊಯಿಲನ್ನು,,,ು,yes
ಬೃಹತ್,,,್,yes
ಪ್ರಮಾಣದಲ್ಲಿ,,,ಿ,yes
ಉಪಕ್ರಮವು,,,ು,yes
ತೋಟದ,,,ದ,yes
ಬೆಳೆಗಳ,,,ಳ,yes
ಸಂಶೋಧನಾ,,,ಾ,yes
ಸಂಸ್ಥೆಯಿಂದ,,,ದ,yes
ಮನ್ನಣೆ,,,ೆ,yes
ಪಡೆದಿದೆ,,,ೆ,yes
ಕೇರಳದಲ್ಲಿ,,,ಿ,yes
ಪ್ರಥಮವಾಗಿ,,,ಿ,yes
ಗಿಡಗಳ,,,ಳ,yes
ನರ್ಸರಿ,,,ಿ,yes
ಸೀಡ್,,,್,yes
ಗಾರ್ಡನ್,,,್,yes
ನ್ನು,,,ು,yes
ಸ್ಥಾಪಿಸಿದ್ದಾರೆ,,,ೆ,yes
ಚಾವಕ್ಕಾಡ್,,,್,yes
ಕೆಂಪು,,,ು,yes
ತಳೆ,,,ೆ,yes
ಮಲಯನ್,,,್,yes
ಹಳದಿ,,,ಿ,yes
ತಳಿಯಾದ,,,ದ,yes
ಬೊಂಡಮ್,,,್,yes
ರೈತರನ್ನು,,,ು,yes
ವೆನಿಲ್ಲಾ,,,ಾ,yes
ಬೆಳೆಗಾರರ,,,ರ,yes
ಸಂಘವನ್ನು,,,ು,yes
ಕಟ್ಟಿ,,,ಿ,yes
ಸಂಸ್ಕರಣೆ,,,ೆ,yes
ಮಾರಾಟ,,,ಟ,yes
ನಡೆಸಲು,,,ು,yes
ಸಹಕರಿಸಿದರು,,,ು,yes
ಅಖಿಲ,,,ಲ,yes
ಭಾರತ,,,ತ,yes
ಸಂಘದ,,,ದ,yes
ಉಪಾಧ್ಯಕ್ಷರಾಗಿದ್ದರು,,,ು,yes
ಸಮಾಗಮ,,,ಮ,yes
ಸಂಸ್ಥೆಯನ್ನು,,,ು,yes
ಹುಟ್ಟುಹಾಕಿದ್ದಾರೆ,,,ೆ,yes
ಮೇಳ,,,ಳ,yes
ಕಾರ್ಯಗಾರ,,,ರ,yes
ದಿನಗಳ,,,ಳ,yes
ಸಮಾಲೋಚನಾ,,,ಾ,yes
ಸಭ,,,ಭ,yes
ಮೀಯಪದವಿನಲ್ಲಿ,,,ಿ,yes
ದಕ್ಷಿಣದ,,,ದ,yes
ರಾಜ್ಯಗಳ,,,ಳ,yes
ಹಣ್ಣು,,,ು,yes
ಕರಾವಳಿ,,,ಿ,yes
ಜಿಲ್ಲೆಗಳ,,,ಳ,yes
ರೈತರಿಗೆ,,,ೆ,yes
ಶಿಬಿರ,,,ರ,yes
ಜಲಸಂರಕ್ಷಣೆ,,,ೆ,yes
ಕೊಯಿಲೋತ್ತರ,,,ರ,yes
ಕಾರ್ಯಗಾರಗಳು,,,ು,yes
ಕೇರಳ,,,ಳ,yes
ತಮಿಳುನಾಡು,,,ು,yes
ಆಂಧ್ರಪ್ರದೇಶಗಳಲ್ಲಿ,,,ಿ,yes
ಅಗ್ರಿಕಲ್ಚರ್,,,್,yes
ಟೆಕ್ನೋಲೊಜಿ,,,ಿ,yes
ಮಿಷನ್,,,್,yes
ಸಹಕಾರದೊಂದಿಗೆ,,,ೆ,yes
ಪ್ರವಾಸ,,,ಸ,yes
ಹಣ್ಣುಗಳ,,,ಳ,yes
ಕೃಷಿಯ,,,ಯ,yes
ಸಂಗ್ರಹಕ್ಕಾಗಿ,,,ಿ,yes
ಕೃಷಿಕರೊಂದಿಗೆ,,,ೆ,yes
ಮಲೇಷಿಯ,,,ಯ,yes
ಥಾಯಿಲೇಂಡ್,,,್,yes
ದೇಶಗಳಿಗೆ,,,ೆ,yes
ಅಮೇರಿಕಾದ,,,ದ,yes
ಟೆಕ್ಸಾಸ್,,,್,yes
ವಿದ್ಯಾಲಯ,,,ಯ,yes
ಕೆನೆಡಾದ,,,ದ,yes
ಮೇಗಿಲ್ಲ್,,,್,yes
ವಿಭಾಗಗಳ,,,ಳ,yes
ಸಂದರ್ಶನ,,,ನ,yes
ಹಾರ್ವರ್ಡ್,,,್,yes
ಅರ್ಬರೇಟಮ್,,,್,yes
ಹೆರ್ಬೇರಿಯಮ್,,,್,yes
ವಿದ್ಯಾಲಯಗಳ,,,ಳ,yes
ಪುರಸ್ಕಾರ,,,ರ,yes
ಐಸಿರಿ,,,ಿ,yes
ಕೃಷಿಕ,,,ಕ,yes
ನಾಡ,,,ಡ,yes
ಚೇತನ,,,ನ,yes
ನವದೆಹಲಿಯ,,,ಯ,yes
ಗಾಂಧಿಯನ್,,,್,yes
ಸ್ಟಡೀಸ್,,,್,yes
ಉತ್ತಮ,,,ಮ,yes
ಬೆಳೆಗಾರ,,,ರ,yes
ರಾಜ್ಯೋತ್ಸವ,,,ವ,yes
ವಷ,,,ಷ,yes
ಅನ್ವೇಷಕ,,,ಕ,yes
ಆಳ್ವಾಸ್,,,್,yes
ನುಡಿಸಿರಿ,,,ಿ,yes
ಉಲ್ಲೇಖ,,,ಖ,yes
ಬಾಲ್ಯ,,,ಯ,yes
ಡೊರೊಥಿಯಾ,,,ಾ,yes
ರುತ್,,,್,yes
ಎಟ್ಚೆಲ್ಸ್,,,್,yes
ಬ್ಯಾರೋ,,,ೋ,yes
ಇನ್,,,್,yes
ಫರ್ನೆಸ್ನಲ್ಲಿ,,,ಿ,yes
ಬೆಳೆದರು,,,ು,yes
ಆಕೆಯ,,,ಯ,yes
ಕಾಂಗ್ರೆಗೇಷನಲ್,,,್,yes
ಸಚಿವರಾಗಿದ್ದರು,,,ು,yes
ಲಿವರ್ಪೂಲ್,,,್,yes
ಲಿವರ್ಪೂಲ್ನ,,,ನ,yes
ಕ್ರಾಸ್ಬೈನಲ್ಲಿನ,,,ನ,yes
ಮರ್ಚಂಟ್,,,್,yes
ಟೈಲರ್ರ,,,ರ,yes
ಗರ್ಲ್ಸ್,,,್,yes
ನಲ್ಲಿದ್ದರು,,,ು,yes
ಇಂಗ್ಲಿಷ್ನ,,,ನ,yes
ಲ್ಲಿ,,,ಿ,yes
ಪಡೆದುಕೊಂಡರು,,,ು,yes
ಐಗ್ಬರ್ತ್,,,್,yes
ವ್ಯಾಲೆ,,,ೆ,yes
ಪ್ರೌಢಶಾಲೆಯಲ್ಲಿ,,,ಿ,yes
ಇಂಗ್ಲೀಷ್,,,್,yes
ವಿಭಾಗದ,,,ದ,yes
ಮುಖ್ಯಸ್ಥರಾಗಿದ್ದರು,,,ು,yes
ಚೆಸ್ಟರ್,,,್,yes
ಕಾಲೇಜ್,,,್,yes
ಎಜುಕೇಶನ್ನಲ್ಲಿ,,,ಿ,yes
ನಿವಾಸ,,,ಸ,yes
ಶಿಕ್ಷರಾನಾಗಿ,,,ಿ,yes
ಹಾಗು,,,ು,yes
ರಾಷ್ಟಕವಿ,,,ಿ,yes
ಕಾಲೇಜಿನ,,,ನ,yes
ಸಮಯವನ್ನು,,,ು,yes
ದುರ್ಹಮ್,,,್,yes
ವಿಶ್ವವಿದ್ಯಾನಿಲಯ,,,ಯ,yes
ನೀಡಿದ್ದರೆ,,,ೆ,yes
ವಿಸ್ವವಿದ್ಯಾನಿಲಯ,,,ಯ,yes
ಅರಂಭವಾಗಿತ್ತು,,,ು,yes
ಆರ್ಚ್ಡೆಕಾನ್,,,್,yes
ಚಾರ್ಲ್ಸ್,,,್,yes
ಥಾರ್ಪ್,,,್,yes
ಮೊದಲ,,,ಲ,yes
ಅಡುಗ,,,ಗ,yes
ವಾರ್ಡನರಾಗಿದ್ದರು,,,ು,yes
ಹಾಗೇ,,,ೇ,yes
ರುಥ್,,,್,yes
ಎತ್ಛೆಲ್ಲ್ಸ್,,,್,yes
ಮಾಡುತ್ತ,,,ತ,yes
ತ್ರೆವೆಲ್ಯನ್,,,್,yes
ಪ್ರಾಂಶುಪಾಲರಾಗಿ,,,ಿ,yes
ಮಾಡುತ್ತಿದ್ದರು,,,ು,yes
ಸ್ತ್,,,್,yes
ಜೊಹ್ನ್ಸ್,,,್,yes
ಇಂದ,,,ದ,yes
ಚರ್ಚ್,,,್,yes
ಇಂಗ್ಲೆಂಡ್,,,್,yes
ಪಾದ್ರಿಗಳ,,,ಳ,yes
ತರಬೇತಿಗೆ,,,ೆ,yes
ಮೀಸಲಾದ,,,ದ,yes
ಮುಖ್ಯಸ್ಥರಾಗಿದ್ದಳೆ,,,ೆ,yes
ಹಾಗೆ,,,ೆ,yes
ಮಹಿಳೆ,,,ೆ,yes
ಕೆಲಸವನ್ನು,,,ು,yes
ವಹಿಸಿಕೋಡಕೆ,,,ೆ,yes
ಕೆಲಸದಿಂದ,,,ದ,yes
ಚಾನ್ಸೆಲರ್,,,್,yes
ಪದಕ,,,ಕ,yes
ಮಾನ್ಯತೆ,,,ೆ,yes
ಡರ್ಹಾಮ್,,,್,yes
ಜೀವನಕ್ಕೆ,,,ೆ,yes
ಅತ್ಯುತ್ತಮ,,,ಮ,yes
ಜಾನ್ಸ್ಗೆ,,,ೆ,yes
ನೇಮಕವು,,,ು,yes
ದೇವಾಶಾಸ್ತ್ರಕ್ಕಿಂತ,,,ತ,yes
ವಿಶೇಷತೆಗೆ,,,ೆ,yes
ಸಮಗ್ರ,,,ರ,yes
ಸಾಹಿತ್ಯದ,,,ದ,yes
ಪ್ರಭಾವಶಾಲಿ,,,ಿ,yes
ಮುರಿದ,,,ದ,yes
ಕ್ರಿಶ್ಚಿಯನ್,,,್,yes
ಅಧ್ಯಯನವನ್ನು,,,ು,yes
ಥಿಯೊಲಾಜಿ,,,ಿ,yes
ಕ್ಷೇತ್ರಗಳಲ್ಲಿ,,,ಿ,yes
ಕೋರ್ಸ್,,,್,yes
ಪ್ರಿನ್ಸಿಪಾಲ್ನ,,,ನ,yes
ನೇಮಕಾತಿಯ,,,ಯ,yes
ಕಟ್ಟಡಗಳ,,,ಳ,yes
ನವೀಕರಣ,,,ಣ,yes
ಕಠಿಣ,,,ಣ,yes
ನೀತಿ,,,ಿ,yes
ಬಹು,,,ು,yes
ಶಿಸ್ತಿನ,,,ನ,yes
ಪುಸ್ತಕಗಳ,,,ಳ,yes
ಸಮತೋಲನಕ್ಕೆ,,,ೆ,yes
ಕಾರಣವಾದ,,,ದ,yes
ಶ್ರಮದಾಯಕ,,,ಕ,yes
ಕಾರ್ಯಕ್ರಮವನ್ನು,,,ು,yes
ಪ್ರಾರಂಭಿಸಿದರು,,,ು,yes
ಪಾಂಡಿತ್ಯಪೂರ್ಣ,,,ಣ,yes
ಇವ್ಯಾಂಜೆಲಿಕಲ್,,,್,yes
ಸಂಪ್ರದಾಯದಲ್ಲಿ,,,ಿ,yes
ದೃಢವಾಗಿ,,,ಿ,yes
ಉಡುಗೊರೆಗಳು,,,ು,yes
ಬದ್ಧತೆ,,,ೆ,yes
ಶೀಘ್ರದಲ್ಲೇ,,,ೇ,yes
ಚರ್ಚ್ನಿಂದ,,,ದ,yes
ಗುರುತಿಸಪಟ್ಟವು,,,ು,yes
ಜನರಲ್,,,್,yes
ಸಿನೊಡಿಗೆ,,,ೆ,yes
ಚುನಾವಣೆಯಾದ,,,ದ,yes
ಡಾಕ್ಟ್ರಿನ್,,,್,yes
ಕಮಿಷನ್,,,್,yes
ಕ್ರೌನ್,,,್,yes
ನೇಮಕಾತಿಗಳ,,,ಳ,yes
ಆಯೋಗಕ್ಕೆ,,,ೆ,yes
ನೇಮಕಗೊಂಡರು,,,ು,yes
ಡಿಯೊಸೆಸನ್,,,್,yes
ಬಿಶಪ್ಗಳ,,,ಳ,yes
ನಾಮನಿರ್ದೇಶನಕ್ಕೆ,,,ೆ,yes
ಜವಾಬ್ದಾರಿ,,,ಿ,yes
ವಹಿಸಿದ್ದರು,,,ು,yes
ಕ್ಯಾಂಟರ್ಬರಿಯ,,,ಯ,yes
ಆರ್ಚ್,,,್,yes
ಬಿಷಪ್,,,್,yes
ಆಗಿ,,,ಿ,yes
ಜಾರ್ಜ್,,,್,yes
ಕ್ಯಾರಿಯವರು,,,ು,yes
ಸಮಯದಲ್ಲಿ,,,ಿ,yes
ಸೇರಿದ್ದರು,,,ು,yes
ಸಿನೊಡ್ನಲ್ಲಿ,,,ಿ,yes
ಕೆಥೆಡ್ರಲ್,,,್,yes
ಹೌಸ್,,,್,yes
ಲೈಟಿ,,,ಿ,yes
ಚೇರ್ಮನ್,,,್,yes
ಯೂನಿವರ್ಸಿಟಿಯೊಂದಿಗೆ,,,ೆ,yes
ಪ್ರಾರಂಭಿಸಿದಳು,,,ು,yes
ಟ್ರೆವೆಲಿಯನ್,,,್,yes
ಇಂಗ್ಲಿಷ್ನಲ್ಲಿ,,,ಿ,yes
ಬೋಧಕ,,,ಕ,yes
ಅರೆಕಾಲಿಕ,,,ಕ,yes
ಉಪನ್ಯಾಸಕರಾದರು,,,ು,yes
ಪ್ರಧಾನರಾದರು,,,ು,yes
ವರ್ಷದ,,,ದ,yes
ಉಪನ್ಯಾಸಕರು,,,ು,yes
ಶಿಕ್ಷಕರಗಿದ್ದರು,,,ು,yes
ಆಧುನಿಕ,,,ಕ,yes
ನಾಟಕವನ್ನು,,,ು,yes
ಕಲಿತರು,,,ು,yes
ವಿದ್ಯಾರ್ಥಿಗಳನ್ನು,,,ು,yes
ಬೆಕೆಟ್,,,್,yes
ಓಸ್ಬೋರ್ನ್,,,್,yes
ಪಿಂಟರ್,,,್,yes
ಕೃತಿಗಳಿಗೆ,,,ೆ,yes
ಮಾನವೀಯ,,,ಯ,yes
ವ್ಯಕ್ತಿ,,,ಿ,yes
ಗಮನಾರ್ಹ,,,ಹ,yes
ಗ್ರಾಮೀಣ,,,ಣ,yes
ಕೌಶಲ್ಯ,,,ಯ,yes
ವ್ಯವಹರಿಸುವಾಗ,,,ಗ,yes
ಸುಲಭವಾಗಿ,,,ಿ,yes
ನಾಚಿಕೆ,,,ೆ,yes
ವಿದ್ಯಾರ್ಥಿ,,,ಿ,yes
ಹೊಂದಿಸಲು,,,ು,yes
ನೀಡಲಾಯಿತು,,,ು,yes
ಸ್ನೇಹಕ್ಕಾಗಿ,,,ಿ,yes
ವ್ಯಾಪಕವಾಗಿ,,,ಿ,yes
ಪ್ರಭಾವವನ್ನು,,,ು,yes
ವಿಸ್ತರಿಸಿದೆ,,,ೆ,yes
ಜಾನ್ಸ್ನ,,,ನ,yes
ಪ್ರಿನ್ಸಿಪಾಲ್,,,್,yes
ಬಂದಾಗ,,,ಗ,yes
ಮೌಲ್ಯಯುತವಾಗಿರಲಿಲ್ಲ,,,ಲ,yes
ಮಹಿಳೆಯನ್ನು,,,ು,yes
ಇನ್ನೂ,,,ೂ,yes
ಸೇರಿಸಿಕೊಳ್ಳಬೇಕಾಗಿತ್ತು,,,ು,yes
ಗಂಡು,,,ು,yes
ನಿಯಮಗಳನ್ನು,,,ು,yes
ಸ್ತ್ರೀಯರ,,,ರ,yes
ತಲೆಯೆಂದು,,,ು,yes
ಹೊಂದಲು,,,ು,yes
ಅಸಮರ್ಥರಾಗಿದ್ದರು,,,ು,yes
ವಿಶ್ವಾಸವನ್ನು,,,ು,yes
ಗೆದ್ದರು,,,ು,yes
ಮಹಿಳಾ,,,ಾ,yes
ಪೌರತ್ವಕ್ಕೆ,,,ೆ,yes
ದೀಕ್ಷೆ,,,ೆ,yes
ಸಲ್ಲಿಸುವ,,,ವ,yes
ವರ್ಷಗಳು,,,ು,yes
ಹಾದುಹೋಗುವವು,,,ು,yes
ಡಯಕೊನೇಟ್ಗೆ,,,ೆ,yes
ಸಾಧ್ಯವಾಯಿತು,,,ು,yes
ಕಛೇರಿಗೆ,,,ೆ,yes
ಅಭ್ಯರ್ಥಿಗಳಿಗೆ,,,ೆ,yes
ತರಬೇತಿಯನ್ನು,,,ು,yes
ಸಿನೊಡ್,,,್,yes
ಚರ್ಚೆಯಲ್ಲಿ,,,ಿ,yes
ಪೌರೋಹಿತ್ಯದ,,,ದ,yes
ಮಹಿಳೆಯರಿಗೆ,,,ೆ,yes
ನೀಡಿದಾಗ,,,ಗ,yes
ಅಧಿಕೃತವಾಗಿ,,,ಿ,yes
ಮಾತನಾಡಿದರು,,,ು,yes
ನೀತಿಯನ್ನು,,,ು,yes
ಅಳವಡಿಸಿಕೊಳ್ಳುವುದ್ದರ,,,ರ,yes
ಪ್ರಕ್ರಿಯೆಯನ್ನು,,,ು,yes
ಪೂರ್ಣಗೊಳಿಸಿತು,,,ು,yes
ಆರ್ಡಿನಾಂಡ್ಸ್ನ,,,ನ,yes
ವೃತ್ತಿಪರ,,,ರ,yes
ವಾರ್ಡನ್,,,್,yes
ಸಂಬಂಧಿತ,,,ತ,yes
ಕ್ರಾನ್,,,್,yes
ಹಾಲ್ನಲ್ಲಿ,,,ಿ,yes
ಕೈಗೊಂಡಿದೆ,,,ೆ,yes
ಎಚೆಲ್ಸ್,,,್,yes
ಮತ್ತ,,,ತ,yes
ಮೇಲ್ವಿಚಾರಣೆಯನ್ನು,,,ು,yes
ಸರ್ಕಾರದ,,,ದ,yes
ಸಹಭಾಗಿತ್ವವನ್ನು,,,ು,yes
ಹೊರತುಪಡಿಸಿ,,,ಿ,yes
ಕೇಂಬ್ರಿಜ್ನ,,,ನ,yes
ರಿಡ್ಲೆ,,,ೆ,yes
ಹಾಲ್ನ,,,ನ,yes
ಸದಸ್ಯರಾಗಿದ್ದ,,,ದ,yes
ಸೊಸೈಟಿಯ,,,ಯ,yes
ಪ್ರಕಟವಾದ,,,ದ,yes
ಕೃತಿಗಳಲ್ಲಿ,,,ಿ,yes
ಮೈ,,,ೈ,yes
ಪೀಪಲ್,,,್,yes
ಫ್ರೀ,,,ೀ,yes
ಚರ್ಚ್ಗೆ,,,ೆ,yes
ಭಾವವನ್ನು,,,ು,yes
ಹೆಚ್ಚಿಸಲು,,,ು,yes
ಲೌಕಿಕತೆಯ,,,ಯ,yes
ಭಾವಪೂರ್ಣವಾದ,,,ದ,yes
ಮನವಿಯನ್ನು,,,ು,yes
ಒಳಗೊಂಡಿತ್ತು,,,ು,yes
ಯೂನಿವರ್ಸಿಟಿಯಿಂದ,,,ದ,yes
ಡ್ಯುರ್ಹ್ಯಾಮ್ನಲ್ಲಿ,,,ಿ,yes
ಉಳಿದು,,,ು,yes
ಗಾಜಿನ,,,ನ,yes
ಕೆಲಸದ,,,ದ,yes
ಯಶಸ್ವಿಯಾಗಿ,,,ಿ,yes
ಕೌಶಲ್ಯವನ್ನು,,,ು,yes
ಬೆಳೆಸಿದರು,,,ು,yes
ಕ್ಯಾಥೆಡ್ರಲ್,,,್,yes
ಕಟ್ಟಡದ,,,ದ,yes
ನೆಲಮಾಳಿಗೆಯಲ್ಲಿ,,,ಿ,yes
ರಚಿಸಲಾದ,,,ದ,yes
ಸ್ಟುಡಿಯೋವೊಂದರಲ್ಲಿ,,,ಿ,yes
ನಡೆಸಿದರು,,,ು,yes
ಅವಿವಾಹಿತರು,,,ು,yes
ಆಗಸ್ಟ್,,,್,yes
ನಿಧನರಾದರು,,,ು,yes
ವೇಬ್ಯಾಕ್,,,್,yes
ಮೆಷಿನ್,,,್,yes
ಒಣ,,,ಣ,yes
ಸಿಗಡಿ,,,ಿ,yes
ರುಚಿಕರವಾದ,,,ದ,yes
ಮಸಾಲೆಯುಕ್ತ,,,ತ,yes
ಸಿಗಡಿಗಳನ್ನು,,,ು,yes
ಉಪಯೋಗಿಸಿ,,,ಿ,yes
ಮಾಡಲಾಗುತ್ತದೆ,,,ೆ,yes
ಕೆಲವೇ,,,ೇ,yes
ನಿಮಿಷಗಳಲ್ಲಿ,,,ಿ,yes
ತಯಾರಿಸಬಹುದು,,,ು,yes
ಹಳ್ಳಿಗಳಲ್ಲಿ,,,ಿ,yes
ಬಡತನ,,,ನ,yes
ಇದ್ದಲ್ಲಿ,,,ಿ,yes
ಇಂತಹ,,,ಹ,yes
ಚಟ್ನಿಗಳನ್ನು,,,ು,yes
ಹೊಟ್ಟೆ,,,ೆ,yes
ತುಂಬಿಸುತ್ತಿದ್ದರು,,,ು,yes
ಅದರಲ್ಲೂ,,,ೂ,yes
ಆಟಿ,,,ಿ,yes
ಊಟ,,,ಟ,yes
ಬೇಕಾಗುವ,,,ವ,yes
ಸಾಮಾಗ್ರಿಗಳು,,,ು,yes
ಒಣಗಿದ,,,ದ,yes
ಚಮಚ,,,ಚ,yes
ಎಣ್ಣೆ,,,ೆ,yes
ಶುಂಠಿ,,,ಿ,yes
ಮೂರರಿಂದ,,,ದ,yes
ಹಸಿಮೆಣಸಿನಕಾಯಿ,,,ಿ,yes
ಕೊತ್ತಂಬರಿ,,,ಿ,yes
ಬೀಜ,,,ಜ,yes
ಕಪ್,,,್,yes
ಕಾಯಿ,,,ಿ,yes
ತುರಿ,,,ಿ,yes
ಬೆಳ್ಳುಳ್ಳಿ,,,ಿ,yes
ಎಸಳು,,,ು,yes
ಹುಣಸೆ,,,ೆ,yes
ಮಾಡುವ,,,ವ,yes
ವಿಧಾನ,,,ನ,yes
ಮೊದಲಿಗೆ,,,ೆ,yes
ಬಾಣಲೆಗೆ,,,ೆ,yes
ಹಾಕಿ,,,ಿ,yes
ಕಂದು,,,ು,yes
ಬಣ್ಣಕ್ಕೆ,,,ೆ,yes
ಬರುವ,,,ವ,yes
ತನಕ,,,ಕ,yes
ಫ್ರೈ,,,ೈ,yes
ಹುರಿದುಕೊಳ್ಳಿ,,,ಿ,yes
ಗರಿಗರಿಯಾದ,,,ದ,yes
ಬಳಿಕ,,,ಕ,yes
ಬಾಣಲೆಯಿಂದ,,,ದ,yes
ತೆಗೆದು,,,ು,yes
ತಣ್ಣಗಾಗಲು,,,ು,yes
ಬಿಡಬೇಕು,,,ು,yes
ಮಿಕ್ಸಿ,,,ಿ,yes
ಸಾಮಗ್ರಿಗಳನ್ನು,,,ು,yes
ಒಮ್ಮೆ,,,ೆ,yes
ಗ್ರೈಂಡ್,,,್,yes
ಮಾಡಿಕೊಳ್ಳಬೇಕು,,,ು,yes
ರುಬ್ಬಿದ,,,ದ,yes
ಮಸಾಲೆಗೆ,,,ೆ,yes
ಮತ್ತೊಮ್ಮೆ,,,ೆ,yes
ಮಾಡಿಕೊಳ್ಳಿ,,,ಿ,yes
ಮಸಾಲೆಯನ್ನು,,,ು,yes
ನುಣ್ಣಗೆ,,,ೆ,yes
ರುಬ್ಬಿಕೊಳ್ಳಬಾರದು,,,ು,yes
ಮಿಶ್ರಣ,,,ಣ,yes
ಮಾಡಿದರೆ,,,ೆ,yes
ರೆಡಿಯಾದಂತೆ,,,ೆ,yes
ಸಿಗಡಿಯಲ್ಲಿ,,,ಿ,yes
ಉಪ್ಪಿನ,,,ನ,yes
ಅಂಶವಿರುವ,,,ವ,yes
ಕಾರಣ,,,ಣ,yes
ಬೇಕಿದ್ದರೆ,,,ೆ,yes
ಉಪ್ಪು,,,ು,yes
ಸೇರಿಸಿಕೊಳ್ಳಬೇಕು,,,ು,yes
ಗಂಜಿಯ,,,ಯ,yes
ಸಿಗಡಿಯ,,,ಯ,yes
ಚಟ್ನಿಯನ್ನು,,,ು,yes
ಸೇವಿಸಿದರೆ,,,ೆ,yes
ರುಚಿಯೇ,,,ೇ,yes
ಬೇರೆ,,,ೆ,yes
ನೀರು,,,ು,yes
ಹಾಕದೆ,,,ೆ,yes
ಹುಡಿ,,,ಿ,yes
ಬಾಷೆಯಲ್ಲಿ,,,ಿ,yes
ನುಂಗೆಲ್,,,್,yes
ಎಟ್ಟಿ,,,ಿ,yes
ತುಳು,,,ು,yes
ಹನುಮನಹಳ್ಳಿ,,,ಿ,yes
ಕಪನೀಗೌಡ,,,ಡ,yes
ರಾಜೇಗೌಡ,,,ಡ,yes
ಸಾಹಿತ್ಯಲೋಕದಲ್ಲಿ,,,ಿ,yes
ಎಂದೇ,,,ೇ,yes
ಜಾನಪದ,,,ದ,yes
ಸಂಗ್ರಹಣೆ,,,ೆ,yes
ಸಂಪಾದನೆಯಲ್ಲಿ,,,ಿ,yes
ರಾಜೇಗೌಡರದು,,,ು,yes
ಹಾ,,,ಾ,yes
ಮಾ,,,ಾ,yes
ಶಂ,,,ಂ,yes
ಪರಮಶಿವಯ್ಯನವರ,,,ರ,yes
ಸಹವರ್ತಿಯಾಗಿ,,,ಿ,yes
ಅಧ್ಯಯನಕ್ಕೆ,,,ೆ,yes
ದುಡಿದ,,,ದ,yes
ಸಂಶೋಧನೆಯ,,,ಯ,yes
ಮಹತ್ವನ್ನು,,,ು,yes
ಪ್ರಾಯೋಗಿಕವಾಗಿ,,,ಿ,yes
ಸಾಧಿಸಿ,,,ಿ,yes
ತೋರಿಸಿದ,,,ದ,yes
ಆದ್ಯರಲ್ಲಿ,,,ಿ,yes
ನಾಗಮಂಗಲ,,,ಲ,yes
ತಾಲೂಕಿನ,,,ನ,yes
ಹನುಮನಹಳ್ಳಿಯ,,,ಯ,yes
ಕುಟುಂಬದಲ್ಲಿ,,,ಿ,yes
ಪಡೆದ,,,ದ,yes
ಆಸಕ್ತಿ,,,ಿ,yes
ಅಧ್ಯಯನದೆಡೆ,,,ೆ,yes
ಹೊರಳಿತು,,,ು,yes
ಕನಕಪುರ,,,ರ,yes
ಕಾಲೇಜುಗಳಲ್ಲಿ,,,ಿ,yes
ರಾಜೇಗೌಡರು,,,ು,yes
ಕುವೆಂಪು,,,ು,yes
ವಿಭಾಗ,,,ಗ,yes
ಸೇರಿದರು,,,ು,yes
ಫಲವಾಗಿ,,,ಿ,yes
ಸಾಕಷ್ಟು,,,ು,yes
ಮೌಲಿಕ,,,ಕ,yes
ಕೃತಿಗಳು,,,ು,yes
ಹೊರಬಂದವು,,,ು,yes
ಮಾತನಾಡಬಲ್ಲ,,,ಲ,yes
ಭಾಷೆಗಳ,,,ಳ,yes
ಕಥೆಗಳನ್ನು,,,ು,yes
ಅನುವಾದಿಸಿ,,,ಿ,yes
ಪ್ರಕಟಿಸಿದ್ದಾರೆ,,,ೆ,yes
ಯಕ್ಷಗಾನ,,,ನ,yes
ಅಕಾಡೆಮಿಯ,,,ಯ,yes
ಸದಸ್ಯರಾಗಿ,,,ಿ,yes
ಸಂಶೋಧಕರ,,,ರ,yes
ಛಾಪು,,,ು,yes
ಮೂಡಿಸಿದ್ದಾರೆ,,,ೆ,yes
ಮರಣ,,,ಣ,yes
ಗುರುವಾರದಂದು,,,ು,yes
ಮೈಸೂರಿನಲ್ಲಿ,,,ಿ,yes
ವಯಸ್ಸಾಗಿತ್ತು,,,ು,yes
ಸಂಪಾದಿಸಿ,,,ಿ,yes
ಪ್ರಕಟಿಸಿರುವ,,,ವ,yes
ಅಸಂಖ್ಯಾತ,,,ತ,yes
ಲೇಖನಗಳು,,,ು,yes
ಕೆಲವನ್ನು,,,ು,yes
ಪಟ್ಟಿ,,,ಿ,yes
ಮಾಡಲಾಗಿದೆ,,,ೆ,yes
ಕಥಾಸಂಕಲನಗಳು,,,ು,yes
ಜಗತ್ತಿನ,,,ನ,yes
ಜನಪದ,,,ದ,yes
ಹುಯ್ಯುತ್ತಿದೆ,,,ೆ,yes
ವಿಮರ್ಶಾಕೃತಿಗಳು,,,ು,yes
ವಿವೇಚನೆ,,,ೆ,yes
ಸಂಪಾದನೆ,,,ೆ,yes
ಲೋಕ,,,ಕ,yes
ಸಂಪುಟ,,,ಟ,yes
ಕರಿಭಂಟನ,,,ನ,yes
ಕಾಳಗ,,,ಗ,yes
ಕೊಡಗದ,,,ದ,yes
ಮಾರಯ್ಯನ,,,ನ,yes
ಕಲ್ಯಾಣಕೀರ್ತಿಯ,,,ಯ,yes
ಪರೋಪಕಾರಿ,,,ಿ,yes
ಗುಜ್ಜೇಗೌಡ,,,ಡ,yes
ಅಭಿನಂದನಾ,,,ಾ,yes
ಗ್ರಂಥ,,,ಥ,yes
ಸಾಹಸಯಾತ್ರಿ,,,ಿ,yes
ಪಿ,,,ಿ,yes
ಜವರಪ್ಪ,,,ಪ,yes
ಗೌಡ,,,ಡ,yes
ಸಾವನ,,,ನ,yes
ದುರ್ಗ,,,ಗ,yes
ಚುಂಚನಗಿರಿ,,,ಿ,yes
ಸಮಾರಂಭ,,,ಭ,yes
ದಲ್ಲಿ,,,ಿ,yes
ರಾಜಪಥ,,,ಥ,yes
ಸಮರ್ಪಣೆ,,,ೆ,yes
ಮಹಾಸಂಸ್ಥಾನ,,,ನ,yes
ಚುಂಚಶ್ರೀ,,,ೀ,yes
ಆದಿಚುಂಚನಗಿರಿಯಲ್ಲಿ,,,ಿ,yes
ನೇ,,,ೇ,yes
ಮಂಡ್ಯ,,,ಯ,yes
ಸಮ್ಮೇಳನದ,,,ದ,yes
ಸರ್ವಾಧ್ಯಕ್ಷ,,,ಷ,yes
ಅಕಾಡೆಮಿಯಿಂದ,,,ದ,yes
ಗದ್ದಗಿಮಠ,,,ಠ,yes
ಹೊರಗಿನ,,,ನ,yes
ಸುಸನ್ನಾ,,,ಾ,yes
ಹ್ಯಾರಿಸನ್,,,್,yes
ಕಾರ್ಮಿಕ,,,ಕ,yes
ವರ್ಗದ,,,ದ,yes
ಕವಿಯತ್ರಿ,,,ಿ,yes
ಕವಿಯತ್ರಿಯು,,,ು,yes
ಅಗಿದ್ದರು,,,ು,yes
ಪದ್ಯಗಳು,,,ು,yes
ಸಮಾಜದ,,,ದ,yes
ಒಳಿತಿಗಾಗಿ,,,ಿ,yes
ಶ್ರೇಯಸ್ಸಿಗಾಗಿ,,,ಿ,yes
ಉಪಯೋಗಕರವಾಗಿತ್ತು,,,ು,yes
ಆಗಿನ,,,ನ,yes
ಜನರ,,,ರ,yes
ವ್ಯಕ್ತಿತ್ವವನ್ನು,,,ು,yes
ಹೆಚ್ಚಿಸುವುದಕ್ಕಾಗಿ,,,ಿ,yes
ಸಹಕಾರವಾಯಿತು,,,ು,yes
ಸಾಂಗ್ಸ್,,,್,yes
ನೈಟ್,,,್,yes
ಕವನ,,,ನ,yes
ಪ್ರಚಲಿತಗೊಂಡಿತು,,,ು,yes
ಇಪ್ಸ್ವಿಚ್,,,್,yes
ಜನಿಸಿದ್ದರು,,,ು,yes
ವೈಯುಕ್ತಿಕ,,,ಕ,yes
ಸಂಗ್ರಹವಾಗ್ಗಿದ,,,ದ,yes
ಕಾವ್ಯ,,,ಯ,yes
ಬ್ರಿಟನ್,,,್,yes
ಇಪ್ಪತ್ತೊಂದು,,,ು,yes
ಆವೃತ್ತಿಗಳಲ್ಲಿ,,,ಿ,yes
ಕಂಡಿತು,,,ು,yes
ಅದನ್ನು,,,ು,yes
ಹದಿನೆಂಟನೇ,,,ೇ,yes
ಶತಮಾನದ,,,ದ,yes
ಕವಿ,,,ಿ,yes
ಬರೆದ,,,ದ,yes
ಮಾರಟದ,,,ದ,yes
ಸಂಗ್ರಹಗಳಲ್ಲಿ,,,ಿ,yes
ಒಂದಾಗಿತ್ತು,,,ು,yes
ದೇಶೀಯ,,,ಯ,yes
ಸೇವಕಿಯಾಗಿದ್ದರು,,,ು,yes
ಆರ್ತಿಕ,,,ಕ,yes
ಪರಿಸ್ತಿತಿ,,,ಿ,yes
ಇಲ್ಲದ್ದಿದ,,,ದ,yes
ಕರಣದಿಂದಾಗಿ,,,ಿ,yes
ಸೇವಕಿಯಾಗಿ,,,ಿ,yes
ಓದು,,,ು,yes
ಬರಹವನ್ನು,,,ು,yes
ತವಾಗಿಯೆ,,,ೆ,yes
ಕಲೆತರು,,,ು,yes
ಇಪ್ಪತ್ತು,,,ು,yes
ಕಾಯಿಲೆಯಿಂದ,,,ದ,yes
ನರಳಿ,,,ಿ,yes
ಬದುಕಲು,,,ು,yes
ಸಾಧ್ಯವಾಗುವುದಿಲ್ಲವೆಂದು,,,ು,yes
ತಿಳಿದರು,,,ು,yes
ಕಾವ್ಯವನ್ನು,,,ು,yes
ಕಾನ್ಗ್ರೀಗೇಶನಲಿಸ್ಟ್,,,್,yes
ಸಚಿವ,,,ವ,yes
ಜಾನ್,,,್,yes
ಕಾಂಡೋರ್ಗೆಗೆ,,,ೆ,yes
ನೀಡಿದ್ದರು,,,ು,yes
ಸಹಯದಿಂದಾಗಿ,,,ಿ,yes
ಪದ್ಯಗಳನ್ನು,,,ು,yes
ಪ್ರಕಟಿಸಿದ,,,ದ,yes
ಪ್ರೇಮಿಗಳ,,,ಳ,yes
ಮನಸ್ಸು,,,ು,yes
ಕದಲಿಸಿತು,,,ು,yes
ಇದರಲ್ಲಿ,,,ಿ,yes
ಶ್ಲೋಕಗಳು,,,ು,yes
ಹತ್ತು,,,ು,yes
ಆವೃತ್ತಿಯ,,,ಯ,yes
ಹಾದುಹೋಯಿತು,,,ು,yes
ಅವಳು,,,ು,yes
ಬಿಗ್ನ್,,,್,yes
ವರ್ಲ್ಡ್ಲೀ,,,ೀ,yes
ಕೇರ್ಸ್,,,್,yes
ಅವೇ,,,ೇ,yes
ದೇವರನ್ನು,,,ು,yes
ಪ್ರೀತಿಸುವ,,,ವ,yes
ಸಂತೋಷದ,,,ದ,yes
ಆತ್ಮಗಳು,,,ು,yes
ಕಾವ್ಯಗಳನ್ನು,,,ು,yes
ರಚಿಸಿದರೆ,,,ೆ,yes
ವಿಷಯಗಳನ್ನೆಲ್ಲ,,,ಲ,yes
ಸಂಗ್ರಹಿಸಿದವರು,,,ು,yes
ಜೂಲಿಯನ್,,,್,yes
ಡಿಕ್ಷನರಿ,,,ಿ,yes
ಹೈಮ್ನಾಲಜಿ,,,ಿ,yes
ಪುಸ್ತಕದಲ್ಲಿ,,,ಿ,yes
ಬರೆಯಲಾಗಿತ್ತು,,,ು,yes
ಕ್ಷಯರೋಗದಿಂದಾಗಿ,,,ಿ,yes
ಅನಾರೋಗ್ಯಕ್ಕೆ,,,ೆ,yes
ಒಳಗಾದಳು,,,ು,yes
ಅನಂತರ,,,ರ,yes
ಆರೋಗ್ಯದ,,,ದ,yes
ಕಡೆ,,,ೆ,yes
ಗಮನ,,,ನ,yes
ಸಲ್ಲಿಸ,,,ಸ,yes
ಬೇಕೆಂದು,,,ು,yes
ತಿಳಿದು,,,ು,yes
ಮನೆಗೆ,,,ೆ,yes
ಮರಳಿದಳು,,,ು,yes
ಬರೆಯಲು,,,ು,yes
ತಾನೇ,,,ೇ,yes
ಕಲೆತುಕೊಂಡಳು,,,ು,yes
ಅವಳ,,,ಳ,yes
ವರ್ಷಗಳಲ್ಲಿ,,,ಿ,yes
ಕಾಲವನ್ನು,,,ು,yes
ವೃಧ,,,ಧ,yes
ಮಾಡದೆ,,,ೆ,yes
ಸ್ತೋತ್ರಗಳನ್ನು,,,ು,yes
ಕಾವ್ಯಗಳಲ್ಲಿ,,,ಿ,yes
ಒಂದಾದ,,,ದ,yes
ಓದಿದರೆ,,,ೆ,yes
ಧ್ಯಾನ,,,ನ,yes
ಮಾಡಿದಷ್ಟು,,,ು,yes
ಸಡಿಲವಾಗುತ್ತಿತ್ತು,,,ು,yes
ರೈಟರ್,,,್,yes
ರವರಿಂದ,,,ದ,yes
ತುಂಬ,,,ಬ,yes
ಸಹಯವಯಿತೆಂದರು,,,ು,yes
ವೇಳೆಗೆ,,,ೆ,yes
ಸಾವು,,,ು,yes
ಸಂಭವಿಸಿದಾಗ,,,ಗ,yes
ನಂಬಿಕೆಯ,,,ಯ,yes
ಅಭಿವ್ಯಕ್ತಿ,,,ಿ,yes
ಪ್ರಾಮಾಣಿಕತೆಯ,,,ಯ,yes
ಇಂಗ್ಲೆಂಡ್ನಲ್ಲಿ,,,ಿ,yes
ಹನ್ನೊಂದು,,,ು,yes
ಆವೃತ್ತಿಗಳು,,,ು,yes
ಅಮೆರಿಕಾದಲ್ಲಿ,,,ಿ,yes
ಹೆಚ್ಚುವರಿ,,,ಿ,yes
ಮುದ್ರಣಗೊಂಡವು,,,ು,yes
ಸಂಗ್ರಹವಾದ,,,ದ,yes
ಮುನ್ನುಡಿಯಲ್ಲಿ,,,ಿ,yes
ಹೆಣ್ಣು,,,ು,yes
ಶಿಕ್ಷಣಕ್ಕೆ,,,ೆ,yes
ಪ್ರಮುಖ್ಯತೆ,,,ೆ,yes
ನೀಡಿದಳು,,,ು,yes
ಅಸ್ಪಷ್ಟ,,,ಟ,yes
ಯುವತಿಯಳ,,,ಳ,yes
ಶಿಕ್ಷಣದ,,,ದ,yes
ಪ್ರಯೋಜನಗಳ,,,ಳ,yes
ಹತಾಶರಾಗಿ,,,ಿ,yes
ದೈಹಿಕ,,,ಕ,yes
ನೋವುಗಳ,,,ಳ,yes
ಅಡಿಯಲ್ಲಿ,,,ಿ,yes
ಮಾಡಿದಳು,,,ು,yes
ಇವರಿಂದಾಗಿ,,,ಿ,yes
ಇದ್ದೆಲ್ಲವನ್ನು,,,ು,yes
ಹದಿನಾರು,,,ು,yes
ವಯಸ್ಸಿನಲ್ಲೇ,,,ೇ,yes
ಹತ್ತೊಂಬತ್ತನೆಯ,,,ಯ,yes
ಆರಂಭದಲ್ಲಿ,,,ಿ,yes
ಗೀತೆಗಳು,,,ು,yes
ಆರಂಭಗೊಳಿಸಿ,,,ಿ,yes
ಕಾವ್ಯವನ್ನಗಿ,,,ಿ,yes
ರೂಪಿಸಿದ್ದರು,,,ು,yes
ಗಡಿನಾಡಿನ,,,ನ,yes
ಜೀವನದಲ್ಲಿ,,,ಿ,yes
ಸಾವಿನೊಂದಿಗೆ,,,ೆ,yes
ನಿರಂತರವಾದ,,,ದ,yes
ಮುಂದಾಲೋಚನೆಯ,,,ಯ,yes
ಕಾರಣದಿಂದಾಗಿ,,,ಿ,yes
ಸ್ತೋತ್ರಗಳಲ್ಲಿ,,,ಿ,yes
ಅಂತ್ಯಕ್ರಿಯೆಯ,,,ಯ,yes
ಶ್ಲೋಕಗಳ,,,ಳ,yes
ಭಾಗಗಳಲ್ಲಿ,,,ಿ,yes
ಪ್ರತಿಬಿಂಬಿತವಾಗುವಂತೆ,,,ೆ,yes
ಮಾಡಿದರು,,,ು,yes
ದರದೃಷ್ಟದಿಂದಾಗಿ,,,ಿ,yes
ಕಡ್ಲೇವಾಡ,,,ಡ,yes
ಸಿಂದಗಿ,,,ಿ,yes
ವಿಜಯಪುರದಿಂದ,,,ದ,yes
ಪೂರ್ವಕ್ಕೆ,,,ೆ,yes
ಮೀ,,,ೀ,yes
ಅಂತರದಲ್ಲಿ,,,ಿ,yes
ತಾಲೂಕಾ,,,ಾ,yes
ಸ್ಥಳ,,,ಳ,yes
ಉತ್ತರಕ್ಕೆ,,,ೆ,yes
ದೂರದಲ್ಲಿ,,,ಿ,yes
ಊರು,,,ು,yes
ದೇವಣಗಾಂವ,,,ವ,yes
ಸಮೀಪದಲ್ಲಿ,,,ಿ,yes
ಭೀಮಾ,,,ಾ,yes
ದಂಡೆಯ,,,ಯ,yes
ಮೇಲಿದೆ,,,ೆ,yes
ಕಡ್ಲೇವಾಡದಲ್ಲಿ,,,ಿ,yes
ಚಾಳುಕ್ಯ,,,ಯ,yes
ಸೋಮೇಶ್ವರ,,,ರ,yes
ದೇವಾಲಯವು,,,ು,yes
ಕಟ್ಟಡವಾಗಿದೆ,,,ೆ,yes
ಇದಕ್ಕೆ,,,ೆ,yes
ಕಾಶಿ,,,ಿ,yes
ಎಂದೂ,,,ೂ,yes
ಶಾಸನಗಳಲ್ಲಿ,,,ಿ,yes
ಸ್ಥಳೀಯವಾಗಿ,,,ಿ,yes
ಸ್ವಾಮಿಲಿಂಗ,,,ಗ,yes
ಅಥವ,,,ವ,yes
ಸೋಮನಾಥ,,,ಥ,yes
ದೇವಾಲಯವೆಂದು,,,ು,yes
ಕರೆಯಲಾಗುತ್ತಿದೆ,,,ೆ,yes
ದೇವಾಲಯದ,,,ದ,yes
ಗರ್ಭಗೃಹವು,,,ು,yes
ನಕ್ಷತ್ರ,,,ರ,yes
ಆಕಾರದ,,,ದ,yes
ತಳವಿನ್ಯಾಸ,,,ಸ,yes
ಮೇಲ್ಭಾಗದಲ್ಲಿದ್ದ,,,ದ,yes
ಕದಂಬ,,,ಬ,yes
ಶಿಖರವು,,,ು,yes
ಬಿದ್ದಿದೆ,,,ೆ,yes
ಪಾಣಿಪೀಠದ,,,ದ,yes
ಬಾಣಲಿಂಗವಿದೆ,,,ೆ,yes
ನವರಂಗದ,,,ದ,yes
ಮುಂಭಾಗದಲ್ಲಿ,,,ಿ,yes
ಕಿರು,,,ು,yes
ಅರ್ಧ,,,ಧ,yes
ಮಂಟಪವಿದ್ದು,,,ು,yes
ಇದರ,,,ರ,yes
ವಿಶಾಲವಾದ,,,ದ,yes
ಮುಖಮಂಟಪಗಳಿವೆ,,,ೆ,yes
ಅಲ್ಲಿರುವ,,,ವ,yes
ಸ್ತಂಭಗಳ,,,ಳ,yes
ಸೂರ್ಯ,,,ಯ,yes
ಕಾಳಭೈರವ,,,ವ,yes
ಶಿವ,,,ವ,yes
ವಿಷ್ಣು,,,ು,yes
ಗೋಪಾಲಕೃಷ್ಣ,,,ಣ,yes
ಬೇಡರ,,,ರ,yes
ಕಣ್ಣಪ್ಪ,,,ಪ,yes
ದೇವ,,,ವ,yes
ದೇವತೆಗಳ,,,ಳ,yes
ಸುಂದರ,,,ರ,yes
ಉಬ್ಬು,,,ು,yes
ಶಿಲ್ಪಗಳಿವೆ,,,ೆ,yes
ಇವು,,,ು,yes
ನೋಡುಗನ,,,ನ,yes
ಮನಸ್ಸನ್ನಾಕರ್ಷಿಸುತ್ತವೆ,,,ೆ,yes
ನಕ್ಷತ್ರಾಕಾರವಾಗಿರುವ,,,ವ,yes
ಮೂಲೆಗಳಲ್ಲಿ,,,ಿ,yes
ನಾಟ್ಯಭಂಗಿಯಲ್ಲಿರುವ,,,ವ,yes
ಮದನಿಕೆಯರ,,,ರ,yes
ವಿಗ್ರಹಗಳನ್ನು,,,ು,yes
ಆಕರ್ಷಕವಾಗಿ,,,ಿ,yes
ಕೆತ್ತಲಾಗಿದೆ,,,ೆ,yes
ವಿಗ್ರಹಗಳು,,,ು,yes
ಕಂಡುಬರುತ್ತವೆ,,,ೆ,yes
ತಳಪಾಯದ,,,ದ,yes
ಭಿತ್ತಿಗಳಲ್ಲಿ,,,ಿ,yes
ಅಂಕಣಗಳಿದ್ದು,,,ು,yes
ಹಂಸಗಳ,,,ಳ,yes
ಸಾಲು,,,ು,yes
ಆನೆಗಳ,,,ಳ,yes
ಅಲಂಕಾರಿಕ,,,ಕ,yes
ಲತೆ,,,ೆ,yes
ಬಳ್ಳಿಗಳ,,,ಳ,yes
ಅಲಂಕಾರವಿರುವುದು,,,ು,yes
ಕಂಡು,,,ು,yes
ಬರುತ್ತವೆ,,,ೆ,yes
ಶಿಲ್ಪಕಲೆಯು,,,ು,yes
ಹಂಪಿಯ,,,ಯ,yes
ಹಜಾರ,,,ರ,yes
ರಾಮ,,,ಮ,yes
ದೇವಸ್ಥಾನದಲ್ಲಿಯೂ,,,ೂ,yes
ಹಿಂಭಾಗದಲ್ಲಿ,,,ಿ,yes
ಅನತಿ,,,ಿ,yes
ಚಾಳುಕ್ಯರ,,,ರ,yes
ತ್ರಿಕೂಟಾಚಲವಿದೆ,,,ೆ,yes
ಶಿಥಿಲಾವಸ್ಥೆಯಲ್ಲಿದೆ,,,ೆ,yes
ತೋಟಗಾರಿಕೆ,,,ೆ,yes
ಸೇವಾ,,,ಾ,yes
ಸಂಸ್ಥೆಗಳು,,,ು,yes
ಗ್ರಾಮ,,,ಮ,yes
ಪಂಚಾಯತಿ,,,ಿ,yes
ದೂರವಾಣಿ,,,ಿ,yes
ಅಂಚೆ,,,ೆ,yes
ಕಚೇರಿ,,,ಿ,yes
ಮಾಪನ,,,ನ,yes
ಬಳಕೆದಾರರ,,,ರ,yes
ಸಹಕಾರ,,,ರ,yes
ಸಂಘ,,,ಘ,yes
ಕೆವಿ,,,ಿ,yes
ವಿದ್ಯುತ್,,,್,yes
ಪರಿವರ್ತನಾ,,,ಾ,yes
ದೂರ,,,ರ,yes
ಕೇಂದ್ರದಿಂದ,,,ದ,yes
ತಾಲೂಕ,,,ಕ,yes
ವಿಜಾಪುರದಿಂದ,,,ದ,yes
ಭೀಮಾನದಿಯ,,,ಯ,yes
ಹರ್ಷ,,,ಷ,yes
ಭೋಗಲೆ,,,ೆ,yes
ಟೆಲೆವಿಷನ್,,,್,yes
ಹೆಸರಾಂತ,,,ತ,yes
ಕಾಮೆಂಟೇಟರ್,,,್,yes
ಪತ್ರಿಕೋದ್ಯಮಿ,,,ಿ,yes
ಹೈದರಾಬಾದಿನಲ್ಲಿ,,,ಿ,yes
ನೆಲೆಸಿದ,,,ದ,yes
ಮಾತಾಡುವ,,,ವ,yes
ಪರಿವಾರವೊಂದರಲ್ಲಿ,,,ಿ,yes
ಜನ್ಮವೆತ್ತಿದರು,,,ು,yes
ಟೆಲಿವಿಷನ್,,,್,yes
ವಲಯದಲ್ಲಿ,,,ಿ,yes
ಸಮರ್ಥವಾಗಿ,,,ಿ,yes
ಸಮಗ್ರವಾದ,,,ದ,yes
ಆಟದ,,,ದ,yes
ವಿಧಿ,,,ಿ,yes
ಧಾನಗಳನ್ನು,,,ು,yes
ರೋಚಕವಾಗಿ,,,ಿ,yes
ಸತತವಾಗಿ,,,ಿ,yes
ತಪ್ಪದೆ,,,ೆ,yes
ಭಾಗವಹಿಸಿ,,,ಿ,yes
ಕ್ರೀಡಾಪ್ರಿಯರ,,,ರ,yes
ಮನರಂಜನೆ,,,ೆ,yes
ಮಾಡುತ್ತಿರುವ,,,ವ,yes
ಭಾರತೀಯರಲ್ಲಿ,,,ಿ,yes
ಮೊದಲಿಗರೆಂದು,,,ು,yes
ಪರಿವಾರ,,,ರ,yes
ತಂದೆಯವರು,,,ು,yes
ಭಾಷಾ,,,ಾ,yes
ಪ್ರಾಧ್ಯಾಪಕ,,,ಕ,yes
ಭೋಗ್ಲೆ,,,ೆ,yes
ಶಾಲಿನಿ,,,ಿ,yes
ಮನಃಶಾಸ್ತ್ರದಲ್ಲಿ,,,ಿ,yes
ಪ್ರಾಧ್ಯಾಪಕಿ,,,ಿ,yes
ಪಬ್ಲಿಕ್,,,್,yes
ಯಲ್ಲಿ,,,ಿ,yes
ವ್ಯಾಸಂಗವನ್ನು,,,ು,yes
ಶುರುಮಾಡಿದರು,,,ು,yes
ಉಸ್ಮಾನಿಯ,,,ಯ,yes
ವಿಶ್ವವಿದ್ಯಾಲಯ,,,ಯ,yes
ಕೆಮಿಕಲ್,,,್,yes
ಎಂಜಿನಿಯರಿಂಗ್,,,್,yes
ಅಹ್ಮದಾಬಾದ್,,,್,yes
ಇನ್ಸ್ಟಿ,,,ಿ,yes
ಟ್ಯೂಟ್,,,್,yes
ಪದವಿಯೋತ್ತರ,,,ರ,yes
ವ್ಯಾಸಂಗ,,,ಗ,yes
ಹರ್ಷರವರು,,,ು,yes
ಜಾಹಿರಾತು,,,ು,yes
ಸೇವೆಯಲ್ಲಿ,,,ಿ,yes
ವೃತ್ತಿಯನ್ನು,,,ು,yes
ನೆಯ,,,ಯ,yes
ಹೈದರಾಬಾದಿನ,,,ನ,yes
ಆಲ್,,,್,yes
ಇಂಡಿಯ,,,ಯ,yes
ರೇಡಿಯೊ,,,ೊ,yes
ಕಾಮೆಂಟರಿ,,,ಿ,yes
ಕೊಡುವ,,,ವ,yes
ಹಿಡಿದಿದ್ದರು,,,ು,yes
ಸಾಲಿನಲ್ಲಿ,,,ಿ,yes
ಆಸ್ಟ್ರೇಯದ,,,ದ,yes
ನಿಲಯ,,,ಯ,yes
ಕರೆಕಳಿಸಿ,,,ಿ,yes
ನೌಕರಿಯನ್ನು,,,ು,yes
ಪ್ರದಾನ,,,ನ,yes
ವಿಶ್ವಕಪ್,,,್,yes
ಮ್ಯಾಚಿನ,,,ನ,yes
ವಿವರಣೆಯನ್ನು,,,ು,yes
ಕೊಡಲು,,,ು,yes
ವಿದೇಶದಲ್ಲಿ,,,ಿ,yes
ಆಹ್ವಾನಿತರಾದ,,,ದ,yes
ಪ್ರಥಮ,,,ಮ,yes
ರೆಂದು,,,ು,yes
ಇಂದಿಗೂ,,,ೂ,yes
ಪ್ರಸಿದ್ಧರಾಗಿದ್ದಾರ,,,ರ,yes
ಆಸ್ಟ್ರೇಲಿಯದ,,,ದ,yes
ಬ್ರಾಡ್ಕಾಸ್ಟಿಂಗ್,,,್,yes
ಕಾರ್ಪೊರೇಶನ್,,,್,yes
ಆಸ್ಟ್ರೇಲಿಯದಲ್ಲಿ,,,ಿ,yes
ಆಡಿದ,,,ದ,yes
ಆಟಗಳನ್ನು,,,ು,yes
ಪ್ರಸಾರಮಾಡುವ,,,ವ,yes
ನಿರ್ವಹಿಸಿದರು,,,ು,yes
ನಿಲಯದ,,,ದ,yes
ಕ್ರೀಡೆಗಳನ್ನು,,,ು,yes
ಪರಿಚಯಿಸಿ,,,ಿ,yes
ಪೇಷ್,,,್,yes
ಕಾರ್ಯಕರ್ತರ,,,ರ,yes
ತಂಡದಲ್ಲಿ,,,ಿ,yes
ಒಬ್ಬರಾಗಿ,,,ಿ,yes
ಪ್ರಖ್ಯಾತ,,,ತ,yes
ಕ್ರೀಡಾ,,,ಾ,yes
ಇಎಸ್ಪಿಯೆನ್,,,್,yes
ಕ್ರೀಡಾವಿಭಾಗದ,,,ದ,yes
ಸಮರ್ಥ,,,ಥ,yes
ಕಾರ್ಯಕ್ರಮ,,,ಮ,yes
ನಿವೇದಕರಾಗಿ,,,ಿ,yes
ಚಾಲನೆಯಲ್ಲಿರುವ,,,ವ,yes
ಕ್ಷಣ,,,ಣ,yes
ಕ್ಷಣದ,,,ದ,yes
ವಿವರಗಳನ್ನು,,,ು,yes
ಸೇರಿಕೊಂಡರು,,,ು,yes
ಭಾಗವಾಗಿ,,,ಿ,yes
ಆನಂತರ,,,ರ,yes
ಐಯಾನ್,,,್,yes
ಚಾಪೆಲ್,,,್,yes
ಭೋಗಲೆಯವರ,,,ರ,yes
ರೋಚಕ,,,ಕ,yes
ಕುತೂಹಲಕಾರಿ,,,ಿ,yes
ವಿಷಯಸಂಗ್ರಹ,,,ಹ,yes
ಸಂಪರ್ಕ,,,ಕ,yes
ಕೊಂಡಿ,,,ಿ,yes
ಬಾಹ್ಯಸಂಪರ್ಕಗಳು,,,ು,yes
ವಿಜಾಪುರ,,,ರ,yes
ಜಿಲ್ಲಾಡಾಳಿತ,,,ತ,yes
ಬೆಂಗಳೂರಿನಿಂದ,,,ದ,yes
ಉತ್ತರಪಶ್ಚಿಮಕ್ಕೆ,,,ೆ,yes
ಕಿಮೀ,,,ೀ,yes
ದೂರದಲ್ಲಿದೆ,,,ೆ,yes
ವಿಜಾಪುರದ,,,ದ,yes
ಪುರಾತನ,,,ನ,yes
ಬಿಜ್ಜನಹಳ್ಳಿ,,,ಿ,yes
ಸ್ಥಳಗಳಿಂದ,,,ದ,yes
ನೆ,,,ೆ,yes
ಶತಮಾನಗಳಲ್ಲಿ,,,ಿ,yes
ಕಲ್ಯಾಣಿ,,,ಿ,yes
ಚಾಲುಕ್ಯರಿಂದ,,,ದ,yes
ಸ್ಥಾಪಿತವಾಯಿತು,,,ು,yes
ದೆಹಲಿಯ,,,ಯ,yes
ಖಿಲ್ಜಿ,,,ಿ,yes
ಪ್ರಭಾವಕ್ಕೆ,,,ೆ,yes
ಒಳಗಾದ,,,ದ,yes
ಆಳ್ವಿಕೆಗೆ,,,ೆ,yes
ಒಳಗಾಯಿತು,,,ು,yes
ಕ್ರಿ,,,ಿ,yes
ಸುಲ್ತಾನೇಟ್,,,್,yes
ಒಡೆದು,,,ು,yes
ರಾಜ್ಯಗಳಾಗಿ,,,ಿ,yes
ಹಂಚಿಹೋಯಿತು,,,ು,yes
ಆಗ,,,ಗ,yes
ರೂಪುಗೊಂಡ,,,ಡ,yes
ರಾಜ್ಯಗಳಲ್ಲಿ,,,ಿ,yes
ವಿಜಾಪುರವೂ,,,ೂ,yes
ಆದಿಲ್,,,್,yes
ಮುಘಲ್,,,್,yes
ಔರಂಗಜೇಬ್,,,್,yes
ಪ್ರದೇಶವನ್ನು,,,ು,yes
ಗೆದ್ದ,,,ದ,yes
ಆಳ್ವಿಕೆ,,,ೆ,yes
ಕೊನೆಗೊಂಡಿತು,,,ು,yes
ಹೈದರಾಬಾದನ,,,ನ,yes
ಒಳಪಟ್ಟಿತು,,,ು,yes
ಮರಾಠರಿಂದ,,,ದ,yes
ನಿಜಾಮರು,,,ು,yes
ಸೋಲಲ್ಪಟ್ಟಾಗ,,,ಗ,yes
ನಿಜಾಮರಿಂದ,,,ದ,yes
ಮರಾಠ,,,ಠ,yes
ಪೇಶಾವರ,,,ರ,yes
ಅಳ್ವಿಕೆಗೆ,,,ೆ,yes
ಒಳಪಟ್ಟಿತ್ತು,,,ು,yes
ಆಂಗ್ಲೋ,,,ೋ,yes
ಯುದ್ದದಲ್ಲಿ,,,ಿ,yes
ಬ್ರಿಟಿಷರಿಂದ,,,ದ,yes
ಮರಾಠರು,,,ು,yes
ಬ್ರಿಟಿಷರ,,,ರ,yes
ವಿಜಾಪುರನ್ನು,,,ು,yes
ಬ್ರಿಟಿಷ,,,ಷ,yes
ಈಸ್ಟ್,,,್,yes
ಇಂಡಿಯಾ,,,ಾ,yes
ಕಂಪನಿಗೆ,,,ೆ,yes
ಹಸ್ತಾಂತರಿಸಲಾಯಿತು,,,ು,yes
ಸಾತಾರಾ,,,ಾ,yes
ರಾಜರಿಗೆ,,,ೆ,yes
ಓಪ್ಪಿಸಲಾಯಿತು,,,ು,yes
ಮುಂಬಯಿ,,,ಿ,yes
ಪ್ರಾಂತ್ಯಕ್ಕೆ,,,ೆ,yes
ಸೇರಿಸಲಾಯಿತು,,,ು,yes
ನಿರೂಪಿಸಲ್ಪಟ್ಟ,,,ಟ,yes
ಕಲದಗಿ,,,ಿ,yes
ಈಗಿನ,,,ನ,yes
ಬಾಗಲಕೋಟೆ,,,ೆ,yes
ಜಿಲ್ಲೆಗಳು,,,ು,yes
ಸೇರಿಸಲ್ಪಟ್ಟವು,,,ು,yes
ಜಿಲ್ಲಾಡಳಿತ,,,ತ,yes
ಪ್ರದೇಶವಾಗಿ,,,ಿ,yes
ಎರಡನೇ,,,ೇ,yes
ನಗರವಾಗಿತ್ತು,,,ು,yes
ಕಿಲೋಮಿಟರಗಳು,,,ು,yes
ರಾಯಚೂರು,,,ು,yes
ದಕ್ಷಿಣಕ್ಕೆ,,,ೆ,yes
ಬೆಳಗಾವಿ,,,ಿ,yes
ಸಾಂಗಲಿ,,,ಿ,yes
ಸೊಲಾಪುರ,,,ರ,yes
ಜಿಲ್ಲೆಯಿಂದ,,,ದ,yes
ಆವೃತಗೊಂಡಿದೆ,,,ೆ,yes
ಹರಿಯುವ,,,ವ,yes
ನದಿಗಳೆಂದರೆ,,,ೆ,yes
ಕೃಷ್ಣಾ,,,ಾ,yes
ಬಿಜಾಪುರವನ್ನು,,,ು,yes
ಪಂಚನದಿಗಳ,,,ಳ,yes
ನಾಡು,,,ು,yes
ಕರೆಯಲಿಗುತ್ತದೆ,,,ೆ,yes
ಬಿಜಾಪುರದಲ್ಲಿ,,,ಿ,yes
ನದಿಗಳು,,,ು,yes
ಕೃಷ್ಣ,,,ಣ,yes
ಘಟಪ್ರಭಾ,,,ಾ,yes
ದೋಣಿ,,,ಿ,yes
ಮಲಪ್ರಭಾ,,,ಾ,yes
ಪಂಜಾಬ್ವಿ,,,ಿ,yes
ಜಾಪುರ,,,ರ,yes
ಪುಣೆಯಿಂದ,,,ದ,yes
ಮುಂಬಯಿದಿಂದ,,,ದ,yes
ಹೈದರಾಬಾದ್ದಿಂದ,,,ದ,yes
ಗೋವದಿಂದ,,,ದ,yes
ಗುಲ್ಬರ್ಗಾಾದಿಂದ,,,ದ,yes
ಧಾರವಾಡದಿಂದ,,,ದ,yes
ಹುಬ್ಬಳ್ಳಿಯಿಂದ,,,ದ,yes
ಬೆಳಗಾವಿಯಿಂದ,,,ದ,yes
ವಿಸ್ತೀರ್ಣವನ್ನು,,,ು,yes
ಭೌಗೋಳಿಕದಲ್ಲಿ,,,ಿ,yes
ಪಶ್ಚಿಮ,,,ಮ,yes
ದಪ್ಪಗಿನ,,,ನ,yes
ಅಕ್ಷರ,,,ರ,yes
ಬಿಜಾಪೂರದಲ್ಲಿ,,,ಿ,yes
ರಾಜ್ಯದಲ್ಲಿಯೇ,,,ೇ,yes
ವೆಂದೇ,,,ೇ,yes
ಗುರುತಿಸಲ್ಪಡುತ್ತದೆ,,,ೆ,yes
ಒಕ್ಕಲುತನ,,,ನ,yes
ಕೆಲವೊಂದು,,,ು,yes
ಗ್ರಾಮಗಳಲ್ಲಿ,,,ಿ,yes
ಚಡಚಣ,,,ಣ,yes
ತಾಂಬಾ,,,ಾ,yes
ವಂದಾಲ,,,ಲ,yes
ಮುಂ,,,ಂ,yes
ನೇಕಾರಿಕೆ,,,ೆ,yes
ಚಿಕ್ಕು,,,ು,yes
ಹಣ್ಣುಗಳು,,,ು,yes
ಪರರಾಜ್ಯಗಳಿಗೆ,,,ೆ,yes
ಪರದೇಶಗಳಿಗೆ,,,ೆ,yes
ರಫ್ತು,,,ು,yes
ಆಗುತ್ತವೆ,,,ೆ,yes
ಕೆನೆಮೊಸರುಗಳು,,,ು,yes
ಲಕ್ಷಕ್ಕೂ,,,ೂ,yes
ಸಾಕ್ಷರರಾಗಿದ್ದಾರೆ,,,ೆ,yes
ಚಾರಿತ್ರಿಕ,,,ಕ,yes
ಆಕರ್ಷಣೆಗಳಿವೆ,,,ೆ,yes
ಮುಖ್ಯವಾಗಿ,,,ಿ,yes
ಮುಸ್ಲಿಮ್,,,್,yes
ವಾಸ್ತುಶಿಲ್ಪಕ್ಕೆ,,,ೆ,yes
ಹೆಸರಾಗಿದೆ,,,ೆ,yes
ವಾಸ್ತುಶಿಲ್ಪಗಳು,,,ು,yes
ಗೋಲ್,,,್,yes
ಗುಂಬಜ್,,,್,yes
ಮಹಮದ್,,,್,yes
ಶಾ,,,ಾ,yes
ಗೋರಿಯಾಗಿ,,,ಿ,yes
ಕಟ್ಟಲಾದ,,,ದ,yes
ಸ್ಮಾರಕ,,,ಕ,yes
ವಾಸ್ತುಶಿಲ್ಪಿಗಳಾದ,,,ದ,yes
ಯಾಕುತ್,,,್,yes
ದಬೂಲ್ರವರು,,,ು,yes
ನಿರ್ಮಿಸಿದ್ದಾರೆ,,,ೆ,yes
ಉದ್ದ,,,ದ,yes
ಅಗಲ,,,ಲ,yes
ಹೊರಗಡೆ,,,ೆ,yes
ಎತ್ತರ,,,ರ,yes
ಒಳಗಡೆ,,,ೆ,yes
ಮೇಲಿನ,,,ನ,yes
ಗೋಲಾಕಾರದ,,,ದ,yes
ವ್ಯಾಸ,,,ಸ,yes
ಅದರಂತೆ,,,ೆ,yes
ಅಂತಸ್ತುಗಳಿವೆ,,,ೆ,yes
ವಿಶ್ವದ,,,ದ,yes
ಎರಡನೆ,,,ೆ,yes
ಮಾನವನಿರ್ಮಿತ,,,ತ,yes
ಇಟಲಿಯ,,,ಯ,yes
ರೋಮ್,,,್,yes
ಬೆಸಿಲಿಕಾ,,,ಾ,yes
ಆಕರ್ಷಣೆಯೆಂದರೆ,,,ೆ,yes
ಇದರೊಳಗಿನ,,,ನ,yes
ಪ್ರಧಾನ,,,ನ,yes
ಕೊಠಡಿಯಲ್ಲಿ,,,ಿ,yes
ಶಬ್ದವೂ,,,ೂ,yes
ಬಾರಿ,,,ಿ,yes
ಪ್ರತಿಧ್ವನಿತವಾಗುತ್ತದೆ,,,ೆ,yes
ಹಾಗೆಯೆ,,,ೆ,yes
ಪಿಸುಗುಟ್ಟುವ,,,ವ,yes
ಕೇಳಿಬರುತ್ತದೆ,,,ೆ,yes
ಹತ್ತಿರ,,,ರ,yes
ಶಾಹಿಗಳಿಗೆ,,,ೆ,yes
ಸಂಭದಿಸಿದ,,,ದ,yes
ಸಂಗ್ರಾಹಾಲಯವು,,,ು,yes
ಇಬ್ರಾಹಿಮ್,,,್,yes
ರೋಜಾ,,,ಾ,yes
ಆತನ,,,ನ,yes
ರಾಣಿಯಾದ,,,ದ,yes
ತಾಜ್,,,್,yes
ಸುಲ್ತಾನಳ,,,ಳ,yes
ಗೋರಿ,,,ಿ,yes
ಶಿಲೆಯಲ್ಲಿ,,,ಿ,yes
ಕಟ್ಟಲ್ಪಟ್ಟ,,,ಟ,yes
ಉದ್ದಳತೆಯ,,,ಯ,yes
ಸಮರೂಪತೆಗೆ,,,ೆ,yes
ಶಿಲ್ಪಿ,,,ಿ,yes
ಮಲಿಕ್,,,್,yes
ಸಂದಾಲ್,,,್,yes
ಇರಾನ್,,,್,yes
ದೇಶದವನಾಗಿದ್ದು,,,ು,yes
ಶಿಲ್ಪಿಯ,,,ಯ,yes
ಗೋರಿಯೂ,,,ೂ,yes
ಇಲ್ಲಿಯೇ,,,ೇ,yes
ವಿನ್ಯಾಸ,,,ಸ,yes
ಮಹಲ್,,,್,yes
ವಿನ್ಯಾಸಕ್ಕೆ,,,ೆ,yes
ಸ್ಫೂರ್ತಿಯಾಯಿತೆಂಬ,,,ಬ,yes
ಹೇಳಿಕೆಯಿದೆ,,,ೆ,yes
ಮೈದಾನ್,,,್,yes
ಫಿರಂಗಿ,,,ಿ,yes
ತೋಪ್,,,್,yes
ಬಿನ್,,,್,yes
ಹುಸ್ಸೇನ್,,,್,yes
ರುಮಿವು,,,ು,yes
ನಿರ್ಮಿಸಿದ್ದಾನೆ,,,ೆ,yes
ದೊಡ್ಡದಾದ,,,ದ,yes
ಫಿರಂಗಿಗಳಲ್ಲಿ,,,ಿ,yes
ಮೀಟರ,,,ರ,yes
ಟನ್,,,್,yes
ತೂಕ,,,ಕ,yes
ಶತಮಾನದಲ್ಲಿ,,,ಿ,yes
ಅಮ್ಮದನಗರದಿಂದ,,,ದ,yes
ಆನೆಗಳು,,,ು,yes
ಎತ್ತುಗಳು,,,ು,yes
ನೂರಾರು,,,ು,yes
ಮನುಷ್ಯರು,,,ು,yes
ಎಳೆದು,,,ು,yes
ತಂದಿದ್ದಾರೆ,,,ೆ,yes
ಫಿರಂಗಿಯನ್ನು,,,ು,yes
ಯುದ್ದಕ್ಕಾಗಿ,,,ಿ,yes
ಬಳಸಲಾಗುತ್ತಿತ್ತು,,,ು,yes
ಜುಮ್ಮಾ,,,ಾ,yes
ಮಸೀದಿಯನ್ನು,,,ು,yes
ಸ್ಕ್ವೇರ್,,,್,yes
ಒಂದೆ,,,ೆ,yes
ಬಾರಿಗೆ,,,ೆ,yes
ಪ್ರಾರ್ಥನೆ,,,ೆ,yes
ಮಾಡಬಹುದಾಗಿದೆ,,,ೆ,yes
ಅನುಯಾಯಿಗಳು,,,ು,yes
ಪ್ರಾರ್ಥನೆಗಾಗಿ,,,ಿ,yes
ಉಪಯೋಗಿಸುತ್ತಿದ್ದರು,,,ು,yes
ಮಸೀದಿಯಲ್ಲಿ,,,ಿ,yes
ಕುರಾನಿನ,,,ನ,yes
ಬಂಗಾರದ,,,ದ,yes
ಹೊತ್ತಿಗೆಯಿದೆ,,,ೆ,yes
ಬಾರಾ,,,ಾ,yes
ಕಮಾನ್,,,್,yes
ಕಮಾನ್ನನ್ನು,,,ು,yes
ಅಲಿ,,,ಿ,yes
ಹನ್ನೆರಡು,,,ು,yes
ಎತ್ತರದ,,,ದ,yes
ಅಂತಸ್ತಿನ,,,ನ,yes
ಕಮಾನುಗಳುಳ್ಳ,,,ಳ,yes
ಸ್ಮಾರಕವಾಗಿ,,,ಿ,yes
ಯೋಜನೆ,,,ೆ,yes
ಮಾಡಲಾಗಿತ್ತು,,,ು,yes
ಅರ್ಧಕ್ಕೆ,,,ೆ,yes
ನಿಲ್ಲಿಸಿದ,,,ದ,yes
ಸ್ಮಾರಕವಾಗಿದೆ,,,ೆ,yes
ಅಸರ,,,ರ,yes
ಮಹಲ್ನ್ನು,,,ು,yes
ನ್ಯಾಯಾಲಯದ,,,ದ,yes
ಸಂಕೀರ್ಣವಾಗಿ,,,ಿ,yes
ಪ್ರವೇಶವಿಲ್ಲ,,,ಲ,yes
ಕೆರೆಗಳಿವೆ,,,ೆ,yes
ಗಗನ್,,,್,yes
ಸ್ವರ್ಗದ,,,ದ,yes
ಅರಮನೆ,,,ೆ,yes
ದರ್ಬಾರ್,,,್,yes
ಹಾಲ್,,,್,yes
ಕರೆಯುತ್ತಿದ್ದರು,,,ು,yes
ಕಮಾನು,,,ು,yes
ಉದ್ದವಾಗಿದ್ದು,,,ು,yes
ಎತ್ತರವಾದ,,,ದ,yes
ಚಿಕ್ಕದಾದ,,,ದ,yes
ಕಮಾನುಗಳನ್ನು,,,ು,yes
ಮಾಡಿ,,,ಿ,yes
ಇನ್ನಿತರ,,,ರ,yes
ಆಚರಿಸಲು,,,ು,yes
ಮಹಲ್ವು,,,ು,yes
ಬಿಜಾಪೂರ,,,ರ,yes
ಹೊರ,,,ರ,yes
ವಲಯದ,,,ದ,yes
ತೊರವಿ,,,ಿ,yes
ಗ್ರಾಮದಲ್ಲಿದ್ದು,,,ು,yes
ಆಚರಿಸುತ್ತಿದ್ದರು,,,ು,yes
ಉಪ್ಪಲಿ,,,ಿ,yes
ಬುರಜ್,,,್,yes
ಬುರಜ್ನ್ನು,,,ು,yes
ಹೈದರ,,,ರ,yes
ಖಾನ್ನು,,,ು,yes
ಎತ್ತರವಾಗಿದ್ದು,,,ು,yes
ಉದ್ದವಿರುವ,,,ವ,yes
ಫಿರಂಗಿಗಳಿವೆ,,,ೆ,yes
ಎಂತಲೂ,,,ೂ,yes
ಕರೆಯುತ್ತಾರೆ,,,ೆ,yes
ಜೋಡ,,,ಡ,yes
ಗುಮ್ಮಟ,,,ಟ,yes
ಅವಳಿ,,,ಿ,yes
ಗುಮ್ಮಟದ,,,ದ,yes
ಆಕಾರದಲ್ಲಿರುವ,,,ವ,yes
ಅಷ್ಟಭುಜಾಕೃತಿಯ,,,ಯ,yes
ಸಮಾಧಿಗಳಾಗಿವೆ,,,ೆ,yes
ಸೇನಾಧಿಕಾರಿಯಾದ,,,ದ,yes
ಮಹಮ್ಮದ್,,,್,yes
ಆಧ್ಯಾತ್ಮಿಕ,,,ಕ,yes
ಸಲಹೆಗಾರನಾದ,,,ದ,yes
ಅಬ್ದುಲ್,,,್,yes
ರಜಾಕ್,,,್,yes
ಖಾದ್ರಿ,,,ಿ,yes
ನಿನಪಿಗಾಗಿ,,,ಿ,yes
ನಿರ್ಮಿಸಲಾಗಿದೆ,,,ೆ,yes
ಮೆಹತರ,,,ರ,yes
ಮಹಲನ್ನು,,,ು,yes
ಶಾನು,,,ು,yes
ಕಸಗೂಡಿಸುವರಿಗಾಗಿ,,,ಿ,yes
ನಿರ್ಮಿಸಿದ್ದನು,,,ು,yes
ಇಂಡೋ,,,ೋ,yes
ಸಾರ್ಸೆನಿಕ್,,,್,yes
ಶೈಲಿಯಲ್ಲಿ,,,ಿ,yes
ಬೌಡಿ,,,ಿ,yes
ಮೆಕ್ಕಾ,,,ಾ,yes
ಗೇಟ್,,,್,yes
ಗೇಟುಗಳಲ್ಲಿ,,,ಿ,yes
ಬೌಡಿಯು,,,ು,yes
ಬಾವಿಯಿದ್ದು,,,ು,yes
ಸುಲ್ತಾನ್ಳ,,,ಳ,yes
ನೆನಪಿಗಾಗಿ,,,ಿ,yes
ಕಟ್ಟಿಸಿದ್ದಾನೆ,,,ೆ,yes
ಬಾವಿಯ,,,ಯ,yes
ನೀರನ್ನು,,,ು,yes
ಕುಡಿಯಲು,,,ು,yes
ಸ್ನಾನಕ್ಕಾಗಿ,,,ಿ,yes
ಮೂರ್ತಿಗಳನ್ನು,,,ು,yes
ಮುಳುಗಿಸಲು,,,ು,yes
ಕಾರ್ಯಗಳಿಗಾಗಿ,,,ಿ,yes
ಚಾಂದ್,,,್,yes
ಲೀಟರ್,,,್,yes
ಸಂಗ್ರಹಿಸಿ,,,ಿ,yes
ರಾಜಧಾನಿಗೆ,,,ೆ,yes
ಪೂರೈಸಲಾಗುತ್ತಿತ್ತು,,,ು,yes
ಶಾಹಿಯು,,,ು,yes
ಪತ್ನಿಯಾದ,,,ದ,yes
ಚಾಂದ,,,ದ,yes
ಬೇಬಿಯ,,,ಯ,yes
ಸ್ಮರಣೆಗಾಗಿ,,,ಿ,yes
ಸಾತ್,,,್,yes
ಮಂಜಿಲ್,,,್,yes
ಹೆಸರೆ,,,ೆ,yes
ಹೇಳವಂತೆ,,,ೆ,yes
ಅಂತಸ್ತುಗಳ್ಳುಳ್ಳ,,,ಳ,yes
ಕಟ್ಟಡವಾಗಿದ್ದು,,,ು,yes
ನೋಡಲು,,,ು,yes
ಸುಂದರವಾಗಿದೆ,,,ೆ,yes
ಜಲ,,,ಲ,yes
ಮಂಜಿಲ್ನ್ನು,,,ು,yes
ರಾಣಿಯರ,,,ರ,yes
ಸ್ನಾನದ,,,ದ,yes
ಗೃಹವಾಗಿ,,,ಿ,yes
ಆನಂದ,,,ದ,yes
ಷಾರವರು,,,ು,yes
ಕಟ್ಟಿಸಿದ್ದಾರೆ,,,ೆ,yes
ಕೋಟೆ,,,ೆ,yes
ಬಹುಶಃ,,,ಃ,yes
ಕೋಟೆಗಳಲ್ಲೊಂದು,,,ು,yes
ವೃತ್ತಾಕಾರದಲ್ಲಿರುವ,,,ವ,yes
ಕೋಟೆಯ,,,ಯ,yes
ಹೊರಸುತ್ತಿನ,,,ನ,yes
ಸುತ್ತಳತೆ,,,ೆ,yes
ವಿಸ್ತಾರದ,,,ದ,yes
ಪರಿಚಯವಾಗುತ್ತದೆ,,,ೆ,yes
ಕಲ್ಲುಗಳಿಂದ,,,ದ,yes
ಕಟ್ಟಿರುವ,,,ವ,yes
ಕೆಲವೆಡೆ,,,ೆ,yes
ಅಡಿಗಳಷ್ಟು,,,ು,yes
ದಪ್ಪವಿದೆ,,,ೆ,yes
ಸುತ್ತ,,,ತ,yes
ಅಗಲದ,,,ದ,yes
ಕಂದಕವಿದೆ,,,ೆ,yes
ಸುರಕ್ಷತೆಯ,,,ಯ,yes
ದೃಷ್ಟಿಯಿಂದ,,,ದ,yes
ಬಲಿಷ್ಠವೆಂದೇ,,,ೇ,yes
ನೋಡಬೇಕಾದ,,,ದ,yes
ಸ್ಥಳಗಳು,,,ು,yes
ಒಳಕೋಟೆಯಾದ,,,ದ,yes
ಅರಕಿಲ್ಲಾ,,,ಾ,yes
ಇಬ್ರಾಹೀಂ,,,ಂ,yes
ಕಟ್ಟಿಸಿದ,,,ದ,yes
ಆನಂದಮಹಲ್,,,್,yes
ದೇವಾಲಯಗಳ,,,ಳ,yes
ಚಪ್ಪಡಿ,,,ಿ,yes
ಕಂಬ,,,ಬ,yes
ಬಳಸಿ,,,ಿ,yes
ವಾಸ್ತು,,,ು,yes
ರೀತ್ಯ,,,ಯ,yes
ಕಟ್ಟಲಾಗಿರುವ,,,ವ,yes
ಕರೀಮುದ್ದೀನನ,,,ನ,yes
ರಾಜಸಭಾ,,,ಾ,yes
ಸದನ,,,ನ,yes
ಕಟ್ಟಡಗಳಾದ,,,ದ,yes
ಜಲಮಂಜಿಲ್,,,್,yes
ಅಸಾರ್,,,್,yes
ನಗರ್,,,್,yes
ಖಾನಾ,,,ಾ,yes
ಜಹಾಜ್,,,್,yes
ಜಾಮಿ,,,ಿ,yes
ಇಬ್ರಾಹಿಂ,,,ಂ,yes
ರೋಜಾದ,,,ದ,yes
ವಾಸ್ತುವೇ,,,ೇ,yes
ತಾಜಮಹಲಿಗೆ,,,ೆ,yes
ಬುನಾದಿಯೆಂದು,,,ು,yes
ಹೇಳಲಾಗುತ್ತದೆ,,,ೆ,yes
ದೇವಾಲಯಗಳು,,,ು,yes
ಬೃಹತ,,,ತ,yes
ಪ್ರತಿಮೆ,,,ೆ,yes
ಮೂರನೇಯ,,,ಯ,yes
ಪ್ರತಿಮೆಯಾಗಿದೆ,,,ೆ,yes
ಸಿದ್ದೇಶ್ವರ,,,ರ,yes
ಸಹಸ್ರ,,,ರ,yes
ಫಣಿ,,,ಿ,yes
ಜಿನಾಲಯ,,,ಯ,yes
ರುಕ್ಮಾಂಗದ,,,ದ,yes
ಪಂಡಿತರ,,,ರ,yes
ಸಮಾಧಿ,,,ಿ,yes
ಸಮೀಪದ,,,ದ,yes
ಪ್ರವಾಸಿ,,,ಿ,yes
ಜನಸಂಖ್ಯೆಯು,,,ು,yes
ಅಧಿಕವಾಗಿದೆ,,,ೆ,yes
ಧರ್ಮಗಳು,,,ು,yes
ನಗರದಲ್ಲಿ,,,ಿ,yes
ಕ್ರಿಸ್ಟಿಯನ್,,,್,yes
ಜೈನ,,,ನ,yes
ಭಾಷೆಗಳು,,,ು,yes
ಹಣಕಾಸು,,,ು,yes
ಕಾರ್ಯಾನಿರ್ವಹಿಸುತ್ತವೆ,,,ೆ,yes
ಬಸವನ,,,ನ,yes
ಬಾಗೇವಾಡಿ,,,ಿ,yes
ರಸ್ತೆಯ,,,ಯ,yes
ಇಬ್ರಾಹಿಮಪುರ,,,ರ,yes
ಗೇಟಿನ,,,ನ,yes
ಬಳಿ,,,ಿ,yes
ಕಚೇರಿಯಿದೆ,,,ೆ,yes
ಆರ್ಥಿಕವಾಗಿ,,,ಿ,yes
ಹಿಂದುಳಿದಿದೆ,,,ೆ,yes
ಬ್ಯಾಂಕುಗಳು,,,ು,yes
ಸರ್ಕಾರಿ,,,ಿ,yes
ರಾಷ್ತ್ರೀಕೃತ,,,ತ,yes
ಸಹಕಾರಿ,,,ಿ,yes
ಬ್ಯಾಂಕ,,,ಕ,yes
ವಿಕಾಸ,,,ಸ,yes
ಬ್ಯಾಂಕ್,,,್,yes
ವೈಶ್ಯ,,,ಯ,yes
ಸಿಂಡಿಕೇಟ್,,,್,yes
ಎಚ್,,,್,yes
ಎಪ್,,,್,yes
ಎಮ್,,,್,yes
ಕೆನರಾ,,,ಾ,yes
ಕಾರ್ಪೋರೇಶನ್,,,್,yes
ವಿಜಯ,,,ಯ,yes
ಯುನಿಯನ್,,,್,yes
ಪಂಜಾಬ್,,,್,yes
ನ್ಯಾಶನಲ್,,,್,yes
ಆಕ್ಸಿಸ್,,,್,yes
ಬರೋಡ,,,ಡ,yes
ಇಂಡಸಲ್ಯಾಂಡ್,,,್,yes
ಒವರಸೀಸ್,,,್,yes
ದೇನಾ,,,ಾ,yes
ಕ್ಯಾತೋಲಿಕ್,,,್,yes
ಸಿರಿಯನ್,,,್,yes
ಆಂಧ್ರ,,,ರ,yes
ಅಲಹಾಬಾದ್,,,್,yes
ಖಾಸಗಿ,,,ಿ,yes
ಮಹಾಲಕ್ಷ್ಮೀ,,,ೀ,yes
ಅರ್ಬನ್,,,್,yes
ನೌಕರರ,,,ರ,yes
ಚೈತನ್ಯ,,,ಯ,yes
ಪಿನಕೋಡ್,,,್,yes
ಸಂಕೇತಗಳು,,,ು,yes
ಕಚೇರಿಗಳಿವೆ,,,ೆ,yes
ಕಚೇರಿಯು,,,ು,yes
ರಸ್ತೆಯಲ್ಲಿದೆ,,,ೆ,yes
ಭಾಗದ,,,ದ,yes
ಸೈನಿಕ,,,ಕ,yes
ದರ್ಬಾರ,,,ರ,yes
ಗಲ್ಲಿ,,,ಿ,yes
ಕೇಂದ್ರಗಳು,,,ು,yes
ಆರಕ್ಷಕ,,,ಕ,yes
ಪೋಲಿಸ್,,,್,yes
ಠಾಣೆಗಳು,,,ು,yes
ಆಫೀಸ್,,,್,yes
ಕಚೇರಿಯೊಂದಿಗೆ,,,ೆ,yes
ಎಲ್ಲ,,,ಲ,yes
ಕಾರ್ಯನಿರ್ವಹಿಸುತ್ತವೆ,,,ೆ,yes
ಠಾಣೆ,,,ೆ,yes
ಆದರ್ಶ,,,ಶ,yes
ಟ್ರಾಫಿಕ್,,,್,yes
ಚೌಕ,,,ಕ,yes
ಜಲನಗರ,,,ರ,yes
ಆಸ್ಪ,,,ಪ,yes
ತ್ರೆಗಳು,,,ು,yes
ಒಳ್ಳೆಯ,,,ಯ,yes
ತ್ರೆ,,,ೆ,yes
ವಿಜಾಪೂರ,,,ರ,yes
ಪಾಟೀಲ,,,ಲ,yes
ವೈದ್ಯಕೀಯ,,,ಯ,yes
ಮಹಾವಿದ್ಯಾಲಯ,,,ಯ,yes
ಅಲ್,,,್,yes
ಅಮೀನ್,,,್,yes
ನಾಗೂರ,,,ರ,yes
ಬನಶಂಕರಿ,,,ಿ,yes
ಹೆರಿಗೆ,,,ೆ,yes
ಚಿರಂಜೀವಿ,,,ಿ,yes
ಸಂಜೀವಿನಿ,,,ಿ,yes
ಮಕ್ಕಳ,,,ಳ,yes
ಹೆಲ್ತ್,,,್,yes
ಸಿಟಿ,,,ಿ,yes
ಚೌಧರಿ,,,ಿ,yes
ಆಕಾಶವಾಣಿ,,,ಿ,yes
ಬಾನುಲಿ,,,ಿ,yes
ಅಥಣಿ,,,ಿ,yes
ಕೇಂದ್ರವಿದೆ,,,ೆ,yes
ಮೆಗಾ,,,ಾ,yes
ಹರ್ಟ್ಸ್,,,್,yes
ತರಂಗಾಂತರದಲ್ಲಿ,,,ಿ,yes
ವಾಹನ,,,ನ,yes
ಸಾರಿಗೆ,,,ೆ,yes
ಪಟ್ಟಣದಲ್ಲಿ,,,ಿ,yes
ಫೆಬ್ರುವರಿ,,,ಿ,yes
ಅತ್ಯ್ಯಾಧುನಿಕ,,,ಕ,yes
ಈಶಾನ್ಯ,,,ಯ,yes
ರಸ್ತೆ,,,ೆ,yes
ನಿಗಮದ,,,ದ,yes
ವಾಹನಗಳು,,,ು,yes
ಪ್ರಾರಭವಾಗಿ,,,ಿ,yes
ಜನತೆಗೆ,,,ೆ,yes
ಪ್ರಯಾಣದ,,,ದ,yes
ಸೌಕರ್ಯವನ್ನು,,,ು,yes
ಕಲ್ಪಿಸಲಾಗಿದೆ,,,ೆ,yes
ವಾಹನಗಳಿಗೆ,,,ೆ,yes
ವಿಕ್ಟರಿ,,,ಿ,yes
ಹೆಸರಿಸಲಾಗಿದೆ,,,ೆ,yes
ದಿನಕ್ಕೆ,,,ೆ,yes
ರೂ,,,ೂ,yes
ಯಂತೆ,,,ೆ,yes
ದಿನದ,,,ದ,yes
ಪಾಸನ್ನು,,,ು,yes
ಪಡೆದು,,,ು,yes
ತುಂಬೆಲ್ಲ,,,ಲ,yes
ಸರಕಾರೇತರ,,,ರ,yes
ವಾಹನಗಳುಜಿಲ್ಲೆಯಾದ್ಯಂತ,,,ತ,yes
ಸಂಚರಿಸುತ್ತವೆ,,,ೆ,yes
ಪೂನಾ,,,ಾ,yes
ಹೈದರಾಬಾದುಗಳಿಗೆ,,,ೆ,yes
ಐಷಾರಾಮಿ,,,ಿ,yes
ಬಸ್ಸುಗಳು,,,ು,yes
ಓಡಾಡುತ್ತವೆ,,,ೆ,yes
ಅಂತರರಾಜ್ಯ,,,ಯ,yes
ಗೋವಾ,,,ಾ,yes
ರೈಲು,,,ು,yes
ಬಿಜಾಪುರದಿಂದ,,,ದ,yes
ಹೊರಡುವ,,,ವ,yes
ರೈಲುಗಳು,,,ು,yes
ವಿಭಾಗವು,,,ು,yes
ರೈಲ್ವೆ,,,ೆ,yes
ವಿಮಾನಯಾನ,,,ನ,yes
ವಿಮಾನ,,,ನ,yes
ನಿಲ್ದಾಣ,,,ಣ,yes
ನಿಲ್ದಾಣವು,,,ು,yes
ಪಟ್ಟಣದಿಂದ,,,ದ,yes
ಮಧಬಾವಿ,,,ಿ,yes
ಭುರಣಾಪೂರ,,,ರ,yes
ಇದಕ್ಕಾಗಿ,,,ಿ,yes
ಸರಕಾರವು,,,ು,yes
ಎಕರೆ,,,ೆ,yes
ಭೂಮಿಯನ್ನು,,,ು,yes
ಖರೀದಿಸಿದೆ,,,ೆ,yes
ಜಲಸಾರಿಗೆ,,,ೆ,yes
ಬಂದರು,,,ು,yes
ನಗರಕ್ಕೆ,,,ೆ,yes
ಹತ್ತಿರವಾದ,,,ದ,yes
ಕಾರವಾರ,,,ರ,yes
ಬಂದರುಗಳಿವೆ,,,ೆ,yes
ರಾಷ್ಟ್ರೀಯ,,,ಯ,yes
ಹೆದ್ದಾರಿಗಳು,,,ು,yes
ಹಾದುಹೋಗುತ್ತವೆ,,,ೆ,yes
ಅವುಗಳೆಂದರೆ,,,ೆ,yes
ಹೆದ್ದಾರಿ,,,ಿ,yes
ಸೋಲಾಪೂರ,,,ರ,yes
ಹೊಸಪೇಟೆ,,,ೆ,yes
ಚಿತ್ರದುರ್ಗ,,,ಗ,yes
ಶಿವಮೊಗ್ಗ,,,ಗ,yes
ಮಂಗಳೂರ,,,ರ,yes
ಹುಬ್ಬಳ್ಳಿ,,,ಿ,yes
ನವಲಗುಂದ,,,ದ,yes
ನರಗುಂದ,,,ದ,yes
ಬಾಗಲಕೋಟ,,,ಟ,yes
ಗದ್ದನಕೇರಿ,,,ಿ,yes
ಕ್ರಾಸ್,,,್,yes
ಬೀಳಗಿ,,,ಿ,yes
ಜೇವರ್ಗಿ,,,ಿ,yes
ಗುಲಬುರ್ಗಾ,,,ಾ,yes
ಇವೆ,,,ೆ,yes
ಅವು,,,ು,yes
ಕೆಳಗಿನಂತಿವೆ,,,ೆ,yes
ಚಿಕ್ಕೋಡಿ,,,ಿ,yes
ಸಂಕೇಶ್ವರ,,,ರ,yes
ಜಮಖಂಡಿ,,,ಿ,yes
ಮುಧೋಳ,,,ಳ,yes
ರಾಮದುರ್ಗ,,,ಗ,yes
ಸವದತ್ತಿ,,,ಿ,yes
ಧಾರವಾಡ,,,ಡ,yes
ಸೇತುವೆಗಳು,,,ು,yes
ಅಧಿಕ,,,ಕ,yes
ಸೇತುವೆಗಳಿವೆ,,,ೆ,yes
ಸೇತುವೆಗಳನ್ನು,,,ು,yes
ಡೋಣಿ,,,ಿ,yes
ನದಿಗಳಿಗೆ,,,ೆ,yes
ಹಳ್ಳಗಳಿಗೆ,,,ೆ,yes
ಅಡ್ಡಲಾಗಿ,,,ಿ,yes
ಕಟ್ಟಲಾಗಿದೆ,,,ೆ,yes
ಕ್ರೀಡಾಂಗಣ,,,ಣ,yes
ಅಂಬೇಡ್ಕರ್,,,್,yes
ಕ್ರೀಡೆ,,,ೆ,yes
ಸೈಕ್ಲಿಸ್ಟಗಳ,,,ಳ,yes
ಪ್ರೇಮಲತಾ,,,ಾ,yes
ಸುರೇಬಾನ,,,ನ,yes
ಯಲಗುರೇಶ,,,ಶ,yes
ಗಡ್ಡಿ,,,ಿ,yes
ಲಕ್ಕಪ್ಪ,,,ಪ,yes
ಕುರಣಿ,,,ಿ,yes
ಗೀತಾಂಜಲಿ,,,ಿ,yes
ಜ್ಯೋತೆಪ್ಪನ್ನವರ,,,ರ,yes
ನೀಲಮ್ಮ,,,ಮ,yes
ಮಲ್ಲಿಗವಾಡ,,,ಡ,yes
ಮುಂತಾದವರು,,,ು,yes
ಕ್ರೀಡಾಪಟುಗಳು,,,ು,yes
ಅಂತರಾಷ್ಟ್ರೀಯ,,,ಯ,yes
ಮಟ್ಟದಲ್ಲಿ,,,ಿ,yes
ಭಾಗವಹಿಸಿದ್ದಾರೆ,,,ೆ,yes
ಜಿಲ್ಲೆಯವರಾದ,,,ದ,yes
ಕಿರಣ,,,ಣ,yes
ಕಟ್ಟಿಮನಿಯವರು,,,ು,yes
ಪ್ರೀಮಿಯರ್,,,್,yes
ಲೀಗ್ನ,,,ನ,yes
ಬುಲ್ಸ್,,,್,yes
ತಂಡದ,,,ದ,yes
ಮಾಲೀಕರಾಗಿದ್ದಾರೆ,,,ೆ,yes
ಮಂದಿರಗಳು,,,ು,yes
ಲಕ್ಷ್ಮಿ,,,ಿ,yes
ಡ್ರ್ರೀಮಲ್ಯಾಂಡ್,,,್,yes
ಜಯಶ್ರೀ,,,ೀ,yes
ಅಮೀರ,,,ರ,yes
ಅಲಂಕಾರ,,,ರ,yes
ಅಪ್ಸರಾ,,,ಾ,yes
ವಿದ್ಯಾಸಂಸ್ಥೆಗಳು,,,ು,yes
ವಿಶ್ವವಿದ್ಯಾಲಯಗಳು,,,ು,yes
ಉದಾರ,,,ರ,yes
ಡೀಮ್ಡ್,,,್,yes
ಇಂದಿರಾ,,,ಾ,yes
ಮುಕ್ತ,,,ತ,yes
ತಾಂತ್ರಿಕ,,,ಕ,yes
ಮಹಾವಿದ್ಯಾಲಯಗಳು,,,ು,yes
ವಚನ,,,ನ,yes
ಪಿತಾಮಹ,,,ಹ,yes
ಗು,,,ು,yes
ಹಳಕಟ್ಟಿ,,,ಿ,yes
ಅಭಿಯಾಂತ್ರಿಕ,,,ಕ,yes
ಸಿಕ್ಯಾಬ್,,,್,yes
ಸಂದಲ್,,,್,yes
ಪಾಲಿಟೆಕ್ನಿಕ್,,,್,yes
ಸುಭಾಸ,,,ಸ,yes
ಔಷಧ,,,ಧ,yes
ಆರ್ಯುವೇದ,,,ದ,yes
ರಾಜೇಶ್ವರಿ,,,ಿ,yes
ಕರ್ಪೂರಮಠ,,,ಠ,yes
ಹೋಮಿಯೋಪಥಿ,,,ಿ,yes
ಯುನಾನಿ,,,ಿ,yes
ಲುಕಮುನ,,,ನ,yes
ದಂತ,,,ತ,yes
ಶುಶ್ರೂಷಾ,,,ಾ,yes
ಫಾತೀಮಾ,,,ಾ,yes
ತುಳಜಾ,,,ಾ,yes
ಭವಾನಿ,,,ಿ,yes
ಪಠ್ಯ,,,ಯ,yes
ಕ್ರಮದ,,,ದ,yes
ಜವಾಹರ,,,ರ,yes
ನವೋದಯ,,,ಯ,yes
ಆಲಮಟ್ಟಿ,,,ಿ,yes
ಸಂಗನಬಸವ,,,ವ,yes
ವಸತಿ,,,ಿ,yes
ಕವಲಗಿ,,,ಿ,yes
ಶಾರದಾ,,,ಾ,yes
ಡಪ್ಪೊಡಿಲ್ಸ್,,,್,yes
ಹಿಟ್ಟಿನಹಳ್ಳಿ,,,ಿ,yes
ಕಾನೂನು,,,ು,yes
ಅಂಜುಮನ್,,,್,yes
ಸಮ್ಮೇಳನ,,,ನ,yes
ಸಮ್ಮೇಳನವು,,,ು,yes
ಸಿದ್ದಾಂತಿ,,,ಿ,yes
ಶಿವಶಂಕರ,,,ರ,yes
ಶಾಸ್ತ್ರಿಯವರ,,,ರ,yes
ಅಧ್ಯಕ್ಷತೆಯಲ್ಲಿ,,,ಿ,yes
ಜರುಗಿತ್ತು,,,ು,yes
ವು,,,ು,yes
ಕೊ,,,ೊ,yes
ಚನ್ನಬಸಪ್ಪರವರ,,,ರ,yes
ಜರುಗಿತು,,,ು,yes
ವಿಜ್ಞಾನ,,,ನ,yes
ತಂತ್ರಜ್ಞಾನ,,,ನ,yes
ಭಾಸ್ಕರಾಚಾರ್ಯರು,,,ು,yes
ಗಣಿತಜ್ಞರು,,,ು,yes
ಹೋಟೆಲುಗಳು,,,ು,yes
ಶಶಿನಾಗ,,,ಗ,yes
ರೆಸಿದೆನ್ಸಿ,,,ಿ,yes
ಹೊಟೇಲ್,,,್,yes
ಹೋಟೆಲ,,,ಲ,yes
ಕಾಮತ್,,,್,yes
ಅಶೋಕ,,,ಕ,yes
ಮಧುವನ,,,ನ,yes
ಪ್ಲಿಜಂಟ,,,ಟ,yes
ಸ್ಟೆ,,,ೆ,yes
ಕನಿಷ್ಟ,,,ಟ,yes
ಇಂಟರನ್ಯಾಶನಲ್,,,್,yes
ಇಂಟರನಾಶನಲ್,,,್,yes
ಪರ್ಲ,,,ಲ,yes
ಟಿ,,,ಿ,yes
ಮಯೂರ,,,ರ,yes
ಮೆಘರಾಜ,,,ಜ,yes
ಸಾಗರ,,,ರ,yes
ಪಾರೆಖಾ,,,ಾ,yes
ಬ್ಲೂ,,,ೂ,yes
ಡಾಯಮಂಡ್,,,್,yes
ರೆಸಿಡೆನ್ಸಿ,,,ಿ,yes
ಗೊಲ್ಡನ್,,,್,yes
ಹೈಟ್ಸ್,,,್,yes
ಸನ್ಮಾನ,,,ನ,yes
ಮೈಸೂರ,,,ರ,yes
ಗೊದಾವರಿ,,,ಿ,yes
ರತ್ನಾ,,,ಾ,yes
ಪ್ಯಾಲೇಸ,,,ಸ,yes
ಯಾತ್ರಿ,,,ಿ,yes
ಟೌನ,,,ನ,yes
ಕೊಹಿನೂರ,,,ರ,yes
ರಾಯಲ್,,,್,yes
ಲಲಿತ,,,ತ,yes
ಹೆರಿಟೇಜ,,,ಜ,yes
ಟೂರಿಸ್ಟ,,,ಟ,yes
ಮೋಯಿನ್,,,್,yes
ಸಂಪರ್ಕಗಳು,,,ು,yes
ಅಧಿಕೃತ,,,ತ,yes
ತಾಣ,,,ಣ,yes
ಸಂಪೂರ್ಣ,,,ಣ,yes
ನಗರಸಭೆ,,,ೆ,yes
ನಕಾಶೆ,,,ೆ,yes
ಅಮರವಿಲ,,,ಲ,yes
ತಿರುವನಂತಪುರ,,,ರ,yes
ನಯ್ಯಟ್ಟಿಂಕರ,,,ರ,yes
ಪದವು,,,ು,yes
ಅಮರತ್ವದ,,,ದ,yes
ಎಂದರ್ಥ,,,ಥ,yes
ವಾಲಾಯರ್,,,್,yes
ಕೇರಳದ,,,ದ,yes
ಅತಿದೊಡ್ಡ,,,ಡ,yes
ಚೆಕ್ಪೋಸ್ಟ್,,,್,yes
ಅಮರವಿಲಾದಲ್ಲಿದೆ,,,ೆ,yes
ತಮಿಳುನಾಡಿನ,,,ನ,yes
ಗಡಿಯಲ್ಲಿ,,,ಿ,yes
ಕನ್ಯಾಕುಮಾರಿಯ,,,ಯ,yes
ರಾಹೆ,,,ೆ,yes
ರಲ್ಲಿದೆ,,,ೆ,yes
ನಯ್ಯಾಟಿಂಕರಾ,,,ಾ,yes
ನಾರಾಯಣಪುರ,,,ರ,yes
ರಸ್ತೆಯಲ್ಲಿರುವ,,,ವ,yes
ಗಣಪತಿ,,,ಿ,yes
ಅಮರಾವಿಲಾ,,,ಾ,yes
ಜುಮಾ,,,ಾ,yes
ಸಿಎಸ್ಐ,,,ಐ,yes
ಗಳಿವೆ,,,ೆ,yes
ಕಛೇರಿ,,,ಿ,yes
ರೆಜಿಸ್ಟ್ರಾರ್,,,್,yes
ಅಕ್ಷಯ,,,ಯ,yes
ಸೆಂಟರ್,,,್,yes
ಎಕ್ಸೈಸ್,,,್,yes
ನೆಯ್ಯರ್,,,್,yes
ಮೇಲಿರುವ,,,ವ,yes
ಭತ್ತದ,,,ದ,yes
ಬಾಳೆಹಣ್ಣುಗಳನ್ನೂ,,,ೂ,yes
ಒಳಗೊಂಡಂತೆ,,,ೆ,yes
ಫಲವತ್ತಾಗಿಸುತ್ತದೆ,,,ೆ,yes
ಟೈಲ್,,,್,yes
ಕಾರ್ಖಾನೆ,,,ೆ,yes
ಗ್ರಾಮದಲ್ಲಿದೆ,,,ೆ,yes
ಸ್ಥಾಪನೆಯಾದ,,,ದ,yes
ಅಮರವಿಲಾ,,,ಾ,yes
ಆಂಗ್ಲಿಕನ್,,,್,yes
ಕಮ್ಯುನಿಯನ್,,,್,yes
ಎಮಿಲಿ,,,ಿ,yes
ಆಕರ್ಷಣೆಗಳಲ್ಲಿ,,,ಿ,yes
ಸೋನಕನಹಳ್ಳಿ,,,ಿ,yes
ಇಂಡಿ,,,ಿ,yes
ದಲೈ,,,ೈ,yes
ಲಾಮಾ,,,ಾ,yes
ಟಿಬೆಟಿಯನ್,,,್,yes
ಬೌದ್ಧ,,,ಧ,yes
ಗುರುಪರಂಪರೆಗೆ,,,ೆ,yes
ಸಂದ,,,ದ,yes
ಪೂಜನೀಯ,,,ಯ,yes
ಸಾಗರವೆಂದೂ,,,ೂ,yes
ಬ್ಲಾಮಾ,,,ಾ,yes
ಪದದಲ್ಲಿ,,,ಿ,yes
ಗೌಣವಾಗಿ,,,ಿ,yes
ಉಚ್ಚರಿಸಲಾಗುತ್ತದೆ,,,ೆ,yes
ಹಾಗೆಂದರೆ,,,ೆ,yes
ಗುರು,,,ು,yes
ಪಂಥವನ್ನು,,,ು,yes
ಕಾಲಮಾನದಲ್ಲಿ,,,ಿ,yes
ಜೀವಿಸಿದ್ದ,,,ದ,yes
ತ್ಸೋಂಗೋಥಾಪಾ,,,ಾ,yes
ಬಿಕ್ಷುಗಳೊಬ್ಬರು,,,ು,yes
ಆಚರಣೆಗೆ,,,ೆ,yes
ದಲೈಲಾಮ,,,ಮ,yes
ವಿಶ್ವಜನತೆಗೆ,,,ೆ,yes
ಪರಿಚಿತರಾದ,,,ದ,yes
ಹದಿನಾಲ್ಕನೆ,,,ೆ,yes
ಪ್ರಸಕ್ತದ,,,ದ,yes
ಟೆನ್ಸಿನ್,,,್,yes
ಗ್ಯಾಟ್ಸೊ,,,ೊ,yes
ಹುಟ್ಟು,,,ು,yes
ಲ್ಹಾಂಬೋ,,,ೋ,yes
ಡಾನ್ಡ್ರುಬ್,,,್,yes
ದಿನ,,,ನ,yes
ನಮಗೆಲ್ಲಾ,,,ಾ,yes
ತಿಳಿದಿರುವ,,,ವ,yes
ದಲೈಲಾಮಾ,,,ಾ,yes
ಚೀನಾದಿಂದ,,,ದ,yes
ವಲಸೆ,,,ೆ,yes
ಧರ್ಮಶಾಲಾ,,,ಾ,yes
ಎಂಬಲ್ಲಿ,,,ಿ,yes
ನೆಲೆಸಿದ್ದಾರೆ,,,ೆ,yes
ಚೀನಾ,,,ಾ,yes
ಆಕ್ರಮಿಸಿಕೊಂಡಿರುವ,,,ವ,yes
ಟಿಬೆಟ್,,,್,yes
ಪ್ರದೇಶದಲ್ಲಿರುವ,,,ವ,yes
ಹೊರಗೆ,,,ೆ,yes
ಹರಡಿಕೊಂಡಿರುವ,,,ವ,yes
ಜನಾಂಗದ,,,ದ,yes
ಪ್ರವರ್ತಕರಾಗಿ,,,ಿ,yes
ತರಹದ,,,ದ,yes
ವೈರುದ್ಧ್ಯಗಳ,,,ಳ,yes
ಪ್ರವಾಹಗಳ,,,ಳ,yes
ನಡುವೆಯೂ,,,ೂ,yes
ನಗುನಗುತ್ತಲೇ,,,ೇ,yes
ವಿಶ್ವದೆಲ್ಲೆಡೆಯ,,,ಯ,yes
ಸೆಳೆದಿದ್ದಾರೆ,,,ೆ,yes
ನೊಬೆಲ್,,,್,yes
ಸಂದಿದೆ,,,ೆ,yes
ನಗೆಮೊಗ,,,ಗ,yes
ಚಿಂತನ,,,ನ,yes
ಮೌಲ್ಯಗಳ,,,ಳ,yes
ಭೋಧನೆ,,,ೆ,yes
ಬದುಕಿನ,,,ನ,yes
ರೀತಿಗಳಿಗೆ,,,ೆ,yes
ಮಾರುಹೋಗಿದ್ದಾರೆ,,,ೆ,yes
ಪುಸ್ತಕಗಳಾದ,,,ದ,yes
ಸಂತೋಷವೆಂಬ,,,ಬ,yes
ಆತ್ಮಚರಿತ್ರೆಗಳನ್ನು,,,ು,yes
ಓದಿದಾಗ,,,ಗ,yes
ಮನಸ್ಸುಗಳು,,,ು,yes
ಅರಳಿದಂತಹ,,,ಹ,yes
ಹೃದ್ಭಾವ,,,ವ,yes
ತೆರೆದುಕೊಳ್ಳುತ್ತದೆ,,,ೆ,yes
ಕಷ್ಟಗಳು,,,ು,yes
ಮನುಷ್ಯ,,,ಯ,yes
ಹೇಗಿರುತ್ತಾನೆ,,,ೆ,yes
ಸಮಸ್ತವಾಗಿ,,,ಿ,yes
ಕಷ್ಟಗಳ,,,ಳ,yes
ನಡುವೆಯೇ,,,ೇ,yes
ತಮ್ಮನ್ನು,,,ು,yes
ಬೆಳೆಸಿಕೊಂಡವರು,,,ು,yes
ಕಷ್ಟಗಳನ್ನು,,,ು,yes
ಮೀರಿ,,,ಿ,yes
ಹೆಮ್ಮರವಾಗಿ,,,ಿ,yes
ಬೆಳೆದುನಿಂತವರು,,,ು,yes
ಪ್ರಭಾವಿ,,,ಿ,yes
ವ್ಯಕ್ತಿಗಳಲ್ಲಿ,,,ಿ,yes
ಒಬ್ಬರಾದ,,,ದ,yes
ಟೈಮ್ಸ್,,,್,yes
ಪತ್ರಿಕೆ,,,ೆ,yes
ಹೀಗೆ,,,ೆ,yes
ಬರೆಯುತ್ತದೆ,,,ೆ,yes
ಮುಖಂಡ,,,ಡ,yes
ಸಿನಿಮಾನಟನಿಗಿಂತ,,,ತ,yes
ಸೂಜಿಗಲ್ಲಿನಂತೆ,,,ೆ,yes
ಜನರನ್ನು,,,ು,yes
ಸೆಳೆಯುತ್ತಾರೆ,,,ೆ,yes
ಜೀವನವನ್ನು,,,ು,yes
ನಮ್ಮೆಲ್ಲರಿಗಿಂತ,,,ತ,yes
ಭಿನ್ನವಾಗಿ,,,ಿ,yes
ನೋಡುವುದರಿಂದ,,,ದ,yes
ಆಪ್ತರಾಗುತ್ತಾರೆ,,,ೆ,yes
ಉಳಿದವರು,,,ು,yes
ಉಪದೇಶ,,,ಶ,yes
ತೋರಿಸುತ್ತಾರೆ,,,ೆ,yes
ಎಷ್ಟು,,,ು,yes
ಮಂದಿಗೆ,,,ೆ,yes
ಭಾಗ್ಯ,,,ಯ,yes
ಸಿಕ್ಕಿದೆಯೋ,,,ೋ,yes
ಗೊತ್ತಿಲ್ಲ,,,ಲ,yes
ಜತೆ,,,ೆ,yes
ಮಾತುಕತೆಗೆ,,,ೆ,yes
ಕುಳಿತುಕೊಂಡರೆ,,,ೆ,yes
ಬದುಕನ್ನು,,,ು,yes
ಆಪ್ತಭಾವದಿಂದ,,,ದ,yes
ಪ್ರಾರಂಭಿಸ,,,ಸ,yes
ತೊಡಗುತ್ತೇವೆ,,,ೆ,yes
ನಗೆಗಾರ,,,ರ,yes
ಆತ್ಮ,,,ಮ,yes
ಚರಿತ್ರೆಯಲ್ಲಿ,,,ಿ,yes
ಕರೆದುಕೊಳ್ಳುತ್ತಾರೆ,,,ೆ,yes
ಹಾಗೇಕೆ,,,ೆ,yes
ಎಂಬುದನ್ನುಅವರ,,,ರ,yes
ಮಾತುಗಳಲ್ಲೇ,,,ೇ,yes
ಕೇಳಬೇಕು,,,ು,yes
ಯಾಕೆ,,,ೆ,yes
ಹೀಗಾಯಿತೋ,,,ೋ,yes
ಬದುಕಿನಲ್ಲಿ,,,ಿ,yes
ಪದೇಪದೆ,,,ೆ,yes
ಒಂದಲ್ಲ,,,ಲ,yes
ಸಂಕಟ,,,ಟ,yes
ಎದುರಾಗುತ್ತಿತ್ತು,,,ು,yes
ಇದೇ,,,ೇ,yes
ಸಂದರ್ಭದಲ್ಲಿ,,,ಿ,yes
ದೇಶವೂ,,,ೂ,yes
ಸಂಕಷ್ಟಗಳಿಗೆ,,,ೆ,yes
ಸಿಲುಕಿಕೊಂಡಿತ್ತು,,,ು,yes
ಸಾಕಪ್ಪಾ,,,ಾ,yes
ಬದುಕು,,,ು,yes
ಎನ್ನಿಸುವಂಥ,,,ಥ,yes
ಕ್ಷಣಗಳವು,,,ು,yes
ಅಂಥ,,,ಥ,yes
ಸಂಕಟದ,,,ದ,yes
ಸಂದರ್ಭದಲ್ಲಿಯೂ,,,ೂ,yes
ನಾನು,,,ು,yes
ನಗುನಗುತ್ತಾ,,,ಾ,yes
ಬದುಕುತ್ತಿದ್ದೆ,,,ೆ,yes
ಅಡ್ಡಾಡಿ,,,ಿ,yes
ಕಡೆಯಲ್ಲೆಲ್ಲ,,,ಲ,yes
ನಗುಮುಖ,,,ಖ,yes
ಸುದ್ದಿ,,,ಿ,yes
ನನ್ನನ್ನು,,,ು,yes
ಎದುರಾಗುವ,,,ವ,yes
ಸಂಕಟಗಳನ್ನು,,,ು,yes
ಕಂಡಿದ್ದ,,,ದ,yes
ಕೇಳಿಯೇಬಿಟ್ಟರು,,,ು,yes
ಕಣ್ಮುಂದೆ,,,ೆ,yes
ಸಾವಿರ,,,ರ,yes
ಸಂಕಟವಿದ್ದರೂ,,,ೂ,yes
ಇಷ್ಟೊಂದು,,,ು,yes
ಸಹಜವಾಗಿ,,,ಿ,yes
ನಗುತ್ತೀರಲ್ಲ,,,ಲ,yes
ಹೇಗೆ,,,ೆ,yes
ಸಾಧ್ಯ,,,ಯ,yes
ನಿರಂತರ,,,ರ,yes
ಹಾಗಾಗಿ,,,ಿ,yes
ಎಂಥ,,,ಥ,yes
ಖುಷಿಯಿಂದ,,,ದ,yes
ನಗುವುದು,,,ು,yes
ಅಭ್ಯಾಸ,,,ಸ,yes
ಆಗಿಬಿಟ್ಟಿದೆ,,,ೆ,yes
ಅನ್ನುತ್ತೇನೆ,,,ೆ,yes
ಸದಾ,,,ಾ,yes
ಇರುವುದು,,,ು,yes
ಟಿಬೆಟಿಯನ್ನರಿಗೆ,,,ೆ,yes
ಚಟ,,,ಟ,yes
ನಗೆ,,,ೆ,yes
ಐಡೆಂಟಿಟಿ,,,ಿ,yes
ಸೂಕ್ಷ್ಮವಾಗಿ,,,ಿ,yes
ಗಮನಿಸಿ,,,ಿ,yes
ಟಿಬೆಟಿಯನ್ನರು,,,ು,yes
ಮುಖ,,,ಖ,yes
ಗಂಟಿಕ್ಕಿಕೊಂಡ,,,ಡ,yes
ಭಂಗಿಯಲ್ಲಿ,,,ಿ,yes
ಕಾಣಿಸುವುದಿಲ್ಲ,,,ಲ,yes
ವಿನಾಕಾರಣ,,,ಣ,yes
ಸಿಟ್ಟಾಗುವ,,,ವ,yes
ಭಾರತೀಯರು,,,ು,yes
ಜಪಾನಿಯರಂತೆ,,,ೆ,yes
ವರ್ತಿಸುವುದಿಲ್ಲ,,,ಲ,yes
ಇಟಾಲಿಯನ್ನರ,,,ರ,yes
ಥರ,,,ರ,yes
ಉಲ್ಲಾಸದಿಂದ,,,ದ,yes
ಇರುತ್ತಾರೆ,,,ೆ,yes
ಗುಣ,,,ಣ,yes
ವಂಶಪಾರಂಪರ್ಯವಾಗಿ,,,ಿ,yes
ಬಳುವಳಿ,,,ಿ,yes
ಅನ್ನಬಹುದು,,,ು,yes
ಪುಟ್ಟದೊಂದು,,,ು,yes
ಕುಗ್ರಾಮದಿಂದ,,,ದ,yes
ಬಂದವನು,,,ು,yes
ಸಹಜತೆಗೆ,,,ೆ,yes
ಹತ್ತಿರವಿತ್ತು,,,ು,yes
ಜತೆಗಿದ್ದವರ,,,ರ,yes
ಮಾತು,,,ು,yes
ವರ್ತನೆಯಲ್ಲಿ,,,ಿ,yes
ಕಪಟವಿರಲಿಲ್ಲ,,,ಲ,yes
ಕುಹಕವಿರಲಿಲ್ಲ,,,ಲ,yes
ನಾಟಕವಿರಲಿಲ್ಲ,,,ಲ,yes
ದಿನಾಲೂ,,,ೂ,yes
ಪರಸ್ಪರರನ್ನು,,,ು,yes
ರೇಗಿಸುತ್ತಾ,,,ಾ,yes
ಗೇಲಿ,,,ಿ,yes
ಮಾಡುತ್ತಾ,,,ಾ,yes
ಆಗೊಮ್ಮೆ,,,ೆ,yes
ಈಗೊಮ್ಮೆ,,,ೆ,yes
ಜಗಳವನ್ನೂ,,,ೂ,yes
ಬದುಕಿಬಿಟ್ಟೆವು,,,ು,yes
ಜೀವಿಸುವುದು,,,ು,yes
ಭಾಗವೇ,,,ೇ,yes
ಆಗಿಹೋಯಿತು,,,ು,yes
ಅದರರ್ಥ,,,ಥ,yes
ಬಾಲ್ಯದ,,,ದ,yes
ಬಡತನದ,,,ದ,yes
ಸಂಕಟಗಳು,,,ು,yes
ಇರಲೇ,,,ೇ,yes
ಎಂದಲ್ಲ,,,ಲ,yes
ಈಗಿರುವಂತೆ,,,ೆ,yes
ಅದನ್ನೂ,,,ೂ,yes
ಮೀರಿದಂಥ,,,ಥ,yes
ಇದ್ದೇ,,,ೇ,yes
ಇದ್ದವು,,,ು,yes
ಕಷ್ಟ,,,ಟ,yes
ಎಂದುಕೊಂಡು,,,ು,yes
ಧೈರ್ಯ,,,ಯ,yes
ಕಳೆದುಕೊಂಡರೆ,,,ೆ,yes
ಯಾವ,,,ವ,yes
ಪ್ರಯೋಜನವೂ,,,ೂ,yes
ಆಗುತ್ತಿರಲಿಲ್ಲ,,,ಲ,yes
ಅಳುಮುಖ,,,ಖ,yes
ಮಾಡಿಕೊಂಡು,,,ು,yes
ಯೋಚಿಸುತ್ತಾ,,,ಾ,yes
ಕೂರುವುದರಿಂದ,,,ದ,yes
ಬಗೆಹರಿಯುತ್ತಿರಲಿಲ್ಲ,,,ಲ,yes
ಅದಕ್ಕಿಂತ,,,ತ,yes
ಅಯ್ಯೋ,,,ೋ,yes
ಹೀಗಾಗಿಬಿಡ್ತಲ್ಲ,,,ಲ,yes
ಕೂತರೆ,,,ೆ,yes
ಒಂದಿಡೀ,,,ೀ,yes
ವಾರದ,,,ದ,yes
ನೆಮ್ಮದಿಯೇ,,,ೇ,yes
ಕೈಬಿಟ್ಟು,,,ು,yes
ಹೋಗುವ,,,ವ,yes
ಸಂಭವವಿತ್ತು,,,ು,yes
ಅನುಭವದ,,,ದ,yes
ಹೇಳುವುದಾದರೆ,,,ೆ,yes
ಧನಾತ್ಮಕವಾಗಿಯೇ,,,ೇ,yes
ಯೋಚಿಸಲು,,,ು,yes
ಮುಂದಾಗಬೇಕು,,,ು,yes
ಎದುರಾದಾಗ,,,ಗ,yes
ಓಹ್,,,್,yes
ಬದುಕಿನ್ನು,,,ು,yes
ಮುಗಿದೇ,,,ೇ,yes
ಹೋಯ್ತು,,,ು,yes
ಎಂದುಕೊಳ್ಳುವ,,,ವ,yes
ಬದಲು,,,ು,yes
ಕಷ್ಟವನ್ನು,,,ು,yes
ಎದುರಿಸುವ,,,ವ,yes
ನೆಪದಲ್ಲಿ,,,ಿ,yes
ಏನೆಲ್ಲಾ,,,ಾ,yes
ಪಾಠ,,,ಠ,yes
ಕಲಿಯಬಹುದು,,,ು,yes
ಯೋಚಿಸಿದರೆ,,,ೆ,yes
ಅಷ್ಟರಮಟ್ಟಿಗೆ,,,ೆ,yes
ಭಯ,,,ಯ,yes
ಕಡಿಮೆಯಾಗುತ್ತದೆ,,,ೆ,yes
ಬಾಳಹಾದಿಯಲ್ಲಿ,,,ಿ,yes
ಮಾರ್ಗವನ್ನೇ,,,ೇ,yes
ಅನುಸರಿಸಿದೆ,,,ೆ,yes
ಕ್ಷಣವನ್ನೂ,,,ೂ,yes
ಶಾಂತಿಯಿಂದಲೇ,,,ೇ,yes
ಎದುರುಗೊಂಡೆ,,,ೆ,yes
ನಗುತ್ತಿರು,,,ು,yes
ಎದೆಗುಂದದಿರು,,,ು,yes
ಒಳ್ಳೆಯತನಕ್ಕೆ,,,ೆ,yes
ಎಂದೆಂದಿಗೂ,,,ೂ,yes
ಜಯ,,,ಯ,yes
ನಂಬಿಕೆಯಿಡು,,,ು,yes
ಬೌದ್ಧಧರ್ಮದ,,,ದ,yes
ತತ್ವ,,,ವ,yes
ಬಾಲ್ಯದಲ್ಲಿ,,,ಿ,yes
ದೊರೆತ,,,ತ,yes
ಶಾಂತಮನೋಭಾವಕ್ಕೆ,,,ೆ,yes
ಪ್ರಾಮಾಣಿಕ,,,ಕ,yes
ಅನಿಸಿಕೆ,,,ೆ,yes
ಎಲ್ಲರಿಗೂ,,,ೂ,yes
ಗೊತ್ತಿರುವಂತೆ,,,ೆ,yes
ಐವತ್ತು,,,ು,yes
ವರ್ಷಕ್ಕೂ,,,ೂ,yes
ಕಾಲದಿಂದ,,,ದ,yes
ವಾಸಕ್ಕೊಂದು,,,ು,yes
ಮನೆಯಿಲ್ಲ,,,ಲ,yes
ದೇಶದೊಳಗೆ,,,ೆ,yes
ನಿಜ,,,ಜ,yes
ಹೇಳುತ್ತೇನೆ,,,ೆ,yes
ಖಂಡಿತ,,,ತ,yes
ಅನಿಸಿಲ್ಲ,,,ಲ,yes
ನನ್ನದೆನ್ನುವ,,,ವ,yes
ಇಲ್ಲದಿದ್ದರೆ,,,ೆ,yes
ಏನಂತೆ,,,ೆ,yes
ಹತ್ತಾರು,,,ು,yes
ದೇಶಗಳ,,,ಳ,yes
ಮನದಲ್ಲಿ,,,ಿ,yes
ಸ್ವಾಗತವಿದೆ,,,ೆ,yes
ಅಮೆರಿಕ,,,ಕ,yes
ಯುರೋಪ್,,,್,yes
ಥೈವಾನ್,,,್,yes
ಏಷ್ಯಾ,,,ಾ,yes
ದೇಶಗಳಲ್ಲಿರುವ,,,ವ,yes
ಮುಖಂಡರು,,,ು,yes
ಉದ್ಯಮಿಗಳು,,,ು,yes
ಪೋಪ್,,,್,yes
ಪ್ರೀತಿಸುತ್ತಾರೆ,,,ೆ,yes
ಗೌರವಿಸುತ್ತಾರೆ,,,ೆ,yes
ನನ್ನೊಂದಿಗೆ,,,ೆ,yes
ವೇದಿಕೆ,,,ೆ,yes
ಹಂಚಿಕೊಳ್ಳುತ್ತಾರೆ,,,ೆ,yes
ಸಲಹೆ,,,ೆ,yes
ಕೇಳುತ್ತಾರೆ,,,ೆ,yes
ಹೋರಾಟದ,,,ದ,yes
ಮೆಚ್ಚುಗೆಯ,,,ಯ,yes
ಮಾತಾಡುತ್ತಾರೆ,,,ೆ,yes
ಇವೆಲ್ಲದರ,,,ರ,yes
ಮಧ್ಯೆಯೂ,,,ೂ,yes
ಹಿಂತಿರುಗಿ,,,ಿ,yes
ನೋಡಿದರೆ,,,ೆ,yes
ನನ್ನದು,,,ು,yes
ನತದೃಷ್ಟ,,,ಟ,yes
ಭಾವ,,,ವ,yes
ಕಾಡುತ್ತದೆ,,,ೆ,yes
ಸಂದರ್ಭದಲ್ಲೆಲ್ಲ,,,ಲ,yes
ನಾನೇ,,,ೇ,yes
ಸಮಾಧಾನಿಸಿಕೊಳ್ಳುತ್ತೇನೆ,,,ೆ,yes
ಗೃಹಬಂಧನವಿಲ್ಲ,,,ಲ,yes
ಹೀಗೇ,,,ೇ,yes
ಬದುಕಬೇಕು,,,ು,yes
ಶಿಷ್ಟಾಚಾರದ,,,ದ,yes
ಹಂಗಿಲ್ಲ,,,ಲ,yes
ಇಂಥ,,,ಥ,yes
ಕಡೆಯೇ,,,ೇ,yes
ಅಡ್ಡಾಡಬೇಕು,,,ು,yes
ನಿರ್ಬಂಧವೂ,,,ೂ,yes
ಬದುಕಲ್ಲೂ,,,ೂ,yes
ಸ್ವಾರಸ್ಯವಿದೆ,,,ೆ,yes
ಸಂಭ್ರಮವಿದೆ,,,ೆ,yes
ಅಂದುಕೊಳ್ಳುತ್ತೇನೆ,,,ೆ,yes
ಇಂಥದೊಂದು,,,ು,yes
ಜತೆಯಾದ,,,ದ,yes
ಕೂಡಲೇ,,,ೇ,yes
ಹಗುರಾಗುತ್ತದೆ,,,ೆ,yes
ಮೊಗದಲ್ಲಿ,,,ಿ,yes
ನಗೆಯ,,,ಯ,yes
ಹೂ,,,ೂ,yes
ಅರಳುತ್ತದೆ,,,ೆ,yes
ಮಾತುಗಳು,,,ು,yes
ವಿಶ್ವೇಶ್ವರ,,,ರ,yes
ಭಟ್ಟರು,,,ು,yes
ಮನ,,,ನ,yes
ಅಂಕಣದಲ್ಲಿ,,,ಿ,yes
ಆತ್ಮಚರಿತ್ರೆಯಿಂದ,,,ದ,yes
ಮೂಡಿಸಿರುವ,,,ವ,yes
ಮೂಡಿಬಂದಿದೆ,,,ೆ,yes
ಗುಲಾಲು,,,ು,yes
ಅಬೀರ್,,,್,yes
ಪರಿಚಿತವಾಗಿದೆ,,,ೆ,yes
ಸಾಮಾನ್ಯ,,,ಯ,yes
ಆಚರಣೆಗಳಿಗೆ,,,ೆ,yes
ಬಳಸಲಾಗುವ,,,ವ,yes
ವಿಶೇಷವಾಗಿ,,,ಿ,yes
ಹೋಳಿ,,,ಿ,yes
ಹಬ್ಬಕ್ಕೆ,,,ೆ,yes
ಬಣ್ಣದ,,,ದ,yes
ಪುಡಿಗಳಿಗೆ,,,ೆ,yes
ನೀಡಲಾದ,,,ದ,yes
ಸಾಮಾನ್ಯವಾಗಿ,,,ಿ,yes
ಹೆಸರನ್ನು,,,ು,yes
ಹಬ್ಬದಲ್ಲಿ,,,ಿ,yes
ಗುಲಾಬಿ,,,ಿ,yes
ಸಂಬಂಧಿಸಲಾಗುತ್ತದೆ,,,ೆ,yes
ಪ್ರೀತಿ,,,ಿ,yes
ಸಮಾನತೆಯನ್ನು,,,ು,yes
ಆಚರಿಸುವ,,,ವ,yes
ಹಬ್ಬದ,,,ದ,yes
ಹಾಡುತ್ತ,,,ತ,yes
ಕುಣಿಯುತ್ತ,,,ತ,yes
ಒಬ್ಬರ,,,ರ,yes
ಪುಡಿಗಳನ್ನು,,,ು,yes
ಎರಚುತ್ತಾರೆ,,,ೆ,yes
ಮುಂಚಿನ,,,ನ,yes
ಮರಗಳಿಂದ,,,ದ,yes
ಹೂವುಗಳಿಂದ,,,ದ,yes
ತಯಾರಿಸಲಾಗುತ್ತಿತ್ತು,,,ು,yes
ಉದಾಹರಣೆಗೆ,,,ೆ,yes
ಹಾಲವಾಣ,,,ಣ,yes
ಪಲಾಶ,,,ಶ,yes
ಮರಗಳು,,,ು,yes
ಚರ್ಮಕ್ಕೆ,,,ೆ,yes
ಪ್ರಯೋಜನಕಾರಿಯಾದ,,,ದ,yes
ಔಷಧೀಯ,,,ಯ,yes
ಗುಣಗಳನ್ನು,,,ು,yes
ಹೊಂದಿರುತ್ತಿದ್ದವು,,,ು,yes
ಕೃತಕ,,,ಕ,yes
ಬಣ್ಣಗಳ,,,ಳ,yes
ಆಗಮನ,,,ನ,yes
ಪ್ರದೇಶಗಳಲ್ಲಿ,,,ಿ,yes
ಮರಗಳ,,,ಳ,yes
ಕಾಣದಾಗುವಿಕೆ,,,ೆ,yes
ಲಾಭದ,,,ದ,yes
ಅನ್ವೇಷಣೆಯ,,,ಯ,yes
ನೈಸರ್ಗಿಕ,,,ಕ,yes
ಬಣ್ಣಗಳನ್ನು,,,ು,yes
ತ್ಯಾಗ,,,ಗ,yes
ಶಿವಾಹಳಿರವರು,,,ು,yes
ಜಿಲ್ಲೆಯವರಾಗಿದ್ದು,,,ು,yes
ಉಷ್ಣವು,,,ು,yes
ಶಕ್ತಿಯನ್ನು,,,ು,yes
ರೂಪದಿಂದ,,,ದ,yes
ರೂಪಕ್ಕೆ,,,ೆ,yes
ಪರಿವರ್ತಿಸಬಹುದು,,,ು,yes
ಸೂಕ್ತವಾದ,,,ದ,yes
ಉಪಕರಣಗಳನ್ನು,,,ು,yes
ಉಷ್ಣಶಕ್ತಿ,,,ಿ,yes
ಶಕ್ತಿಯನ್ನಾಗಿ,,,ಿ,yes
ಬಳಸಲಾಗುತ್ತದೆ,,,ೆ,yes
ಉಷ್ಣಶಕ್ತಿಯನ್ನು,,,ು,yes
ಅಡುಗೆ,,,ೆ,yes
ಶಾಲೆಗಳಲ್ಲಿ,,,ಿ,yes
ಉಪಯೊಗಿಸುತ್ತೆವೆ,,,ೆ,yes
ಉದಾಹರಣೆಗಳು,,,ು,yes
ಉಷ್ಣದ,,,ದ,yes
ಪರಿಣಾಮಗಳ,,,ಳ,yes
ಅನ್ವಯವಾಗಿವೆ,,,ೆ,yes
ಒಟ್ಟುಗೂಡಿಸಿ,,,ಿ,yes
ಹೇಳಬಹುದು,,,ು,yes
ತಾಪದಲ್ಲಿ,,,ಿ,yes
ಏರಿಕೆ,,,ೆ,yes
ವ್ಯಾಕೋಚನೆ,,,ೆ,yes
ಸ್ತಿತಿ,,,ಿ,yes
ಬದಲಾವಣೆ,,,ೆ,yes
ರಾಸಾಯನಿಕ,,,ಕ,yes
ಕಾರ್ಯನಿ,,,ಿ,yes
ರ್ವಹಿಸುವ,,,ವ,yes
ತಾಪವನ್ನು,,,ು,yes
ಉನ್ನತ,,,ತ,yes
ಉಷ್ಣತಾ,,,ಾ,yes
ಸ್ಥಿತಿಯಿಂದ,,,ದ,yes
ಕೆಳಮಟ್ಟದ,,,ದ,yes
ಸ್ಥಿತಿಗೆ,,,ೆ,yes
ತರುವ,,,ವ,yes
ರ್ವಹಿಸುತ್ತದೆ,,,ೆ,yes
ಹೆಚ್ಚಿಸುವಲ್ಲಿ,,,ಿ,yes
ತಾಪದ,,,ದ,yes
ಮೂಲವು,,,ು,yes
ಉಷ್ಣತೆಯನ್ನು,,,ು,yes
ಉತ್ಪಾದಿಸುತ್ತದೆ,,,ೆ,yes
ಏರಿಸುವುದರಿಂದ,,,ದ,yes
ಉಷ್ಣ,,,ಣ,yes
ಪರಿವರ್ತಿಸುವ,,,ವ,yes
ವಿನ್ಯಾಸಗೊಳಿಸಲು,,,ು,yes
ಸಾಧ್ಯವಿಲ್ಲ,,,ಲ,yes
ಹಾಗೆಯೇ,,,ೇ,yes
ಉಷ್ನದಿಂದ,,,ದ,yes
ಘನ,,,ನ,yes
ದ್ರವ,,,ವ,yes
ಅನಿಲಗಳ,,,ಳ,yes
ವ್ಯಕೋಚನೆಯು,,,ು,yes
ಬಹಳ,,,ಳ,yes
ನಿಧಾನ,,,ನ,yes
ಗತಿಯಲ್ಲಿರುವುದರಿಂದ,,,ದ,yes
ಪರಿಣಾಮವನ್ನೂ,,,ೂ,yes
ಇಂಜನ್ನು,,,ು,yes
ಅಭಿವ್ರುದ್ಧಿಗೊಳಿಸುವಲ್ಲಿ,,,ಿ,yes
ಬಳಸುವುದು,,,ು,yes
ಕಶ್ತವಾಗಿದೆ,,,ೆ,yes
ಇಂಜಿನ್,,,್,yes
ಗಳ,,,ಳ,yes
ತಯಾರಿಕೆಯಲ್ಲಿ,,,ಿ,yes
ದ್ರವವಸ್ತುಗಳು,,,ು,yes
ಅನಿಲವಾಗಿ,,,ಿ,yes
ಬದಲಾಗುವುದು,,,ು,yes
ಮಹತ್ವದ,,,ದ,yes
ಪಾತ್ರವನ್ನು,,,ು,yes
ವಹಿಸುತ್ತದೆ,,,ೆ,yes
ಹಬೆಯಾಗಿ,,,ಿ,yes
ಪರಿವರ್ತಿಸಿದರೆ,,,ೆ,yes
ಸ್ಥಳವನ್ನು,,,ು,yes
ಆಕ್ರಮಿಸುತ್ತದೆ,,,ೆ,yes
ವ್ಯಾಕೂಚನೆಯಿಂದ,,,ದ,yes
ಒತ್ತಡವನ್ನು,,,ು,yes
ಉಂಟುಮಾಡುತ್ತದೆ,,,ೆ,yes
ಕಾಯಿಸುವುದರಿಂದ,,,ದ,yes
ಉಂಟಾದ,,,ದ,yes
ಹಬೆಯು,,,ು,yes
ನೀರಿಗಿಂತ,,,ತ,yes
ಪಟ್ಟು,,,ು,yes
ಗಾತ್ರವನ್ನು,,,ು,yes
ಅಂಶವೇ,,,ೇ,yes
ಡೀಸೆಲ್,,,್,yes
ದಹಿಸಿದಾಗ,,,ಗ,yes
ಬದಲಾವಣೆಯಾಗಿ,,,ಿ,yes
ಗಾತ್ರದ,,,ದ,yes
ಅನಿಲಗಳನ್ನು,,,ು,yes
ಬಿಡುಗಡೆ,,,ೆ,yes
ಉಂಟುಮಾಡುತ್ತವೆ,,,ೆ,yes
ಎಂಬುದೇ,,,ೇ,yes
ಪೆಟ್ರೋಲ್,,,್,yes
ಕಾರ್ಯವಿಧಾನದ,,,ದ,yes
ಗಾಳಿಯ,,,ಯ,yes
ಪ್ರವಾಹದಲ್ಲಿ,,,ಿ,yes
ಚಲನೆಗಳಿವೆ,,,ೆ,yes
ವ್ಯವಸ್ಥೆಯೊಳಗೆ,,,ೆ,yes
ಅಣುಗಳ,,,ಳ,yes
ಯಾದೃಚ್ಚಿಕ,,,ಕ,yes
ಚಲನೆ,,,ೆ,yes
ಚಲನೆಯ,,,ಯ,yes
ದಿಕ್ಕಿನಲ್ಲಿ,,,ಿ,yes
ಸಾಮೂಹಿಕ,,,ಕ,yes
ಪದರ,,,ರ,yes
ವಹನ,,,ನ,yes
ಎರಡನೆಯ,,,ಯ,yes
ವಿಧವಾದ,,,ದ,yes
ಚಲನೆಯು,,,ು,yes
ಒತ್ತಡ,,,ಡ,yes
ಅಂತರವಿದ್ದಾಗ,,,ಗ,yes
ಆಗುತ್ತದೆ,,,ೆ,yes
ಕಾರ್ಯವಿಧಾನಕ್ಕೆ,,,ೆ,yes
ಅನ್ವಯಿಸುತ್ತದೆ,,,ೆ,yes
ಹಾಗಾದರೆ,,,ೆ,yes
ಎಂದರೇನು,,,ು,yes
ಉಪಯುಕ್ತ,,,ತ,yes
ಶಕ್ತಿಯಾಗಿ,,,ಿ,yes
ಸಾಧನ,,,ನ,yes
ಹೀಟ್,,,್,yes
ಎಂಜಿನ್,,,್,yes
ಅವಿಚ್ಛಿನ್ನ,,,ನ,yes
ಪರಿವರ್ತನೆಯಾಗಿದೆ,,,ೆ,yes
ಉಷ್ಣಯಂತ್ರದಲ್ಲಿ,,,ಿ,yes
ಅಂಶಗಳಿರುತ್ತವೆ,,,ೆ,yes
ಅವುಗಳು,,,ು,yes
ಆಕರ,,,ರ,yes
ಸೋರ್ಸ್,,,್,yes
ಇದರಿಂದ,,,ದ,yes
ಶಕ್ತಿಗೆ,,,ೆ,yes
ಒದಗಿಸಲಾಗುವುದು,,,ು,yes
ತೊಟ್ಟಿ,,,ಿ,yes
ಸಿಂಕ್,,,್,yes
ಆಕರದ,,,ದ,yes
ಉಷ್ಣತೆಗಿಂತ,,,ತ,yes
ತೊಟ್ಟಿಗೆ,,,ೆ,yes
ಬಿಡುಗಡೆಯಾಗುತ್ತದೆ,,,ೆ,yes
ಕ್ರಿಯಶೀಲ,,,ಲ,yes
ವರ್ಕಿಂಗ್,,,್,yes
ಸಬ್,,,್,yes
ಸ್ಟೆನ್ಸ್,,,್,yes
ಸಾಧಾರಣವಾಗಿ,,,ಿ,yes
ಅನಿಲವೋ,,,ೋ,yes
ಮಿಶ್ರಣವೋ,,,ೋ,yes
ಹಬೆಯೋ,,,ೋ,yes
ಹಬೆಯ,,,ಯ,yes
ಯಂತ್ರದಲ್ಲಿ,,,ಿ,yes
ಆವಿಯ,,,ಯ,yes
ರೂಪದಲ್ಲಿರುತ್ತದೆ,,,ೆ,yes
ಅಂಗಗಳೂ,,,ೂ,yes
ಪರಸ್ಪರ,,,ರ,yes
ಪೂರಕವಾಗಿ,,,ಿ,yes
ನೆರವೇರಿಸುವಂಥ,,,ಥ,yes
ಕ್ರಿಯಾಚಕ್ರವನ್ನು,,,ು,yes
ಸೈಕಲ್,,,್,yes
ಆಪರೇಷನ್ಸ್,,,್,yes
ರಚಿಸಬೇಕು,,,ು,yes
ಚಕ್ರದಲ್ಲಿ,,,ಿ,yes
ಕ್ರಿಯಾಶೀಲವಸ್ತು,,,ು,yes
ಆಕರದಿಂದ,,,ದ,yes
ಉಷ್ಣವನ್ನು,,,ು,yes
ಹೀರಿ,,,ಿ,yes
ಸಾಕಾದಷ್ಟು,,,ು,yes
ಪ್ರಮಾಣವನ್ನು,,,ು,yes
ಪರಿವರ್ತಿಸಿ,,,ಿ,yes
ಅನುಪಯುಕ್ತ,,,ತ,yes
ವಿಸರ್ಜಿಸುತ್ತದೆ,,,ೆ,yes
ವಿಧಗಳಿವೆ,,,ೆ,yes
ಹಬೆ,,,ೆ,yes
ಅಂತರ್ದಹನ,,,ನ,yes
ಥಾಮಸ್,,,್,yes
ಸಾವೀರಿಯು,,,ು,yes
ಪ್ರಪ್ರಥಮವಾಗಿ,,,ಿ,yes
ವ್ಯಾವಹಾರಿಕವಾಗಿ,,,ಿ,yes
ವಿನ್ಯಾಸಗೊಲಿಸಿದನು,,,ು,yes
ಜೇಮ್ಸ್,,,್,yes
ವ್ಯಾಟನು,,,ು,yes
ಅದಕ್ಕೆ,,,ೆ,yes
ಸಿಲಿಂಡರ್,,,್,yes
ನತ್ತು,,,ು,yes
ಕವಾಟಗಳನ್ನು,,,ು,yes
ನಿರ್ಮಿಸಿದನು,,,ು,yes
ಚಾಲಿತ,,,ತ,yes
ಯಂತ್ರಗಳು,,,ು,yes
ಕ್ರಾಂತಿಗೆ,,,ೆ,yes
ನಾಂದಿಯಾದವು,,,ು,yes
ಗಮನಿಸೋಣ,,,ಣ,yes
ಬಾಯ್ಲರ್,,,್,yes
ಕಾಯಿಸಿ,,,ಿ,yes
ಒತ್ತಡದ,,,ದ,yes
ಹಬೆಯನ್ನು,,,ು,yes
ಉತ್ಪಾದಿಸಲಾಗುತ್ತದೆ,,,ೆ,yes
ಪಿಸ್ಟನ್,,,್,yes
ನನ್ನು,,,ು,yes
ಜೋಡಿಸಿದ,,,ದ,yes
ಸಿಲಿಂಡರ್ಗೆ,,,ೆ,yes
ಕಳುಹಿಸಲಾಗುತ್ತದೆ,,,ೆ,yes
ಆಕ್ರಮಿಸುವುದರಿಂದ,,,ದ,yes
ಸಂಗ್ರಾಹಕದ,,,ದ,yes
ದಿಕ್ಕುಗಳಲ್ಲಿ,,,ಿ,yes
ವ್ಯಕೊಚನೆಗೊಳ್ಳುವುದರಿಂದ,,,ದ,yes
ಮುಂದಕ್ಕೆ,,,ೆ,yes
ತಳ್ಳುತ್ತದೆ,,,ೆ,yes
ನಿಗೆ,,,ೆ,yes
ಸಂಪರ್ಕಿಸಿರುವ,,,ವ,yes
ವಕ್ರದಂಡವೂ,,,ೂ,yes
ಚಲಿಸುತ್ತದೆ,,,ೆ,yes
ವಕ್ರದಂಡವು,,,ು,yes
ನಿನ,,,ನ,yes
ಸರಳರೆಖೀಯ,,,ಯ,yes
ಚಲನೆಯನ್ನು,,,ು,yes
ಭಮಣೆಯನ್ನಾಗಿ,,,ಿ,yes
ಪರಿವರ್ತಿಸುತ್ತದೆ,,,ೆ,yes
ವಕ್ರದಂಡದ,,,ದ,yes
ಚಕ್ರವು,,,ು,yes
ವ್ಯಾಕೊಚಕ,,,ಕ,yes
ಹೊಡೆತದಲ್ಲಿ,,,ಿ,yes
ಅರ್ಧಸುತ್ತು,,,ು,yes
ತಿರುಗುತ್ತದೆ,,,ೆ,yes
ವ್ಯಾಕೊಚನದಿಂದಾಗಿ,,,ಿ,yes
ಪಿಸ್ತನ್,,,್,yes
ಸರಿಯುತ್ತದೆ,,,ೆ,yes
ಚಲನಶಕ್ತಿಯನ್ನು,,,ು,yes
ಕಳೆದುಕೊಳ್ಳುತ್ತದೆ,,,ೆ,yes
ಸಾಂದ್ರಿಕರಿಸಿ,,,ಿ,yes
ನೀರಾಗಿತ್ತದೆ,,,ೆ,yes
ಮತ್ತೆ,,,ೆ,yes
ಸಿಲಿಂಡರ್ನ,,,ನ,yes
ಒಳಕ್ಕೆ,,,ೆ,yes
ದೂದಿಕೆಯಾಗುತ್ತದೆ,,,ೆ,yes
ಜಡತ್ವದ,,,ದ,yes
ಇನ್ನರ್ಧ,,,ಧ,yes
ಸುತ್ತು,,,ು,yes
ತಿರುಗಿ,,,ಿ,yes
ಸುತ್ತನ್ನು,,,ು,yes
ಪೂರ್ಣಗೊಳಿಸುತ್ತದೆ,,,ೆ,yes
ಹೊಡೆತ,,,ತ,yes
ಎನ್ನುತ್ತಾರೆ,,,ೆ,yes
ಸಾಂದ್ರಿಕರಿಸಿದ,,,ದ,yes
ಹೊರಕ್ಕೆ,,,ೆ,yes
ತಳ್ಳಲ್ಪಡುತ್ತದೆ,,,ೆ,yes
ಪುನಃ,,,ಃ,yes
ನೊಳಗೆ,,,ೆ,yes
ಕ್ರಿಯೆಯು,,,ು,yes
ಪುನರಾವರ್ತಿತವಾಗುತ್ತದೆ,,,ೆ,yes
ಇಂಧನ,,,ನ,yes
ವಾದ,,,ದ,yes
ಕಲ್ಲಿದ್ದಲನ್ನು,,,ು,yes
ಉರಿಸಲಾಗುತ್ತದೆ,,,ೆ,yes
ಕವಾಟಗಳೆಮ್ಬ,,,ಬ,yes
ವಿಶೇಷವಾದ,,,ದ,yes
ಮುಚ್ಚಳಗಳಿವೆ,,,ೆ,yes
ಬಿಡಲು,,,ು,yes
ಹೊರಹೋಗುವಂತೆ,,,ೆ,yes
ಕವಾಟಗಳು,,,ು,yes
ತೆರೆಯಲ್ಪದುತ್ತವೆ,,,ೆ,yes
ಕಾರುಗಳನ್ನು,,,ು,yes
ತಯಾರಿಸಲು,,,ು,yes
ಗಳನ್ನೂ,,,ೂ,yes
ಬಳಸಿದ್ದರು,,,ು,yes
ಅಲ್ಲದೆ,,,ೆ,yes
ರೈಲುಗಳಲ್ಲಿಯು,,,ು,yes
ಇತ್ತು,,,ು,yes
ದಕ್ಷತೆ,,,ೆ,yes
ಇರುವುದರಿಂದ,,,ದ,yes
ವಾಹನಗಳಲ್ಲಿ,,,ಿ,yes
ಇಲ್ಲವಾಗಿದೆ,,,ೆ,yes
ಉಷ್ಣಯಂತ್ರ,,,ರ,yes
ಐಡಿಯಲ್,,,್,yes
ಉಷ್ಣಶಕ್ತಿಗೂ,,,ೂ,yes
ಶಕ್ತಿಗೂ,,,ೂ,yes
ಅನ್ವಯಿಸುವಂತೆ,,,ೆ,yes
ನಿಯಮಗಳಿವೆ,,,ೆ,yes
ಮೊದಲನೆಯ,,,ಯ,yes
ನಿಯಮದ,,,ದ,yes
ಸಂಬಂಧವಿದೆ,,,ೆ,yes
ಉಷ್ಣಶಕ್ತಿಯ,,,ಯ,yes
ಸಾಮ್ಯಾಂಕ,,,ಕ,yes
ಮೆಕಾನಿಕಲ್,,,್,yes
ಈಕ್ವಿವಲೆಂಟ್,,,್,yes
ಏಕಮಾನಗಳಲ್ಲಿ,,,ಿ,yes
ಜೌಲುಗಳು,,,ು,yes
ಸ್ವಯಂ,,,ಂ,yes
ಕ್ರಿಯಾತ್ಮ,,,ಮ,yes
ನಡೆಯುವ,,,ವ,yes
ಉಷ್ಣತೆಯ,,,ಯ,yes
ಮಟ್ಟದಿಂದ,,,ದ,yes
ಮಟ್ಟಕ್ಕೆ,,,ೆ,yes
ವರ್ಗಾಯಿಸುವುದು,,,ು,yes
ಅಸಾಧ್ಯ,,,ಯ,yes
ಅನುಸರಿಸಿ,,,ಿ,yes
ಕಾರ್ನೋಟ್,,,್,yes
ವಿಜ್ಞಾನಿ,,,ಿ,yes
ಉಷ್ಣಯಂತ್ರದ,,,ದ,yes
ಪರಿಕಲ್ಪನೆಯನ್ನೂ,,,ೂ,yes
ಸರಿದೂಗುವ,,,ವ,yes
ಆವರ್ತಚಕ್ರವನ್ನೂ,,,ೂ,yes
ವಿವರಿಸಿದ್ದಾನೆ,,,ೆ,yes
ಚಕ್ರ,,,ರ,yes
ಬಳಕೆಯಾಗುತ್ತಿದೆ,,,ೆ,yes
ಅನಿಲ,,,ಲ,yes
ಇಂಧನಕ್ಕೆ,,,ೆ,yes
ಬಸನಗೌಡ,,,ಡ,yes
ರುದ್ರಗೌಡ,,,ಡ,yes
ಪಾಟೀಲರು,,,ು,yes
ಮಾಜಿ,,,ಿ,yes
ಸಂಸದರು,,,ು,yes
ಧುರೀಣರು,,,ು,yes
ಜನೇವರಿ,,,ಿ,yes
ತಾಲ್ಲೂಕಿನ,,,ನ,yes
ಕನಮಡಿ,,,ಿ,yes
ವಿಜಯಪುರದ,,,ದ,yes
ಕಾಲೇಜಿನಿಂದ,,,ದ,yes
ನಿರ್ವಹಿಸಿದ,,,ದ,yes
ಖಾತೆಗಳು,,,ು,yes
ಲೋಕಸಭೆ,,,ೆ,yes
ಲೋಕಸಭೆಗೆ,,,ೆ,yes
ಚುನಾವಣೆಯಲ್ಲಿ,,,ಿ,yes
ಜನತಾ,,,ಾ,yes
ಪಕ್ಷದಿಂದ,,,ದ,yes
ಸಂಸದರಾಗಿ,,,ಿ,yes
ಸಂಸತ್,,,್,yes
ಪ್ರವೇಶಿಸಿದ್ದರು,,,ು,yes
ನೆದರ್,,,್,yes
ಲ್ಯಾಂಡ್ಸ್,,,್,yes
ಯುರೋಪಿನ,,,ನ,yes
ರಾಷ್ಟ್ರ,,,ರ,yes
ರಾಜ್ಯವು,,,ು,yes
ಭೂಭಾಗದ,,,ದ,yes
ಕೆರಿಬ್ಬಿಯನ್,,,್,yes
ಪ್ರದೇಶದ,,,ದ,yes
ಆಂಟಿಲ್ಲ್ಸ್,,,್,yes
ಅರೂಬಾ,,,ಾ,yes
ಪಶ್ಚಿಮದಲ್ಲಿ,,,ಿ,yes
ಸಮುದ್ರವಿದ್ದರೆ,,,ೆ,yes
ನಾರ್ತ್,,,್,yes
ಸೀ,,,ೀ,yes
ಬೆಲ್ಜಿಯಮ್,,,್,yes
ಪೂರ್ವದಲ್ಲಿ,,,ಿ,yes
ಜರ್ಮನಿ,,,ಿ,yes
ದೇಶಗಳಿವೆ,,,ೆ,yes
ಡಚ್,,,್,yes
ಭಾಷೆಯನ್ನು,,,ು,yes
ಆಡುವುದರಿಂದ,,,ದ,yes
ಇವರನ್ನು,,,ು,yes
ಡಚ್ಚರು,,,ು,yes
ಒರಿಯ,,,ಯ,yes
ವಿಪುಲವಾಗಿ,,,ಿ,yes
ಬೆಳೆದಿರುವ,,,ವ,yes
ಸಾಹಿತ್ಯಚರಿತ್ರೆಯನ್ನು,,,ು,yes
ಸಂಗ್ರಹವಾಗಿ,,,ಿ,yes
ನಿರೂಪಿಸಿ,,,ಿ,yes
ಅದರಲ್ಲಿನ,,,ನ,yes
ಘಟ್ಟಗಳನ್ನು,,,ು,yes
ಪರಿಚಯ,,,ಯ,yes
ಮಾಡಿಕೊಡುವುದೇ,,,ೇ,yes
ಲೇಖನದ,,,ದ,yes
ಉದ್ದೇಶ,,,ಶ,yes
ಶತಮಾನಕ್ಕೂ,,,ೂ,yes
ಸಾರಳಾದಾಸನಿಗಿಂತ,,,ತ,yes
ಸ್ವರೂಪ,,,ಪ,yes
ಹೇಗಿತ್ತೆಂಬುದನ್ನು,,,ು,yes
ಸ್ವಲ್ಪಮಟ್ಟಿಗಾದರೂ,,,ೂ,yes
ಅರಿತುಕೊಳ್ಳಲು,,,ು,yes
ಆಧಾರಗಳೂ,,,ೂ,yes
ದೊರೆತಿಲ್ಲ,,,ಲ,yes
ಸಾರಳಾದಾಸನ,,,ನ,yes
ಕವಿತ್ವದಲ್ಲಿ,,,ಿ,yes
ವ್ಯಕ್ತವಾಗುವ,,,ವ,yes
ಪರಿಣತಿಯನ್ನು,,,ು,yes
ಆತನಿಗಿಂತ,,,ತ,yes
ಹಿಂದೆಯೂ,,,ೂ,yes
ಚೆನ್ನಾಗಿ,,,ಿ,yes
ಬೆಳೆದಿರಬೇಕೆಂಬುದನ್ನು,,,ು,yes
ಸಯುಕ್ತಿಕವಾಗಿ,,,ಿ,yes
ಊಹಿಸಬಹುದು,,,ು,yes
ಚೌತಿಸಾಢಗ,,,ಗ,yes
ಢಮಾಳಿ,,,ಿ,yes
ದಾಕವಚನ,,,ನ,yes
ಪ್ರಕಾರಗಳು,,,ು,yes
ಕಾಲಕ್ಕೆ,,,ೆ,yes
ಹಿಂದೆನಯೇ,,,ೇ,yes
ರೂಪುಗೊಂಡು,,,ು,yes
ವಿಕಾಸವಾಗಿದ್ದವೆನ್ನಬಹುದು,,,ು,yes
ಕವಿತೆಯ,,,ಯ,yes
ರೂಪವೊಂದನ್ನು,,,ು,yes
ಗ್ರಂಥವೆಂದರೆ,,,ೆ,yes
ಬೌದ್ಧಗಾನ,,,ನ,yes
ದೋಹ,,,ಹ,yes
ಎಂಬತ್ತನಾಲ್ಕು,,,ು,yes
ಕವಿಗಳಿಂದ,,,ದ,yes
ರಚಿತವಾಗಿದ್ದು,,,ು,yes
ಬೌದ್ಧಧರ್ಮಕ್ಕೆ,,,ೆ,yes
ಸಂಬಂಧಿಸಿದ,,,ದ,yes
ಭಾವಗೀತೆಗಳು,,,ು,yes
ಸಂಕಲಿತವಾಗಿವೆ,,,ೆ,yes
ಬೌದ್ಧತಾಂತ್ರಿಕ,,,ಕ,yes
ಪಂಥಕ್ಕೆ,,,ೆ,yes
ಸೇರಿದವರು,,,ು,yes
ಭಾವಗೀತೆಗಳ,,,ಳ,yes
ಶತಮಾನದವರೆಗೆ,,,ೆ,yes
ಹರಡಿದೆ,,,ೆ,yes
ಅಪಭ್ರಂಶದ,,,ದ,yes
ಮೃದುರೂಪ,,,ಪ,yes
ಭಾಷೆಗಿಂತ,,,ತ,yes
ತೀರ,,,ರ,yes
ಭಿನ್ನವಾದದ್ದು,,,ು,yes
ಗೀತೆಗಳನ್ನು,,,ು,yes
ಮೈಥಿಲೀ,,,ೀ,yes
ಭಾವಗೀತೆಗಳೆಂದು,,,ು,yes
ಪಂಡಿತರು,,,ು,yes
ಹೇಳುವುದುಂಟು,,,ು,yes
ಭಾವಗೀತೆಗಳೇ,,,ೇ,yes
ಕಾರ್,,,್,yes
ಗುರುತಿಸಿದ್ದಾರೆ,,,ೆ,yes
ಗ್ರಂಥದಷ್ಟೆ,,,ೆ,yes
ಭಾಷೆಯಲ್ಲಿ,,,ಿ,yes
ರಚಿತವಾದ,,,ದ,yes
ಶಿಶುವೇದವೆಂಬ,,,ಬ,yes
ಬೆಳಕಿಗೆ,,,ೆ,yes
ಸಾಕ್ಷ್ಯಗಳ,,,ಳ,yes
ನಿಷ್ಕೃಷ್ಟವಾಗಿ,,,ಿ,yes
ತಿಳಿಯಲಾಗಿಲ್ಲ,,,ಲ,yes
ದೋಹಕ್ಕಿಂತ,,,ತ,yes
ಈಚಿನದೆಂದೂ,,,ೂ,yes
ಸಾರಳಾದಾಸನಿಗೆ,,,ೆ,yes
ಪುರ್ವದ್ದೆಂದೂ,,,ೂ,yes
ಗ್ರಂಥಗಳನ್ನು,,,ು,yes
ಪುರ್ವದವೆಂದು,,,ು,yes
ಹೇಳಲು,,,ು,yes
ಸರಿಯಾದ,,,ದ,yes
ಆಧಾರಗಳು,,,ು,yes
ಇಲ್ಲವಾದ್ದರಿಂದ,,,ದ,yes
ಸದ್ಯಕ್ಕೆ,,,ೆ,yes
ಇಷ್ಟು,,,ು,yes
ಪ್ರಭಾವ,,,ವ,yes
ಒರಿಯದಲ್ಲಿ,,,ಿ,yes
ಪ್ರಬಲವಾಗಿತ್ತಲ್ಲದೆ,,,ೆ,yes
ಪ್ರಾಂತೀಯ,,,ಯ,yes
ಜಾಗರೂಕತೆಯಿಂದ,,,ದ,yes
ಸ್ವರೂಪವನ್ನು,,,ು,yes
ಪಡೆಯುತ್ತಿತ್ತು,,,ು,yes
ಹೇಳಿದ,,,ದ,yes
ಗ್ರಂಥಗಳು,,,ು,yes
ಮುಗಿಯುತ್ತಿದ್ದಂತೆ,,,ೆ,yes
ಹುಟ್ಟಿದವೆನ್ನಬಹುದು,,,ು,yes
ಸಾರಳಾ,,,ಾ,yes
ಯುಗ,,,ಗ,yes
ಜನಕನೆಂದು,,,ು,yes
ಪ್ರಖ್ಯಾತನಾದ,,,ದ,yes
ಸಾರಳಾದಾಸ,,,ಸ,yes
ಒರಿಸ್ಸದ,,,ದ,yes
ಗಜಪತಿಯಾದ,,,ದ,yes
ಕಪಿಳೇಂದ್ರ,,,ರ,yes
ದೇವನ,,,ನ,yes
ಆಳ್ವಿಕೆಯಲ್ಲಿದ್ದವ,,,ವ,yes
ಬಿಲಂಕಾ,,,ಾ,yes
ಚಂಡೀ,,,ೀ,yes
ಪುರಾಣಗಳು,,,ು,yes
ಭಾಗಗಳಿವೆ,,,ೆ,yes
ಭಾರತಕ್ಕಿಂತ,,,ತ,yes
ವರ್ಣನೆಯಲ್ಲೂ,,,ೂ,yes
ಉದ್ದೇಶದಲ್ಲೂ,,,ೂ,yes
ಭಿನ್ನವಾಗಿದೆ,,,ೆ,yes
ದೈನಂದಿನ,,,ನ,yes
ಆಧರಿಸಿ,,,ಿ,yes
ಅಳವಡಿಸಿದ್ದಾನೆ,,,ೆ,yes
ಹೇರಳವಾಗಿ,,,ಿ,yes
ಜನಪ್ರೀತಿಯನ್ನು,,,ು,yes
ಗಳಿಸಿವೆ,,,ೆ,yes
ಪಾತ್ರಚಿತ್ರಣದಲ್ಲೂ,,,ೂ,yes
ಪ್ರಕೃತಿವರ್ಣನೆಯಲ್ಲೂ,,,ೂ,yes
ಸಾಮಥರ್ಯ್,,,್,yes
ವನ್ನು,,,ು,yes
ಪ್ರಕಟಿಸಿದ್ದಾನೆ,,,ೆ,yes
ಈತನ,,,ನ,yes
ವೈಷ್ಣವ,,,ವ,yes
ತತ್ತ್ವಗಳು,,,ು,yes
ಮಹಾಭಾರತದ,,,ದ,yes
ವಸ್ತುವಿನೊಂದಿಗೆ,,,ೆ,yes
ಮಿಳಿತವಾಗಿರುವುದು,,,ು,yes
ಕಂಡುಬರುತ್ತದೆ,,,ೆ,yes
ವರ್ಣನೆಗಳಲ್ಲಿ,,,ಿ,yes
ದೇಸೀಯತೆ,,,ೆ,yes
ಕಂಪಿಟ್ಟಿದೆ,,,ೆ,yes
ಸಂಸ್ಕೃತದ,,,ದ,yes
ಅದ್ಭುತರಾಮಾಯಣದ,,,ದ,yes
ತೋರುವ,,,ವ,yes
ಗ್ರಂಥವೆಂದು,,,ು,yes
ಅಭಿಪ್ರಾಯ,,,ಯ,yes
ಮಹಾತಾಯಿ,,,ಿ,yes
ಚಂಡಿಯ,,,ಯ,yes
ಪ್ರದರ್ಶಿಸಲು,,,ು,yes
ಪೌರಾಣಿಕ,,,ಕ,yes
ಚಂಡೀಪುರಾಣ,,,ಣ,yes
ಯಮದೇವತೆ,,,ೆ,yes
ತನ್ನನ್ನು,,,ು,yes
ಕೊಲ್ಲಲಾಗದ,,,ದ,yes
ಮಟ್ಟಿಗೆ,,,ೆ,yes
ಶಕ್ತಿವಂತನಾಗಿ,,,ಿ,yes
ಬೆಳೆದ,,,ದ,yes
ಮಹಿಷಾಸುರನನ್ನು,,,ು,yes
ದೇವತೆಗಳೆಲ್ಲರ,,,ರ,yes
ಪ್ರಾರ್ಥನಾಫಲವಾಗಿ,,,ಿ,yes
ಎದ್ದ,,,ದ,yes
ಕಿಚ್ಚಿನಿಂದ,,,ದ,yes
ಮೂಡಿಬಂದ,,,ದ,yes
ಮಹಿಷಾಸುರ,,,ರ,yes
ಮರ್ದಿನಿ,,,ಿ,yes
ನಿರ್ನಾಮ,,,ಮ,yes
ವಿಷಯ,,,ಯ,yes
ವರ್ಣಿತವಾಗಿದೆ,,,ೆ,yes
ಕೃತಿಗಳಲ್ಲೂ,,,ೂ,yes
ಯುದ್ಧದ,,,ದ,yes
ವರ್ಣನೆಗಳು,,,ು,yes
ವಿಪುಲವಾಗಿವೆ,,,ೆ,yes
ಜೀವಕಳೆಯಿಂದ,,,ದ,yes
ತುಂಬಿದ್ದು,,,ು,yes
ಓದುಗರ,,,ರ,yes
ಮನಸ್ಸಿನ,,,ನ,yes
ಆಯಾ,,,ಾ,yes
ದೃಶ್ಯಗಳನ್ನು,,,ು,yes
ಪರಿಣಾಮಕಾರಿಯಾಗಿ,,,ಿ,yes
ತಂದು,,,ು,yes
ನಿಲ್ಲಿಸಿಬಿಡುತ್ತವೆ,,,ೆ,yes
ರಾಜ್ಯವನ್ನು,,,ು,yes
ವಿಸ್ತರಿಸುವುದಕ್ಕಾಗಿ,,,ಿ,yes
ದೀರ್ಘಕಾಲದವರೆಗೂ,,,ೂ,yes
ಹೋರಾಟದಲ್ಲೇ,,,ೇ,yes
ತೊಡಗಿದ್ದ,,,ದ,yes
ಕಪಿಳೇಂದ್ರನ,,,ನ,yes
ಚಿತ್ರಿಸಿರುವ,,,ವ,yes
ಯುದ್ಧಗಳು,,,ು,yes
ಗಮನಾರ್ಹವಾಗಿವೆ,,,ೆ,yes
ತೀರಿಕೊಂಡ,,,ಡ,yes
ತರುಣದಲ್ಲೇ,,,ೇ,yes
ಕಲಸ,,,ಸ,yes
ಚೌತಿಸಾ,,,ಾ,yes
ರಚಿಸಿದ,,,ದ,yes
ಬಚ್ಛದಾಸನೆಂಬ,,,ಬ,yes
ಪ್ರವರ್ಧಮಾನಕ್ಕೆ,,,ೆ,yes
ಕೃತಿಯ,,,ಯ,yes
ಪಾರ್ವತೀಪರಮೇಶ್ವರರ,,,ರ,yes
ವಿವಾಹ,,,ಹ,yes
ಹಾಸ್ಯರಸ,,,ಸ,yes
ನಿರೂಪಣೆಯಲ್ಲಿ,,,ಿ,yes
ಚಾತುರ್ಯವನ್ನು,,,ು,yes
ಕಥಾನಾಯಕಿಯ,,,ಯ,yes
ವರ್ಣನೆಯಲ್ಲಿ,,,ಿ,yes
ವಿವಾಹಪ್ರಸಂಗದಲ್ಲಿ,,,ಿ,yes
ರೂಪವತಿಯರ,,,ರ,yes
ಪದ್ಧತಿಯ,,,ಯ,yes
ತಂದಿದ್ದಾನೆ,,,ೆ,yes
ಹೆಸರೆತ್ತಿ,,,ಿ,yes
ಹೇಳಬಹುದಾದ,,,ದ,yes
ಯಾವುದೆಂದರೆ,,,ೆ,yes
ದಾಮೋದರ,,,ರ,yes
ಪ್ರಣೀತವಾದ,,,ದ,yes
ರಾಸಕುಲ್ಯಾ,,,ಾ,yes
ರಾಧಾಕೃಷ್ಣರ,,,ರ,yes
ಪ್ರಣಯ,,,ಯ,yes
ವಿರಹದ,,,ದ,yes
ವರ್ಣನೆಯನ್ನು,,,ು,yes
ಓದುತ್ತಿರುವಾಗ,,,ಗ,yes
ಕರಗಿಹೋಗುತ್ತದೆ,,,ೆ,yes
ಅರ್ಜುನದಾಸನ,,,ನ,yes
ಬಿಭಾ,,,ಾ,yes
ರಾಮಚಂದ್ರ,,,ರ,yes
ಪರಶುರಾಮನನ್ನು,,,ು,yes
ಕಾಣುವ,,,ವ,yes
ಸಂದರ್ಭದವರೆಗಿನ,,,ನ,yes
ಕಥೆ,,,ೆ,yes
ಮುಖ್ಯವಸ್ತು,,,ು,yes
ರಾಮಾಯಣದಿಂದ,,,ದ,yes
ತೆಗೆದುಕೊಂಡದ್ದು,,,ು,yes
ಕೃತಿಗಳಿರಬೇಕು,,,ು,yes
ಖಚಿತವಾದ,,,ದ,yes
ಸಾಕ್ಷ್ಯಗಳಿಲ್ಲದ್ದರಿಂದ,,,ದ,yes
ವಿಮರ್ಶಕರು,,,ು,yes
ಅಂಥವನ್ನು,,,ು,yes
ಹೆಸರಿಸುವ,,,ವ,yes
ವಿಚಾರದಲ್ಲಿ,,,ಿ,yes
ಮೌನ,,,ನ,yes
ತಾಳಿದ್ದಾರೆ,,,ೆ,yes
ಪಂಚಸಖಾಯುಗ,,,ಗ,yes
ಕವಿಗಳ,,,ಳ,yes
ಕೈಯಲ್ಲಿ,,,ಿ,yes
ಪಡೆಯಿತು,,,ು,yes
ಕಾಲದಲ್ಲೂ,,,ೂ,yes
ಸಂಪ್ರದಾಯವಿತ್ತಾದರೂ,,,ೂ,yes
ಭಕ್ತನಾದ,,,ದ,yes
ಶ್ರೀಚೈತನ್ಯ,,,ಯ,yes
ಬಂಗಾಳದಿಂದ,,,ದ,yes
ಪುರಿಗೆ,,,ೆ,yes
ರಂಗು,,,ು,yes
ಪಂಥಕ್ಕಿಂತ,,,ತ,yes
ಭಿನ್ನವಾದ,,,ದ,yes
ಚೈತನ್ಯನ,,,ನ,yes
ಪಂಥ,,,ಥ,yes
ಅಲ್ಲಿನ,,,ನ,yes
ಬೀರಿತು,,,ು,yes
ಆದುದರಿಂದ,,,ದ,yes
ಪಂಥಗಳೂ,,,ೂ,yes
ಗೌಡೀಯ,,,ಯ,yes
ಪಂಥಗಳು,,,ು,yes
ಒರಿಸ್ಸದಲ್ಲಿ,,,ಿ,yes
ಕಾಲದಿಂದಲೂ,,,ೂ,yes
ಸ್ವೀಕೃತವಾದುವು,,,ು,yes
ಪುರಿಯ,,,ಯ,yes
ಅಧಿದೈವ,,,ವ,yes
ಜಗನ್ನಾಥ,,,ಥ,yes
ಹೊರಗಣ್ಣಿಂದ,,,ದ,yes
ಉಪದೇಶಕರನ್ನು,,,ು,yes
ತನ್ನತ್ತ,,,ತ,yes
ಸೆಳೆದನಲ್ಲದೆ,,,ೆ,yes
ಪಂಥಗಳ,,,ಳ,yes
ಭಕ್ತಿಮಾರ್ಗಗಳಿಗೂ,,,ೂ,yes
ಆಕರನಾದ,,,ದ,yes
ಪಂಚಸಖರೆಂದು,,,ು,yes
ಬಳರಾಮದಾಸ,,,ಸ,yes
ಜಗನ್ನಾಥದಾಸ,,,ಸ,yes
ಅಚ್ಯುತಾನಂದದಾಸ,,,ಸ,yes
ಜಸೋವಂತ,,,ತ,yes
ದಾಸ,,,ಸ,yes
ಅನಂತದಾಸ,,,ಸ,yes
ಐವರಿದ್ದರು,,,ು,yes
ಜನರಿಗೆ,,,ೆ,yes
ಉಪದೇಶಮಾಡಲು,,,ು,yes
ಒಂದುಗೂಡಿದ್ದರ,,,ರ,yes
ಶ್ರೀಮಂತವಾಯಿತು,,,ು,yes
ಬಳರಾಮದಾಸನ,,,ನ,yes
ದಾಂದಿ,,,ಿ,yes
ಜಗನ್ನಾಥದಾಸನ,,,ನ,yes
ಅಚ್ಯುತಾನಂದದಾಸನ,,,ನ,yes
ಎಂಬುವು,,,ು,yes
ರತ್ನಗಳು,,,ು,yes
ಇವುಗಳ,,,ಳ,yes
ಸಾಧುಗಳು,,,ು,yes
ಮತಪ್ರಚಾರಕ್ಕಾಗಿ,,,ಿ,yes
ರಚಿಸಿದರು,,,ು,yes
ಸಾಧುಗಳ,,,ಳ,yes
ಪ್ರಭುವೂ,,,ೂ,yes
ಕೃಷ್ಣನೂ,,,ೂ,yes
ವರ್ಣಿತರಾಗಿದ್ದಾರೆ,,,ೆ,yes
ಸಂತರ,,,ರ,yes
ದಿವ್ಯಶಕ್ತಿ,,,ಿ,yes
ನೆಲೆಸಿದೆ,,,ೆ,yes
ದೇಶದಲ್ಲೆಲ್ಲ,,,ಲ,yes
ಬೀರಿದೆ,,,ೆ,yes
ಸಮಸ್ಯೆಗಳೆಲ್ಲವನ್ನೂ,,,ೂ,yes
ಸರಳವೂ,,,ೂ,yes
ವಿಶದವೂ,,,ೂ,yes
ಜನಜೀವನದ,,,ದ,yes
ಉದಾಹರಣೆಗಳಿಂದ,,,ದ,yes
ಬಿಡಿಸಿದ್ದಾನೆ,,,ೆ,yes
ಗ್ರಂಥವೆನಿಸಿತ್ತೆಂದರೆ,,,ೆ,yes
ಗುಡಿಯಲ್ಲೋ,,,ೋ,yes
ಮಂದಿರದಲ್ಲೋ,,,ೋ,yes
ಇಟ್ಟು,,,ು,yes
ಪುಜಿಸುತ್ತಿದ್ದರು,,,ು,yes
ಗ್ರಾಮಗಳ,,,ಳ,yes
ಹುಡುಗರಿಗೆ,,,ೆ,yes
ಸಾಹಿತ್ಯವನ್ನು,,,ು,yes
ಕಲಿಸಲು,,,ು,yes
ಪಠ್ಯಪುಸ್ತಕವಾಗಿತ್ತು,,,ು,yes
ಹರಿವಂಶಗಳು,,,ು,yes
ವೃದ್ಧ,,,ಧ,yes
ಶಾಸ್ತ್ರಾಚರಣೆಗಳಲ್ಲಿ,,,ಿ,yes
ಪ್ರಾಶಸ್ತ್ಯಗಳಿಸಿದುವು,,,ು,yes
ಗ್ರಂಥಗಳಿಗಿಂತ,,,ತ,yes
ನಿಸ್ಸಂದೇಹವಾಗಿ,,,ಿ,yes
ಸಾಹಿತ್ಯದಲ್ಲಿ,,,ಿ,yes
ಗೀತಾ,,,ಾ,yes
ಸಂಹಿತಾ,,,ಾ,yes
ಮಳಿಕಾ,,,ಾ,yes
ಕೊಯಿಲೆ,,,ೆ,yes
ಮಾಹಾತ್ಮ್ಯ,,,ಯ,yes
ಸಂಬಾದ,,,ದ,yes
ಸಾಹಿತ್ಯಪ್ರಕಾರಗಳು,,,ು,yes
ಉದಿಸಿದುವು,,,ು,yes
ಗ್ರಂಥಗಳ,,,ಳ,yes
ರಚನೆಯಾಗಿ,,,ಿ,yes
ಜಾತಿಮತ,,,ತ,yes
ಭೇದವಿಲ್ಲದೆ,,,ೆ,yes
ಮಂದಿ,,,ಿ,yes
ಕಲಿತು,,,ು,yes
ಅವನ್ನು,,,ು,yes
ಓದುವಂತಾದುದು,,,ು,yes
ಧೋರಣೆ,,,ೆ,yes
ಅರಸನಾದ,,,ದ,yes
ಪ್ರತಾಪರುದ್ರದೇವ,,,ವ,yes
ವೈಷ್ಣವಭಾವನೆಯಿಂದ,,,ದ,yes
ಪ್ರಭಾವಿತನಾಗಿದ್ದ,,,ದ,yes
ಆಗಿನಿಂದ,,,ದ,yes
ಮತ,,,ತ,yes
ಹರಡಿದ್ದರ,,,ರ,yes
ಸೈನಿಕರು,,,ು,yes
ಕಾದುವುದರಲ್ಲಿ,,,ಿ,yes
ಅನಾಸ್ಥೆಯನ್ನು,,,ು,yes
ತಾಳಿ,,,ಿ,yes
ಶತ್ರುಗಳ,,,ಳ,yes
ಆಕ್ರಮಣಕ್ಕೆ,,,ೆ,yes
ಅವಕಾಶ,,,ಶ,yes
ಕೊಡುವಂತಾದರೆಂದು,,,ು,yes
ಅಪವಾದವಿದೆ,,,ೆ,yes
ಕೇಶವ,,,ವ,yes
ಕೊಯಿಲಿ,,,ಿ,yes
ಕೃಷ್ಣನ,,,ನ,yes
ಅಗಲಿಕೆಯನ್ನು,,,ು,yes
ತಾಳದೆ,,,ೆ,yes
ಯಶೋದೆ,,,ೆ,yes
ಪಟ್ಟ,,,ಟ,yes
ಪರಿತಾಪವನ್ನು,,,ು,yes
ವರ್ಣಿಸುವ,,,ವ,yes
ಕಾರಣಕ್ಕಾಗಿಯೇ,,,ೇ,yes
ಜನಪ್ರಿಯವಾಗಿದೆ,,,ೆ,yes
ಪಂಚಸಖರಿದ್ದ,,,ದ,yes
ಕಾಲದಲ್ಲೋ,,,ೋ,yes
ತರುವಾಯವೋ,,,ೋ,yes
ರಚಿತವಾದುದೆಂದು,,,ು,yes
ಭಾವಿಸಲಾಗಿದೆ,,,ೆ,yes
ಕವಿಯಾದ,,,ದ,yes
ಮಾರ್ಕಂಡದಾಸನ,,,ನ,yes
ವಿಚಾರವಾಗಿ,,,ಿ,yes
ಸಂಗತಿಯೂ,,,ೂ,yes
ತಿಳಿದುಬಂದಿಲ್ಲ,,,ಲ,yes
ಗಜಪತಿ,,,ಿ,yes
ಪ್ರತಾಪರುದ್ರನ,,,ನ,yes
ಕಾಲದಲ್ಲಿದ್ದ,,,ದ,yes
ರಾಯ,,,ಯ,yes
ರಮಾನಂದ,,,ದ,yes
ಬ್ರಜಬೋಲಿಯಲ್ಲಿ,,,ಿ,yes
ಭಾವಗೀತೆಗಳನ್ನು,,,ು,yes
ಚೈತನ್ಯದೇವನ,,,ನ,yes
ತತ್ತ್ವವನ್ನು,,,ು,yes
ಅನಕ್ಷರಸ್ಥರಾದ,,,ದ,yes
ಹಳ್ಳಿಯ,,,ಯ,yes
ಜನರಲ್ಲಿ,,,ಿ,yes
ಹರಡಲು,,,ು,yes
ಹೆಜ್ಜೆಯೆನಿಸಿತು,,,ು,yes
ರಾಮಾನಂದನ,,,ನ,yes
ಸಮಕಾಲೀನಳಾದ,,,ದ,yes
ಮಾಧಬಿ,,,ಿ,yes
ದಾಸಿ,,,ಿ,yes
ರಚಿಸಿದಳೆಂದು,,,ು,yes
ಹೇಳಲಾಗಿದೆ,,,ೆ,yes
ಪಂಥದ,,,ದ,yes
ದಿವಾಕರದಾಸನೆಂಬಾತ,,,ತ,yes
ಜಗನ್ನಾಥದಾಸನೆಂಬ,,,ಬ,yes
ಮಹಾ,,,ಾ,yes
ಭಕ್ತನ,,,ನ,yes
ಜೀವನಚರಿತ್ರೆಯಾದ,,,ದ,yes
ಜಗನ್ನಾಥಚರಿತಾಮೃತವನ್ನು,,,ು,yes
ಆದಿಭಾಗದಲ್ಲಿದ್ದ,,,ದ,yes
ಶಿಶು,,,ು,yes
ಶಂಕರದಾಸ,,,ಸ,yes
ಉಷಾಬಿಲಾಸ,,,ಸ,yes
ಕೃತಿಯನ್ನು,,,ು,yes
ಬಾಣಾಸುರನ,,,ನ,yes
ಮಗಳಾದ,,,ದ,yes
ಉಷೆ,,,ೆ,yes
